order_id,event_id,customer_id,product_id,order_date,status,revenue,quantity
O0000001,E0000001,C0066,P034,2026-01-01,completed,216.15,1
O0000002,E0000002,C0463,P058,2026-01-01,completed,225.73,1
O0000003,E0000003,C0470,P029,2026-01-01,returned,312.6,1
O0000004,E0000004,C0437,P004,2026-01-01,completed,854.79,1
O0000005,E0000005,C0083,P014,2026-01-01,completed,22.1,1
O0000006,E0000006,C0391,P078,2026-01-01,completed,476.6,1
O0000007,E0000007,C0102,P068,2026-01-01,completed,632.01,1
O0000008,E0000008,C0441,P015,2026-01-01,completed,161.06,1
O0000009,E0000009,C0426,P030,2026-01-01,completed,923.05,1
O0000010,E0000010,C0384,P013,2026-01-01,completed,646.54,1
O0000011,E0000011,C0443,P061,2026-01-01,completed,262.32,1
O0000012,E0000012,C0126,P048,2026-01-01,completed,490.55,1
O0000013,E0000013,C0053,P046,2026-01-01,returned,767.7,1
O0000014,E0000014,C0159,P077,2026-01-01,completed,382.64,1
O0000015,E0000015,C0118,P062,2026-01-01,completed,87.81,1
O0000016,E0000016,C0274,P036,2026-01-01,completed,209.27,1
O0000017,E0000017,C0360,P024,2026-01-01,completed,71.05,1
O0000018,E0000018,C0072,P024,2026-01-01,completed,86.95,1
O0000019,E0000019,C0430,P004,2026-01-01,completed,875.71,1
O0000020,E0000020,C0582,P044,2026-01-01,completed,326.42,1
O0000021,E0000021,C0084,P011,2026-01-01,returned,31.45,1
O0000022,E0000022,C0425,P057,2026-01-01,completed,797.32,1
O0000023,E0000023,C0114,P028,2026-01-01,completed,191.97,1
O0000024,E0000024,C0226,P076,2026-01-01,completed,81.78,1
O0000025,E0000025,C0141,P077,2026-01-01,completed,404.96,1
O0000026,E0000026,C0441,P033,2026-01-01,completed,594.97,1
O0000027,E0000027,C0074,P017,2026-01-01,completed,659.09,1
O0000028,E0000028,C0321,P006,2026-01-01,completed,230.77,1
O0000029,E0000029,C0297,P055,2026-01-01,completed,638.94,1
O0000030,E0000030,C0371,P052,2026-01-01,completed,780.66,1
O0000031,E0000031,C0537,P056,2026-01-01,completed,746.55,1
O0000032,E0000032,C0342,P051,2026-01-01,returned,88.5,1
O0000033,E0000033,C0358,P022,2026-01-01,completed,328.54,1
O0000034,E0000034,C0178,P019,2026-01-01,completed,249.79,1
O0000035,E0000035,C0506,P020,2026-01-01,completed,134.68,1
O0000036,E0000036,C0324,P073,2026-01-01,completed,425.07,1
O0000037,E0000037,C0282,P057,2026-01-01,completed,585.68,1
O0000038,E0000038,C0463,P008,2026-01-01,completed,538.96,1
O0000039,E0000039,C0520,P008,2026-01-01,completed,151.62,1
O0000040,E0000040,C0461,P060,2026-01-01,completed,75.68,1
O0000041,E0000041,C0514,P074,2026-01-01,completed,319.98,1
O0000042,E0000042,C0087,P008,2026-01-01,completed,579.49,1
O0000043,E0000043,C0537,P023,2026-01-01,completed,364.11,1
O0000044,E0000044,C0397,P079,2026-01-01,completed,456.76,1
O0000045,E0000045,C0068,P044,2026-01-01,completed,282.72,1
O0000046,E0000046,C0154,P013,2026-01-01,completed,671.25,1
O0000047,E0000047,C0318,P011,2026-01-01,completed,93.61,1
O0000048,E0000048,C0318,P051,2026-01-01,completed,43.56,1
O0000049,E0000049,C0540,P049,2026-01-01,completed,82.67,1
O0000050,E0000050,C0185,P055,2026-01-01,completed,337.31,1
O0000051,E0000051,C0141,P044,2026-01-01,returned,237.24,1
O0000052,E0000052,C0345,P010,2026-01-01,completed,270.12,1
O0000053,E0000053,C0186,P080,2026-01-01,completed,81.35,1
O0000054,E0000054,C0045,P080,2026-01-01,completed,145.54,1
O0000055,E0000055,C0292,P047,2026-01-01,completed,763.13,1
O0000056,E0000056,C0199,P058,2026-01-01,completed,787.19,1
O0000057,E0000057,C0392,P074,2026-01-01,cancelled,257.26,1
O0000058,E0000058,C0142,P068,2026-01-01,completed,265.06,1
O0000059,E0000059,C0568,P033,2026-01-01,completed,538.44,1
O0000060,E0000060,C0292,P014,2026-01-01,completed,18.67,1
O0000061,E0000061,C0448,P021,2026-01-01,completed,364.2,1
O0000062,E0000062,C0425,P029,2026-01-01,completed,156.74,1
O0000063,E0000063,C0384,P051,2026-01-01,completed,34.73,1
O0000064,E0000064,C0150,P004,2026-01-01,completed,525.34,1
O0000065,E0000065,C0481,P005,2026-01-01,completed,69.72,1
O0000066,E0000066,C0221,P079,2026-01-01,completed,389.63,1
O0000067,E0000067,C0114,P020,2026-01-01,completed,277.83,1
O0000068,E0000068,C0430,P037,2026-01-01,completed,339.7,1
O0000069,E0000069,C0549,P080,2026-01-01,completed,141.09,1
O0000070,E0000070,C0440,P066,2026-01-01,completed,749.58,1
O0000071,E0000071,C0088,P079,2026-01-01,completed,334.65,1
O0000072,E0000072,C0400,P047,2026-01-01,completed,220.34,1
O0000073,E0000073,C0260,P061,2026-01-01,completed,644.46,1
O0000074,E0000074,C0107,P003,2026-01-01,completed,343.01,1
O0000075,E0000075,C0361,P075,2026-01-01,completed,175.55,1
O0000076,E0000076,C0491,P044,2026-01-01,completed,404.54,1
O0000077,E0000077,C0038,P024,2026-01-01,completed,66.98,1
O0000078,E0000078,C0324,P026,2026-01-01,completed,186.93,1
O0000079,E0000079,C0260,P040,2026-01-01,completed,82.31,1
O0000080,E0000080,C0340,P025,2026-01-02,completed,208.26,1
O0000081,E0000081,C0451,P016,2026-01-02,completed,845.89,1
O0000082,E0000082,C0377,P050,2026-01-02,completed,279.34,1
O0000083,E0000083,C0081,P067,2026-01-02,completed,109.83,1
O0000084,E0000084,C0329,P078,2026-01-02,cancelled,491.37,1
O0000085,E0000085,C0437,P011,2026-01-02,completed,135.7,1
O0000086,E0000086,C0446,P057,2026-01-02,completed,472.4,1
O0000087,E0000087,C0526,P008,2026-01-02,completed,538.22,1
O0000088,E0000088,C0036,P021,2026-01-02,cancelled,508.89,1
O0000089,E0000089,C0393,P009,2026-01-02,completed,651.52,1
O0000090,E0000090,C0381,P005,2026-01-02,completed,98.15,1
O0000091,E0000091,C0322,P010,2026-01-02,completed,964.65,1
O0000092,E0000092,C0512,P036,2026-01-02,completed,299.15,1
O0000093,E0000093,C0457,P050,2026-01-02,returned,201.52,1
O0000094,E0000094,C0205,P079,2026-01-02,completed,774.72,1
O0000095,E0000095,C0090,P018,2026-01-02,completed,733.78,1
O0000096,E0000096,C0308,P041,2026-01-02,completed,381.17,1
O0000097,E0000097,C0371,P021,2026-01-02,completed,367.37,1
O0000098,E0000098,C0243,P029,2026-01-02,completed,228.09,1
O0000099,E0000099,C0479,P064,2026-01-02,completed,83.62,1
O0000100,E0000100,C0317,P071,2026-01-02,completed,224.59,1
O0000101,E0000101,C0129,P062,2026-01-02,completed,40.43,1
O0000102,E0000102,C0132,P010,2026-01-02,completed,774.07,1
O0000103,E0000103,C0444,P071,2026-01-02,completed,323.46,1
O0000104,E0000104,C0169,P008,2026-01-02,completed,509.82,1
O0000105,E0000105,C0081,P042,2026-01-02,returned,378.21,1
O0000106,E0000106,C0311,P026,2026-01-02,completed,445.86,1
O0000107,E0000107,C0176,P069,2026-01-02,completed,53.22,1
O0000108,E0000108,C0030,P080,2026-01-02,completed,45.32,1
O0000109,E0000109,C0216,P006,2026-01-02,returned,795.69,1
O0000110,E0000110,C0559,P074,2026-01-02,completed,372.16,1
O0000111,E0000111,C0305,P039,2026-01-02,completed,154.88,1
O0000112,E0000112,C0496,P010,2026-01-02,completed,798.36,1
O0000113,E0000113,C0354,P027,2026-01-02,completed,452.79,1
O0000114,E0000114,C0327,P017,2026-01-02,completed,201.89,1
O0000115,E0000115,C0100,P060,2026-01-02,completed,121.75,1
O0000116,E0000116,C0255,P038,2026-01-02,returned,1080.74,1
O0000117,E0000117,C0195,P021,2026-01-02,completed,552.44,1
O0000118,E0000118,C0316,P021,2026-01-02,completed,615.97,1
O0000119,E0000119,C0247,P003,2026-01-02,completed,818.02,1
O0000120,E0000120,C0482,P075,2026-01-02,completed,601.05,1
O0000121,E0000121,C0271,P069,2026-01-02,completed,40.69,1
O0000122,E0000122,C0053,P047,2026-01-02,completed,815.74,1
O0000123,E0000123,C0396,P072,2026-01-02,completed,29.73,1
O0000124,E0000124,C0132,P058,2026-01-02,completed,201.08,1
O0000125,E0000125,C0148,P051,2026-01-02,completed,146.24,1
O0000126,E0000126,C0040,P078,2026-01-02,completed,192.79,1
O0000127,E0000127,C0528,P043,2026-01-02,completed,76.51,1
O0000128,E0000128,C0307,P042,2026-01-02,returned,529.64,1
O0000129,E0000129,C0577,P044,2026-01-02,completed,479.75,1
O0000130,E0000130,C0427,P061,2026-01-02,completed,212.84,1
O0000131,E0000131,C0486,P040,2026-01-02,completed,18.5,1
O0000132,E0000132,C0175,P075,2026-01-02,completed,841.7,1
O0000133,E0000133,C0033,P080,2026-01-02,completed,81.49,1
O0000134,E0000134,C0156,P015,2026-01-02,completed,292.42,1
O0000135,E0000135,C0064,P027,2026-01-02,completed,819.22,1
O0000136,E0000136,C0539,P018,2026-01-02,completed,772.23,1
O0000137,E0000137,C0560,P041,2026-01-02,cancelled,340.37,1
O0000138,E0000138,C0286,P034,2026-01-02,completed,331.93,1
O0000139,E0000139,C0296,P039,2026-01-02,completed,124.2,1
O0000140,E0000140,C0358,P027,2026-01-02,completed,721.6,1
O0000141,E0000141,C0405,P036,2026-01-02,completed,756.63,1
O0000142,E0000142,C0044,P045,2026-01-02,cancelled,751.1,1
O0000143,E0000143,C0491,P011,2026-01-02,completed,109.55,1
O0000144,E0000144,C0141,P026,2026-01-02,completed,582.81,1
O0000145,E0000145,C0544,P079,2026-01-02,completed,142.07,1
O0000146,E0000146,C0103,P030,2026-01-02,completed,767.18,1
O0000147,E0000147,C0417,P018,2026-01-02,completed,384.25,1
O0000148,E0000148,C0329,P061,2026-01-02,completed,584.42,1
O0000149,E0000149,C0548,P008,2026-01-02,returned,271.9,1
O0000150,E0000150,C0038,P005,2026-01-02,returned,51.12,1
O0000151,E0000151,C0039,P051,2026-01-02,completed,101.42,1
O0000152,E0000152,C0292,P039,2026-01-02,completed,82.82,1
O0000153,E0000153,C0517,P070,2026-01-02,completed,161.52,1
O0000154,E0000154,C0470,P035,2026-01-02,completed,375.61,1
O0000155,E0000155,C0303,P033,2026-01-02,completed,419.15,1
O0000156,E0000156,C0438,P025,2026-01-02,completed,831.05,1
O0000157,E0000157,C0144,P042,2026-01-02,completed,312.61,1
O0000158,E0000158,C0242,P042,2026-01-02,returned,444.69,1
O0000159,E0000159,C0268,P035,2026-01-02,cancelled,208.26,1
O0000160,E0000160,C0477,P047,2026-01-03,completed,172.82,1
O0000161,E0000161,C0121,P021,2026-01-03,completed,459.34,1
O0000162,E0000162,C0490,P038,2026-01-03,completed,400.71,1
O0000163,E0000163,C0563,P059,2026-01-03,completed,87.94,1
O0000164,E0000164,C0254,P061,2026-01-03,completed,518.29,1
O0000165,E0000165,C0541,P077,2026-01-03,returned,755.67,1
O0000166,E0000166,C0561,P047,2026-01-03,completed,224.24,1
O0000167,E0000167,C0336,P065,2026-01-03,completed,114.31,1
O0000168,E0000168,C0094,P067,2026-01-03,completed,148.28,1
O0000169,E0000169,C0526,P066,2026-01-03,completed,358.37,1
O0000170,E0000170,C0023,P059,2026-01-03,completed,64.57,1
O0000171,E0000171,C0047,P033,2026-01-03,completed,202.09,1
O0000172,E0000172,C0071,P045,2026-01-03,completed,223.22,1
O0000173,E0000173,C0431,P061,2026-01-03,completed,434.34,1
O0000174,E0000174,C0385,P049,2026-01-03,completed,215.16,1
O0000175,E0000175,C0183,P070,2026-01-03,completed,79.83,1
O0000176,E0000176,C0004,P051,2026-01-03,completed,87.83,1
O0000177,E0000177,C0545,P003,2026-01-03,cancelled,846.29,1
O0000178,E0000178,C0194,P030,2026-01-03,completed,556.43,1
O0000179,E0000179,C0247,P015,2026-01-03,completed,80.86,1
O0000180,E0000180,C0251,P009,2026-01-03,completed,158.67,1
O0000181,E0000181,C0058,P006,2026-01-03,completed,411.64,1
O0000182,E0000182,C0592,P065,2026-01-03,cancelled,147.47,1
O0000183,E0000183,C0424,P042,2026-01-03,completed,340.81,1
O0000184,E0000184,C0438,P036,2026-01-03,completed,442.85,1
O0000185,E0000185,C0538,P064,2026-01-03,completed,100.77,1
O0000186,E0000186,C0551,P054,2026-01-03,completed,297.2,1
O0000187,E0000187,C0475,P031,2026-01-03,completed,396.39,1
O0000188,E0000188,C0398,P008,2026-01-03,completed,411.2,1
O0000189,E0000189,C0380,P033,2026-01-03,completed,774.56,1
O0000190,E0000190,C0387,P069,2026-01-03,completed,63.96,1
O0000191,E0000191,C0573,P078,2026-01-03,completed,453.35,1
O0000192,E0000192,C0016,P062,2026-01-03,completed,128.28,1
O0000193,E0000193,C0249,P025,2026-01-03,cancelled,583.58,1
O0000194,E0000194,C0566,P078,2026-01-03,completed,366.8,1
O0000195,E0000195,C0316,P037,2026-01-03,completed,629.67,1
O0000196,E0000196,C0481,P047,2026-01-03,completed,217.39,1
O0000197,E0000197,C0047,P041,2026-01-03,returned,434.46,1
O0000198,E0000198,C0303,P029,2026-01-03,completed,410.02,1
O0000199,E0000199,C0512,P026,2026-01-03,completed,410.82,1
O0000200,E0000200,C0472,P044,2026-01-03,completed,549.84,1
O0000201,E0000201,C0189,P046,2026-01-03,completed,701.64,1
O0000202,E0000202,C0077,P070,2026-01-03,cancelled,82.94,1
O0000203,E0000203,C0070,P007,2026-01-03,completed,301.01,1
O0000204,E0000204,C0062,P020,2026-01-03,completed,188.75,1
O0000205,E0000205,C0007,P079,2026-01-03,returned,174.08,1
O0000206,E0000206,C0549,P071,2026-01-03,completed,440.82,1
O0000207,E0000207,C0184,P003,2026-01-03,completed,941.48,1
O0000208,E0000208,C0363,P013,2026-01-03,completed,622.67,1
O0000209,E0000209,C0579,P051,2026-01-03,completed,192.93,1
O0000210,E0000210,C0033,P029,2026-01-03,completed,153.21,1
O0000211,E0000211,C0010,P052,2026-01-03,completed,217.98,1
O0000212,E0000212,C0580,P022,2026-01-03,completed,539.11,1
O0000213,E0000213,C0217,P013,2026-01-03,returned,565.98,1
O0000214,E0000214,C0288,P073,2026-01-03,completed,114.2,1
O0000215,E0000215,C0017,P070,2026-01-03,completed,159.76,1
O0000216,E0000216,C0079,P076,2026-01-03,completed,349.05,1
O0000217,E0000217,C0554,P021,2026-01-03,completed,630.93,1
O0000218,E0000218,C0513,P050,2026-01-03,completed,68.03,1
O0000219,E0000219,C0349,P045,2026-01-03,completed,212.49,1
O0000220,E0000220,C0031,P079,2026-01-03,cancelled,462.21,1
O0000221,E0000221,C0365,P035,2026-01-03,completed,448.65,1
O0000222,E0000222,C0088,P049,2026-01-03,completed,195.07,1
O0000223,E0000223,C0085,P080,2026-01-03,completed,38.03,1
O0000224,E0000224,C0399,P020,2026-01-03,completed,142.26,1
O0000225,E0000225,C0456,P047,2026-01-03,completed,500.95,1
O0000226,E0000226,C0460,P035,2026-01-03,completed,740.26,1
O0000227,E0000227,C0363,P072,2026-01-03,completed,23.59,1
O0000228,E0000228,C0013,P012,2026-01-03,completed,643.72,1
O0000229,E0000229,C0586,P053,2026-01-03,completed,162.22,1
O0000230,E0000230,C0309,P022,2026-01-03,completed,391.62,1
O0000231,E0000231,C0432,P064,2026-01-03,completed,68.78,1
O0000232,E0000232,C0508,P062,2026-01-03,completed,67.08,1
O0000233,E0000233,C0007,P079,2026-01-03,completed,395.97,1
O0000234,E0000234,C0451,P043,2026-01-03,completed,107.3,1
O0000235,E0000235,C0308,P056,2026-01-03,completed,496.38,1
O0000236,E0000236,C0182,P078,2026-01-03,returned,496.92,1
O0000237,E0000237,C0590,P041,2026-01-03,completed,505.05,1
O0000238,E0000238,C0374,P032,2026-01-03,completed,827.3,1
O0000239,E0000239,C0564,P073,2026-01-03,completed,358.31,1
O0000240,E0000240,C0071,P060,2026-01-04,returned,161.51,1
O0000241,E0000241,C0248,P053,2026-01-04,completed,251.08,1
O0000242,E0000242,C0460,P020,2026-01-04,completed,71.28,1
O0000243,E0000243,C0557,P062,2026-01-04,completed,145.87,1
O0000244,E0000244,C0112,P047,2026-01-04,completed,249.66,1
O0000245,E0000245,C0577,P032,2026-01-04,completed,214.93,1
O0000246,E0000246,C0109,P052,2026-01-04,cancelled,783.39,1
O0000247,E0000247,C0457,P013,2026-01-04,completed,475.11,1
O0000248,E0000248,C0354,P051,2026-01-04,completed,86.02,1
O0000249,E0000249,C0119,P062,2026-01-04,completed,34.47,1
O0000250,E0000250,C0534,P019,2026-01-04,completed,277.51,1
O0000251,E0000251,C0327,P045,2026-01-04,completed,850.42,1
O0000252,E0000252,C0352,P039,2026-01-04,completed,37.22,1
O0000253,E0000253,C0529,P014,2026-01-04,completed,31.21,1
O0000254,E0000254,C0238,P071,2026-01-04,completed,782.21,1
O0000255,E0000255,C0406,P052,2026-01-04,completed,725.25,1
O0000256,E0000256,C0399,P079,2026-01-04,returned,632.4,1
O0000257,E0000257,C0592,P028,2026-01-04,completed,65.61,1
O0000258,E0000258,C0117,P069,2026-01-04,completed,91.65,1
O0000259,E0000259,C0402,P063,2026-01-04,completed,578.67,1
O0000260,E0000260,C0305,P015,2026-01-04,completed,174.83,1
O0000261,E0000261,C0121,P079,2026-01-04,completed,525.17,1
O0000262,E0000262,C0524,P040,2026-01-04,completed,31.46,1
O0000263,E0000263,C0191,P054,2026-01-04,completed,679.3,1
O0000264,E0000264,C0569,P069,2026-01-04,completed,53.32,1
O0000265,E0000265,C0055,P063,2026-01-04,completed,463.14,1
O0000266,E0000266,C0394,P046,2026-01-04,cancelled,315.56,1
O0000267,E0000267,C0426,P065,2026-01-04,completed,215.13,1
O0000268,E0000268,C0226,P057,2026-01-04,completed,161.27,1
O0000269,E0000269,C0469,P005,2026-01-04,completed,61.42,1
O0000270,E0000270,C0275,P064,2026-01-04,completed,22.24,1
O0000271,E0000271,C0452,P070,2026-01-04,completed,63.98,1
O0000272,E0000272,C0305,P028,2026-01-04,cancelled,95.35,1
O0000273,E0000273,C0450,P005,2026-01-04,completed,28.02,1
O0000274,E0000274,C0439,P016,2026-01-04,completed,572.88,1
O0000275,E0000275,C0061,P079,2026-01-04,completed,279.17,1
O0000276,E0000276,C0332,P045,2026-01-04,completed,457.92,1
O0000277,E0000277,C0139,P038,2026-01-04,completed,205.4,1
O0000278,E0000278,C0136,P053,2026-01-04,returned,248.35,1
O0000279,E0000279,C0502,P019,2026-01-04,completed,691.92,1
O0000280,E0000280,C0463,P074,2026-01-04,completed,370.33,1
O0000281,E0000281,C0466,P012,2026-01-04,completed,475.85,1
O0000282,E0000282,C0470,P042,2026-01-04,completed,169.9,1
O0000283,E0000283,C0224,P046,2026-01-04,completed,724.19,1
O0000284,E0000284,C0346,P028,2026-01-04,completed,161.28,1
O0000285,E0000285,C0050,P074,2026-01-04,completed,305.44,1
O0000286,E0000286,C0128,P013,2026-01-04,completed,273.82,1
O0000287,E0000287,C0208,P021,2026-01-04,completed,467.99,1
O0000288,E0000288,C0096,P017,2026-01-04,returned,545.36,1
O0000289,E0000289,C0054,P047,2026-01-04,completed,409.08,1
O0000290,E0000290,C0094,P040,2026-01-04,completed,74.95,1
O0000291,E0000291,C0232,P013,2026-01-04,completed,467.58,1
O0000292,E0000292,C0433,P057,2026-01-04,completed,219.16,1
O0000293,E0000293,C0105,P017,2026-01-04,completed,174.91,1
O0000294,E0000294,C0137,P041,2026-01-04,completed,418.9,1
O0000295,E0000295,C0451,P019,2026-01-04,completed,308.57,1
O0000296,E0000296,C0454,P028,2026-01-04,completed,196.11,1
O0000297,E0000297,C0394,P028,2026-01-04,completed,47.62,1
O0000298,E0000298,C0087,P055,2026-01-04,completed,362.27,1
O0000299,E0000299,C0028,P071,2026-01-04,completed,629.98,1
O0000300,E0000300,C0402,P039,2026-01-04,completed,71.14,1
O0000301,E0000301,C0507,P007,2026-01-04,completed,357.36,1
O0000302,E0000302,C0541,P015,2026-01-04,completed,80.08,1
O0000303,E0000303,C0397,P002,2026-01-04,cancelled,281.11,1
O0000304,E0000304,C0483,P073,2026-01-04,completed,296.69,1
O0000305,E0000305,C0221,P010,2026-01-04,completed,568.37,1
O0000306,E0000306,C0514,P008,2026-01-04,returned,481.24,1
O0000307,E0000307,C0285,P054,2026-01-04,completed,313.01,1
O0000308,E0000308,C0550,P040,2026-01-04,completed,40.08,1
O0000309,E0000309,C0318,P051,2026-01-04,completed,44.57,1
O0000310,E0000310,C0251,P056,2026-01-04,completed,246.89,1
O0000311,E0000311,C0317,P056,2026-01-04,completed,223.5,1
O0000312,E0000312,C0168,P023,2026-01-04,completed,91.04,1
O0000313,E0000313,C0171,P045,2026-01-04,completed,744.41,1
O0000314,E0000314,C0031,P017,2026-01-04,completed,235.71,1
O0000315,E0000315,C0509,P055,2026-01-04,completed,115.56,1
O0000316,E0000316,C0377,P066,2026-01-04,completed,453.03,1
O0000317,E0000317,C0234,P033,2026-01-04,completed,214.74,1
O0000318,E0000318,C0251,P066,2026-01-04,completed,264.8,1
O0000319,E0000319,C0037,P061,2026-01-04,completed,543.54,1
O0000320,E0000320,C0278,P054,2026-01-05,completed,433.85,1
O0000321,E0000321,C0184,P010,2026-01-05,completed,195.26,1
O0000322,E0000322,C0477,P067,2026-01-05,cancelled,41.47,1
O0000323,E0000323,C0567,P037,2026-01-05,completed,188.21,1
O0000324,E0000324,C0249,P002,2026-01-05,completed,315.82,1
O0000325,E0000325,C0560,P048,2026-01-05,completed,317.58,1
O0000326,E0000326,C0239,P032,2026-01-05,completed,277.61,1
O0000327,E0000327,C0344,P045,2026-01-05,completed,238.91,1
O0000328,E0000328,C0211,P049,2026-01-05,completed,49.77,1
O0000329,E0000329,C0287,P031,2026-01-05,completed,532.34,1
O0000330,E0000330,C0382,P006,2026-01-05,returned,1116.83,1
O0000331,E0000331,C0077,P011,2026-01-05,completed,150.53,1
O0000332,E0000332,C0243,P073,2026-01-05,completed,312.56,1
O0000333,E0000333,C0335,P034,2026-01-05,completed,931.93,1
O0000334,E0000334,C0140,P058,2026-01-05,completed,358.87,1
O0000335,E0000335,C0478,P075,2026-01-05,completed,620.82,1
O0000336,E0000336,C0463,P053,2026-01-05,completed,188.17,1
O0000337,E0000337,C0312,P060,2026-01-05,completed,102.41,1
O0000338,E0000338,C0152,P078,2026-01-05,completed,669.77,1
O0000339,E0000339,C0307,P032,2026-01-05,cancelled,219.41,1
O0000340,E0000340,C0570,P023,2026-01-05,completed,316.78,1
O0000341,E0000341,C0125,P071,2026-01-05,completed,373.6,1
O0000342,E0000342,C0203,P008,2026-01-05,completed,413.54,1
O0000343,E0000343,C0597,P052,2026-01-05,completed,225.75,1
O0000344,E0000344,C0203,P034,2026-01-05,returned,155.26,1
O0000345,E0000345,C0126,P057,2026-01-05,completed,486.45,1
O0000346,E0000346,C0405,P060,2026-01-05,completed,299.21,1
O0000347,E0000347,C0220,P004,2026-01-05,completed,625.15,1
O0000348,E0000348,C0036,P024,2026-01-05,completed,41.09,1
O0000349,E0000349,C0422,P080,2026-01-05,completed,184.69,1
O0000350,E0000350,C0141,P071,2026-01-05,completed,613.18,1
O0000351,E0000351,C0557,P026,2026-01-05,completed,496.34,1
O0000352,E0000352,C0492,P003,2026-01-05,cancelled,731.66,1
O0000353,E0000353,C0398,P063,2026-01-05,completed,419.92,1
O0000354,E0000354,C0288,P024,2026-01-05,completed,22.04,1
O0000355,E0000355,C0164,P061,2026-01-05,completed,510.78,1
O0000356,E0000356,C0225,P032,2026-01-05,completed,205.33,1
O0000357,E0000357,C0181,P050,2026-01-05,completed,189.96,1
O0000358,E0000358,C0029,P076,2026-01-05,completed,252.95,1
O0000359,E0000359,C0505,P046,2026-01-05,returned,327.38,1
O0000360,E0000360,C0239,P040,2026-01-05,completed,13.09,1
O0000361,E0000361,C0207,P029,2026-01-05,completed,394.03,1
O0000362,E0000362,C0061,P017,2026-01-05,completed,510.15,1
O0000363,E0000363,C0539,P019,2026-01-05,completed,179.24,1
O0000364,E0000364,C0104,P047,2026-01-05,cancelled,818.88,1
O0000365,E0000365,C0499,P039,2026-01-05,completed,165.79,1
O0000366,E0000366,C0229,P041,2026-01-05,completed,423.49,1
O0000367,E0000367,C0131,P076,2026-01-05,completed,214.44,1
O0000368,E0000368,C0582,P001,2026-01-05,returned,567.2,1
O0000369,E0000369,C0580,P024,2026-01-05,completed,50.51,1
O0000370,E0000370,C0356,P064,2026-01-05,completed,60.64,1
O0000371,E0000371,C0458,P022,2026-01-05,completed,564.8,1
O0000372,E0000372,C0263,P034,2026-01-05,completed,635.14,1
O0000373,E0000373,C0430,P014,2026-01-05,completed,58.36,1
O0000374,E0000374,C0104,P053,2026-01-05,completed,380.22,1
O0000375,E0000375,C0167,P062,2026-01-05,completed,74.41,1
O0000376,E0000376,C0327,P010,2026-01-05,completed,185.64,1
O0000377,E0000377,C0165,P014,2026-01-05,completed,62.61,1
O0000378,E0000378,C0347,P010,2026-01-05,completed,282.43,1
O0000379,E0000379,C0169,P079,2026-01-05,returned,710.11,1
O0000380,E0000380,C0195,P056,2026-01-05,completed,344.89,1
O0000381,E0000381,C0289,P071,2026-01-05,completed,632.34,1
O0000382,E0000382,C0158,P031,2026-01-05,completed,830.73,1
O0000383,E0000383,C0205,P047,2026-01-05,completed,701.71,1
O0000384,E0000384,C0485,P004,2026-01-05,completed,229.87,1
O0000385,E0000385,C0272,P015,2026-01-05,completed,286.25,1
O0000386,E0000386,C0379,P070,2026-01-05,completed,256.45,1
O0000387,E0000387,C0232,P058,2026-01-05,completed,653.91,1
O0000388,E0000388,C0088,P035,2026-01-05,completed,191.96,1
O0000389,E0000389,C0567,P045,2026-01-05,completed,420.23,1
O0000390,E0000390,C0587,P050,2026-01-05,completed,315.08,1
O0000391,E0000391,C0515,P031,2026-01-05,completed,175.37,1
O0000392,E0000392,C0124,P067,2026-01-05,completed,74.05,1
O0000393,E0000393,C0198,P058,2026-01-05,completed,550.93,1
O0000394,E0000394,C0207,P006,2026-01-05,completed,1157.12,1
O0000395,E0000395,C0090,P019,2026-01-05,completed,132.75,1
O0000396,E0000396,C0533,P072,2026-01-05,completed,79.89,1
O0000397,E0000397,C0116,P002,2026-01-05,completed,493.93,1
O0000398,E0000398,C0109,P020,2026-01-05,completed,65.34,1
O0000399,E0000399,C0421,P013,2026-01-05,completed,831.73,1
O0000400,E0000400,C0039,P050,2026-01-06,completed,338.73,1
O0000401,E0000401,C0040,P036,2026-01-06,completed,772.04,1
O0000402,E0000402,C0276,P043,2026-01-06,completed,119.48,1
O0000403,E0000403,C0319,P048,2026-01-06,completed,549.24,1
O0000404,E0000404,C0138,P063,2026-01-06,completed,295.18,1
O0000405,E0000405,C0092,P057,2026-01-06,completed,735.07,1
O0000406,E0000406,C0529,P057,2026-01-06,completed,925.12,1
O0000407,E0000407,C0068,P048,2026-01-06,completed,320.87,1
O0000408,E0000408,C0178,P065,2026-01-06,completed,63.6,1
O0000409,E0000409,C0052,P026,2026-01-06,completed,768.21,1
O0000410,E0000410,C0518,P047,2026-01-06,completed,778.06,1
O0000411,E0000411,C0457,P016,2026-01-06,completed,765.89,1
O0000412,E0000412,C0265,P061,2026-01-06,completed,421.71,1
O0000413,E0000413,C0586,P012,2026-01-06,completed,268.71,1
O0000414,E0000414,C0276,P028,2026-01-06,completed,125.44,1
O0000415,E0000415,C0486,P053,2026-01-06,completed,118.11,1
O0000416,E0000416,C0230,P017,2026-01-06,completed,210.02,1
O0000417,E0000417,C0434,P078,2026-01-06,completed,525.39,1
O0000418,E0000418,C0478,P049,2026-01-06,completed,88.19,1
O0000419,E0000419,C0008,P067,2026-01-06,completed,32.52,1
O0000420,E0000420,C0306,P048,2026-01-06,completed,498.96,1
O0000421,E0000421,C0333,P014,2026-01-06,completed,51.31,1
O0000422,E0000422,C0193,P036,2026-01-06,completed,602.99,1
O0000423,E0000423,C0328,P067,2026-01-06,completed,162.39,1
O0000424,E0000424,C0266,P018,2026-01-06,completed,604.21,1
O0000425,E0000425,C0352,P054,2026-01-06,completed,364.65,1
O0000426,E0000426,C0368,P029,2026-01-06,completed,565.43,1
O0000427,E0000427,C0301,P039,2026-01-06,completed,78.58,1
O0000428,E0000428,C0344,P061,2026-01-06,completed,402.26,1
O0000429,E0000429,C0431,P012,2026-01-06,completed,370.36,1
O0000430,E0000430,C0121,P043,2026-01-06,completed,157.75,1
O0000431,E0000431,C0484,P007,2026-01-06,completed,163.15,1
O0000432,E0000432,C0543,P025,2026-01-06,completed,834.85,1
O0000433,E0000433,C0206,P053,2026-01-06,completed,235.23,1
O0000434,E0000434,C0147,P053,2026-01-06,cancelled,477.79,1
O0000435,E0000435,C0321,P024,2026-01-06,completed,41.91,1
O0000436,E0000436,C0591,P008,2026-01-06,completed,301.09,1
O0000437,E0000437,C0133,P021,2026-01-06,completed,171.9,1
O0000438,E0000438,C0393,P056,2026-01-06,completed,810.51,1
O0000439,E0000439,C0330,P005,2026-01-06,completed,33.45,1
O0000440,E0000440,C0232,P068,2026-01-06,completed,341.4,1
O0000441,E0000441,C0172,P045,2026-01-06,completed,534.11,1
O0000442,E0000442,C0445,P006,2026-01-06,completed,636.22,1
O0000443,E0000443,C0193,P018,2026-01-06,completed,669.39,1
O0000444,E0000444,C0217,P052,2026-01-06,completed,370.22,1
O0000445,E0000445,C0039,P003,2026-01-06,completed,545.34,1
O0000446,E0000446,C0111,P033,2026-01-06,completed,191.63,1
O0000447,E0000447,C0390,P003,2026-01-06,completed,705.56,1
O0000448,E0000448,C0010,P071,2026-01-06,completed,416.53,1
O0000449,E0000449,C0141,P054,2026-01-06,completed,529.78,1
O0000450,E0000450,C0117,P014,2026-01-06,completed,58.67,1
O0000451,E0000451,C0536,P014,2026-01-06,completed,58.44,1
O0000452,E0000452,C0562,P046,2026-01-06,completed,143.63,1
O0000453,E0000453,C0003,P027,2026-01-06,completed,359.38,1
O0000454,E0000454,C0153,P012,2026-01-06,returned,657.3,1
O0000455,E0000455,C0237,P066,2026-01-06,completed,751.19,1
O0000456,E0000456,C0041,P038,2026-01-06,completed,363.64,1
O0000457,E0000457,C0119,P038,2026-01-06,completed,999.37,1
O0000458,E0000458,C0337,P006,2026-01-06,completed,390.4,1
O0000459,E0000459,C0382,P057,2026-01-06,cancelled,178.8,1
O0000460,E0000460,C0279,P044,2026-01-06,completed,455.27,1
O0000461,E0000461,C0171,P050,2026-01-06,completed,324.27,1
O0000462,E0000462,C0107,P017,2026-01-06,completed,317.68,1
O0000463,E0000463,C0186,P076,2026-01-06,completed,313.12,1
O0000464,E0000464,C0495,P049,2026-01-06,completed,94.64,1
O0000465,E0000465,C0065,P063,2026-01-06,completed,130.11,1
O0000466,E0000466,C0347,P041,2026-01-06,completed,271.39,1
O0000467,E0000467,C0255,P067,2026-01-06,completed,144.29,1
O0000468,E0000468,C0572,P045,2026-01-06,completed,467.1,1
O0000469,E0000469,C0518,P079,2026-01-06,completed,345.74,1
O0000470,E0000470,C0504,P061,2026-01-06,completed,266.34,1
O0000471,E0000471,C0564,P031,2026-01-06,completed,391.75,1
O0000472,E0000472,C0455,P049,2026-01-06,completed,157.43,1
O0000473,E0000473,C0324,P074,2026-01-06,completed,407.93,1
O0000474,E0000474,C0423,P064,2026-01-06,completed,84.06,1
O0000475,E0000475,C0521,P072,2026-01-06,completed,100.35,1
O0000476,E0000476,C0373,P027,2026-01-06,completed,532.81,1
O0000477,E0000477,C0574,P007,2026-01-06,completed,547.24,1
O0000478,E0000478,C0464,P080,2026-01-06,completed,142.75,1
O0000479,E0000479,C0364,P013,2026-01-06,completed,616.25,1
O0000480,E0000480,C0047,P038,2026-01-07,completed,216.97,1
O0000481,E0000481,C0110,P022,2026-01-07,completed,711.97,1
O0000482,E0000482,C0221,P079,2026-01-07,completed,532.16,1
O0000483,E0000483,C0048,P025,2026-01-07,completed,580.38,1
O0000484,E0000484,C0517,P076,2026-01-07,completed,359.19,1
O0000485,E0000485,C0600,P064,2026-01-07,completed,120.82,1
O0000486,E0000486,C0132,P066,2026-01-07,completed,540.58,1
O0000487,E0000487,C0517,P050,2026-01-07,completed,257.99,1
O0000488,E0000488,C0281,P050,2026-01-07,completed,172.21,1
O0000489,E0000489,C0142,P044,2026-01-07,cancelled,233.48,1
O0000490,E0000490,C0561,P078,2026-01-07,completed,645.95,1
O0000491,E0000491,C0206,P041,2026-01-07,completed,278.71,1
O0000492,E0000492,C0183,P080,2026-01-07,completed,93.94,1
O0000493,E0000493,C0361,P070,2026-01-07,completed,62.55,1
O0000494,E0000494,C0547,P062,2026-01-07,completed,173.45,1
O0000495,E0000495,C0391,P055,2026-01-07,completed,146.96,1
O0000496,E0000496,C0294,P007,2026-01-07,completed,269.62,1
O0000497,E0000497,C0209,P033,2026-01-07,completed,431.41,1
O0000498,E0000498,C0576,P070,2026-01-07,completed,78.34,1
O0000500,E0000500,C0397,P037,2026-01-07,completed,650.28,1
O0000501,E0000501,C0208,P041,2026-01-07,cancelled,274.1,1
O0000502,E0000502,C0560,P057,2026-01-07,completed,718.64,1
O0000503,E0000503,C0302,P078,2026-01-07,completed,426.37,1
O0000504,E0000504,C0527,P023,2026-01-07,cancelled,132.64,1
O0000505,E0000505,C0134,P049,2026-01-07,completed,120.87,1
O0000506,E0000506,C0159,P075,2026-01-07,completed,584.95,1
O0000507,E0000507,C0503,P020,2026-01-07,returned,196.82,1
O0000508,E0000508,C0539,P074,2026-01-07,completed,209.33,1
O0000509,E0000509,C0426,P024,2026-01-07,completed,47.84,1
O0000510,E0000510,C0340,P069,2026-01-07,completed,46.37,1
O0000511,E0000511,C0575,P047,2026-01-07,completed,1055.18,1
O0000512,E0000512,C0250,P002,2026-01-07,completed,216.53,1
O0000513,E0000513,C0396,P042,2026-01-07,completed,164.95,1
O0000514,E0000514,C0527,P070,2026-01-07,completed,158.97,1
O0000515,E0000515,C0329,P066,2026-01-07,completed,355.85,1
O0000516,E0000516,C0068,P011,2026-01-07,returned,31.66,1
O0000517,E0000517,C0211,P028,2026-01-07,completed,56.56,1
O0000518,E0000518,C0025,P056,2026-01-07,completed,512.42,1
O0000519,E0000519,C0258,P043,2026-01-07,completed,60.59,1
O0000520,E0000520,C0418,P010,2026-01-07,completed,622.13,1
O0000521,E0000521,C0399,P058,2026-01-07,completed,217.26,1
O0000522,E0000522,C0600,P016,2026-01-07,completed,232.44,1
O0000523,E0000523,C0309,P010,2026-01-07,completed,714.54,1
O0000524,E0000524,C0405,P012,2026-01-07,completed,681.73,1
O0000525,E0000525,C0401,P004,2026-01-07,completed,438.46,1
O0000526,E0000526,C0383,P070,2026-01-07,completed,217.68,1
O0000527,E0000527,C0006,P071,2026-01-07,returned,158.1,1
O0000528,E0000528,C0313,P077,2026-01-07,completed,240.46,1
O0000529,E0000529,C0165,P045,2026-01-07,completed,521.55,1
O0000530,E0000530,C0186,P029,2026-01-07,completed,117.28,1
O0000531,E0000531,C0563,P073,2026-01-07,completed,676.75,1
O0000532,E0000532,C0595,P038,2026-01-07,completed,407.19,1
O0000533,E0000533,C0103,P043,2026-01-07,completed,81.93,1
O0000534,E0000534,C0462,P080,2026-01-07,completed,147.81,1
O0000535,E0000535,C0580,P079,2026-01-07,completed,353.37,1
O0000536,E0000536,C0005,P047,2026-01-07,completed,529.3,1
O0000537,E0000537,C0284,P032,2026-01-07,completed,1014.83,1
O0000538,E0000538,C0474,P047,2026-01-07,completed,966.13,1
O0000539,E0000539,C0180,P046,2026-01-07,completed,157.96,1
O0000540,E0000540,C0552,P078,2026-01-07,completed,345.75,1
O0000541,E0000541,C0020,P034,2026-01-07,completed,205.64,1
O0000542,E0000542,C0218,P065,2026-01-07,completed,257.81,1
O0000543,E0000543,C0153,P005,2026-01-07,completed,123.17,1
O0000544,E0000544,C0138,P051,2026-01-07,completed,134.22,1
O0000545,E0000545,C0245,P065,2026-01-07,completed,53.46,1
O0000546,E0000546,C0457,P079,2026-01-07,completed,363.09,1
O0000547,E0000547,C0496,P023,2026-01-07,completed,170.99,1
O0000548,E0000548,C0271,P006,2026-01-07,completed,233.86,1
O0000549,E0000549,C0398,P030,2026-01-07,completed,517.09,1
O0000550,E0000550,C0106,P059,2026-01-07,returned,49.23,1
O0000551,E0000551,C0593,P067,2026-01-07,completed,91.58,1
O0000552,E0000552,C0080,P073,2026-01-07,completed,467.04,1
O0000553,E0000553,C0362,P033,2026-01-07,completed,863.39,1
O0000554,E0000554,C0514,P045,2026-01-07,completed,217.13,1
O0000555,E0000555,C0217,P018,2026-01-07,completed,491.5,1
O0000556,E0000556,C0236,P024,2026-01-07,completed,22.09,1
O0000557,E0000557,C0491,P043,2026-01-07,completed,150.32,1
O0000558,E0000558,C0250,P076,2026-01-07,completed,87.71,1
O0000559,E0000559,C0587,P017,2026-01-07,completed,168.51,1
O0000560,E0000560,C0578,P008,2026-01-08,completed,808.01,1
O0000561,E0000561,C0088,P003,2026-01-08,returned,715.27,1
O0000562,E0000562,C0175,P058,2026-01-08,completed,885.26,1
O0000563,E0000563,C0524,P053,2026-01-08,completed,229.57,1
O0000564,E0000564,C0071,P022,2026-01-08,completed,572.55,1
O0000565,E0000565,C0536,P049,2026-01-08,completed,73.36,1
O0000566,E0000566,C0182,P065,2026-01-08,completed,64.82,1
O0000567,E0000567,C0096,P079,2026-01-08,completed,190.73,1
O0000568,E0000568,C0442,P017,2026-01-08,returned,204.19,1
O0000569,E0000569,C0235,P054,2026-01-08,completed,515.21,1
O0000570,E0000570,C0436,P062,2026-01-08,completed,33.88,1
O0000571,E0000571,C0291,P033,2026-01-08,completed,158.33,1
O0000572,E0000572,C0592,P070,2026-01-08,completed,58.27,1
O0000573,E0000573,C0324,P016,2026-01-08,completed,410.25,1
O0000574,E0000574,C0268,P047,2026-01-08,completed,630.29,1
O0000575,E0000575,C0407,P069,2026-01-08,completed,70.13,1
O0000576,E0000576,C0184,P027,2026-01-08,completed,822.23,1
O0000577,E0000577,C0592,P072,2026-01-08,completed,76.92,1
O0000578,E0000578,C0236,P051,2026-01-08,completed,46.29,1
O0000579,E0000579,C0564,P021,2026-01-08,completed,460.6,1
O0000580,E0000580,C0094,P007,2026-01-08,completed,191.3,1
O0000581,E0000581,C0066,P019,2026-01-08,completed,156.89,1
O0000582,E0000582,C0411,P029,2026-01-08,completed,558.11,1
O0000583,E0000583,C0180,P067,2026-01-08,completed,41.62,1
O0000584,E0000584,C0200,P064,2026-01-08,completed,70.1,1
O0000585,E0000585,C0037,P077,2026-01-08,completed,514.32,1
O0000586,E0000586,C0283,P031,2026-01-08,completed,267.66,1
O0000587,E0000587,C0531,P052,2026-01-08,completed,404.42,1
O0000588,E0000588,C0356,P009,2026-01-08,returned,624.09,1
O0000589,E0000589,C0414,P036,2026-01-08,completed,890.71,1
O0000590,E0000590,C0573,P001,2026-01-08,completed,111.96,1
O0000591,E0000591,C0551,P065,2026-01-08,completed,204.01,1
O0000592,E0000592,C0577,P074,2026-01-08,completed,339.91,1
O0000593,E0000593,C0472,P032,2026-01-08,completed,1122.97,1
O0000594,E0000594,C0070,P076,2026-01-08,completed,225.53,1
O0000595,E0000595,C0423,P029,2026-01-08,completed,347.55,1
O0000596,E0000596,C0255,P067,2026-01-08,completed,112.2,1
O0000597,E0000597,C0078,P012,2026-01-08,completed,475.65,1
O0000598,E0000598,C0188,P023,2026-01-08,completed,231.63,1
O0000599,E0000599,C0272,P025,2026-01-08,completed,305.58,1
O0000600,E0000600,C0160,P030,2026-01-08,completed,529.2,1
O0000601,E0000601,C0007,P014,2026-01-08,completed,59.42,1
O0000602,E0000602,C0323,P070,2026-01-08,cancelled,238.3,1
O0000603,E0000603,C0408,P074,2026-01-08,completed,260.85,1
O0000604,E0000604,C0490,P074,2026-01-08,completed,353.55,1
O0000605,E0000605,C0469,P005,2026-01-08,completed,57.33,1
O0000606,E0000606,C0216,P067,2026-01-08,completed,37.21,1
O0000607,E0000607,C0192,P075,2026-01-08,completed,534.48,1
O0000608,E0000608,C0375,P034,2026-01-08,completed,574.37,1
O0000609,E0000609,C0374,P064,2026-01-08,completed,78.44,1
O0000610,E0000610,C0590,P052,2026-01-08,completed,361.32,1
O0000611,E0000611,C0569,P030,2026-01-08,completed,441.46,1
O0000612,E0000612,C0485,P049,2026-01-08,completed,102.63,1
O0000613,E0000613,C0499,P002,2026-01-08,completed,350.1,1
O0000614,E0000614,C0102,P033,2026-01-08,completed,747.67,1
O0000615,E0000615,C0099,P021,2026-01-08,completed,702.07,1
O0000616,E0000616,C0353,P043,2026-01-08,completed,106.25,1
O0000617,E0000617,C0591,P053,2026-01-08,completed,236.48,1
O0000618,E0000618,C0333,P069,2026-01-08,completed,84.74,1
O0000619,E0000619,C0391,P066,2026-01-08,completed,251.78,1
O0000620,E0000620,C0346,P037,2026-01-08,completed,502.03,1
O0000621,E0000621,C0082,P079,2026-01-08,completed,188.53,1
O0000622,E0000622,C0274,P044,2026-01-08,completed,327.31,1
O0000623,E0000623,C0534,P051,2026-01-08,completed,115.9,1
O0000624,E0000624,C0241,P053,2026-01-08,completed,235.23,1
O0000625,E0000625,C0216,P033,2026-01-08,returned,198.24,1
O0000626,E0000626,C0562,P051,2026-01-08,completed,126.08,1
O0000627,E0000627,C0107,P004,2026-01-08,completed,218.27,1
O0000628,E0000628,C0317,P080,2026-01-08,completed,185.3,1
O0000629,E0000629,C0135,P032,2026-01-08,completed,449.01,1
O0000630,E0000630,C0488,P022,2026-01-08,completed,499.43,1
O0000631,E0000631,C0553,P070,2026-01-08,returned,139.63,1
O0000632,E0000632,C0537,P076,2026-01-08,completed,321.98,1
O0000633,E0000633,C0092,P069,2026-01-08,completed,46.32,1
O0000634,E0000634,C0011,P040,2026-01-08,completed,44.51,1
O0000635,E0000635,C0294,P067,2026-01-08,completed,119.29,1
O0000636,E0000636,C0307,P069,2026-01-08,completed,119.65,1
O0000637,E0000637,C0562,P056,2026-01-08,completed,221.97,1
O0000638,E0000638,C0256,P025,2026-01-08,completed,732.04,1
O0000639,E0000639,C0433,P050,2026-01-08,completed,71.14,1
O0000640,E0000640,C0292,P031,2026-01-09,completed,748.73,1
O0000641,E0000641,C0187,P069,2026-01-09,completed,23.93,1
O0000642,E0000642,C0279,P038,2026-01-09,completed,903.24,1
O0000643,E0000643,C0051,P080,2026-01-09,completed,79.07,1
O0000644,E0000644,C0129,P003,2026-01-09,completed,525.06,1
O0000645,E0000645,C0016,P057,2026-01-09,completed,350.9,1
O0000646,E0000646,C0381,P028,2026-01-09,completed,213.8,1
O0000647,E0000647,C0058,P005,2026-01-09,completed,70.11,1
O0000648,E0000648,C0257,P051,2026-01-09,completed,78.21,1
O0000649,E0000649,C0395,P049,2026-01-09,completed,73.93,1
O0000650,E0000650,C0472,P057,2026-01-09,completed,494.78,1
O0000651,E0000651,C0399,P013,2026-01-09,completed,1159.98,1
O0000652,E0000652,C0563,P040,2026-01-09,returned,14.04,1
O0000653,E0000653,C0370,P016,2026-01-09,completed,464.29,1
O0000654,E0000654,C0242,P007,2026-01-09,completed,136.13,1
O0000655,E0000655,C0599,P056,2026-01-09,completed,537.15,1
O0000656,E0000656,C0596,P051,2026-01-09,completed,30.5,1
O0000657,E0000657,C0255,P061,2026-01-09,completed,190.06,1
O0000658,E0000658,C0062,P064,2026-01-09,completed,28.7,1
O0000659,E0000659,C0500,P020,2026-01-09,completed,142.71,1
O0000660,E0000660,C0450,P041,2026-01-09,cancelled,394.07,1
O0000661,E0000661,C0257,P025,2026-01-09,completed,335.41,1
O0000662,E0000662,C0556,P006,2026-01-09,completed,684.93,1
O0000663,E0000663,C0332,P063,2026-01-09,completed,347.27,1
O0000664,E0000664,C0071,P060,2026-01-09,completed,144.16,1
O0000665,E0000665,C0465,P020,2026-01-09,completed,216.54,1
O0000666,E0000666,C0373,P065,2026-01-09,completed,47.87,1
O0000667,E0000667,C0195,P080,2026-01-09,completed,190.68,1
O0000668,E0000668,C0331,P064,2026-01-09,completed,68.28,1
O0000669,E0000669,C0045,P042,2026-01-09,completed,146.35,1
O0000670,E0000670,C0498,P017,2026-01-09,completed,156.26,1
O0000671,E0000671,C0502,P013,2026-01-09,completed,1008.54,1
O0000672,E0000672,C0227,P080,2026-01-09,completed,114.66,1
O0000673,E0000673,C0082,P010,2026-01-09,completed,1139.97,1
O0000674,E0000674,C0378,P008,2026-01-09,completed,751.24,1
O0000675,E0000675,C0073,P008,2026-01-09,completed,149.93,1
O0000676,E0000676,C0104,P039,2026-01-09,completed,29.34,1
O0000677,E0000677,C0584,P030,2026-01-09,completed,341.47,1
O0000678,E0000678,C0591,P023,2026-01-09,completed,85.19,1
O0000679,E0000679,C0171,P059,2026-01-09,completed,20.23,1
O0000680,E0000680,C0547,P024,2026-01-09,completed,42.25,1
O0000681,E0000681,C0381,P057,2026-01-09,returned,716.09,1
O0000682,E0000682,C0577,P056,2026-01-09,completed,389.28,1
O0000683,E0000683,C0369,P028,2026-01-09,completed,180.11,1
O0000684,E0000684,C0292,P058,2026-01-09,cancelled,171.57,1
O0000685,E0000685,C0007,P003,2026-01-09,completed,795.96,1
O0000686,E0000686,C0567,P029,2026-01-09,completed,363.48,1
O0000687,E0000687,C0039,P072,2026-01-09,completed,29.98,1
O0000688,E0000688,C0239,P046,2026-01-09,completed,282.71,1
O0000689,E0000689,C0080,P039,2026-01-09,completed,64.53,1
O0000690,E0000690,C0308,P042,2026-01-09,completed,122.49,1
O0000691,E0000691,C0357,P074,2026-01-09,completed,296.52,1
O0000692,E0000692,C0012,P056,2026-01-09,completed,498.05,1
O0000693,E0000693,C0553,P049,2026-01-09,completed,136.44,1
O0000694,E0000694,C0052,P020,2026-01-09,completed,137.17,1
O0000695,E0000695,C0228,P051,2026-01-09,cancelled,44.38,1
O0000696,E0000696,C0085,P038,2026-01-09,completed,577.35,1
O0000697,E0000697,C0088,P074,2026-01-09,completed,267.92,1
O0000698,E0000698,C0493,P065,2026-01-09,completed,122.83,1
O0000699,E0000699,C0575,P026,2026-01-09,completed,466.64,1
O0000700,E0000700,C0332,P068,2026-01-09,completed,503.29,1
O0000701,E0000701,C0375,P074,2026-01-09,completed,377.55,1
O0000702,E0000702,C0313,P025,2026-01-09,completed,185.8,1
O0000703,E0000703,C0150,P045,2026-01-09,completed,1077.95,1
O0000704,E0000704,C0160,P006,2026-01-09,returned,617.18,1
O0000705,E0000705,C0295,P011,2026-01-09,completed,59.33,1
O0000706,E0000706,C0483,P044,2026-01-09,completed,390.2,1
O0000707,E0000707,C0560,P043,2026-01-09,completed,77.18,1
O0000708,E0000708,C0019,P034,2026-01-09,completed,410.62,1
O0000709,E0000709,C0175,P075,2026-01-09,returned,578.92,1
O0000710,E0000710,C0055,P037,2026-01-09,completed,677.18,1
O0000711,E0000711,C0111,P002,2026-01-09,completed,376.59,1
O0000712,E0000712,C0390,P038,2026-01-09,completed,493.75,1
O0000713,E0000713,C0191,P013,2026-01-09,returned,234.66,1
O0000714,E0000714,C0041,P065,2026-01-09,cancelled,57.79,1
O0000715,E0000715,C0019,P068,2026-01-09,completed,313.69,1
O0000716,E0000716,C0064,P046,2026-01-09,completed,432.45,1
O0000717,E0000717,C0569,P033,2026-01-09,returned,214.41,1
O0000718,E0000718,C0090,P029,2026-01-09,completed,315.05,1
O0000719,E0000719,C0428,P049,2026-01-09,completed,97.46,1
O0000720,E0000720,C0460,P074,2026-01-10,completed,320.0,1
O0000721,E0000721,C0142,P017,2026-01-10,completed,332.77,1
O0000722,E0000722,C0579,P068,2026-01-10,returned,304.81,1
O0000723,E0000723,C0189,P021,2026-01-10,completed,157.06,1
O0000724,E0000724,C0422,P019,2026-01-10,completed,674.14,1
O0000725,E0000725,C0156,P057,2026-01-10,completed,693.2,1
O0000726,E0000726,C0581,P025,2026-01-10,completed,454.62,1
O0000727,E0000727,C0368,P030,2026-01-10,completed,174.63,1
O0000728,E0000728,C0383,P062,2026-01-10,completed,166.93,1
O0000729,E0000729,C0232,P050,2026-01-10,completed,135.87,1
O0000730,E0000730,C0423,P053,2026-01-10,completed,233.41,1
O0000731,E0000731,C0502,P026,2026-01-10,completed,693.07,1
O0000732,E0000732,C0415,P042,2026-01-10,completed,684.71,1
O0000733,E0000733,C0404,P006,2026-01-10,completed,813.39,1
O0000734,E0000734,C0534,P074,2026-01-10,completed,88.37,1
O0000735,E0000735,C0532,P058,2026-01-10,completed,528.42,1
O0000736,E0000736,C0529,P051,2026-01-10,cancelled,124.25,1
O0000737,E0000737,C0293,P007,2026-01-10,completed,457.54,1
O0000738,E0000738,C0530,P022,2026-01-10,completed,162.81,1
O0000739,E0000739,C0513,P019,2026-01-10,completed,160.12,1
O0000740,E0000740,C0403,P024,2026-01-10,completed,50.85,1
O0000741,E0000741,C0466,P042,2026-01-10,completed,245.79,1
O0000742,E0000742,C0127,P033,2026-01-10,completed,387.6,1
O0000743,E0000743,C0537,P015,2026-01-10,completed,79.94,1
O0000744,E0000744,C0388,P050,2026-01-10,completed,200.44,1
O0000745,E0000745,C0580,P049,2026-01-10,completed,114.0,1
O0000746,E0000746,C0430,P020,2026-01-10,completed,52.25,1
O0000747,E0000747,C0186,P040,2026-01-10,completed,61.07,1
O0000748,E0000748,C0013,P017,2026-01-10,cancelled,460.93,1
O0000749,E0000749,C0506,P064,2026-01-10,completed,27.74,1
O0000750,E0000750,C0453,P028,2026-01-10,completed,231.92,1
O0000751,E0000751,C0571,P077,2026-01-10,completed,620.82,1
O0000752,E0000752,C0038,P027,2026-01-10,completed,453.97,1
O0000753,E0000753,C0340,P005,2026-01-10,completed,104.92,1
O0000754,E0000754,C0166,P012,2026-01-10,completed,272.77,1
O0000755,E0000755,C0467,P037,2026-01-10,completed,450.48,1
O0000756,E0000756,C0331,P075,2026-01-10,completed,446.83,1
O0000757,E0000757,C0300,P049,2026-01-10,completed,50.43,1
O0000758,E0000758,C0540,P018,2026-01-10,completed,658.27,1
O0000759,E0000759,C0112,P068,2026-01-10,completed,136.01,1
O0000760,E0000760,C0438,P068,2026-01-10,cancelled,469.14,1
O0000761,E0000761,C0133,P041,2026-01-10,completed,359.22,1
O0000762,E0000762,C0505,P073,2026-01-10,completed,643.35,1
O0000763,E0000763,C0199,P024,2026-01-10,returned,55.29,1
O0000764,E0000764,C0213,P016,2026-01-10,completed,230.81,1
O0000765,E0000765,C0359,P079,2026-01-10,cancelled,466.17,1
O0000766,E0000766,C0261,P028,2026-01-10,completed,151.21,1
O0000767,E0000767,C0007,P009,2026-01-10,completed,611.78,1
O0000768,E0000768,C0180,P043,2026-01-10,completed,41.91,1
O0000769,E0000769,C0486,P043,2026-01-10,completed,181.77,1
O0000770,E0000770,C0550,P005,2026-01-10,completed,119.65,1
O0000771,E0000771,C0534,P043,2026-01-10,completed,43.51,1
O0000772,E0000772,C0214,P073,2026-01-10,completed,132.58,1
O0000773,E0000773,C0068,P043,2026-01-10,completed,134.5,1
O0000774,E0000774,C0548,P036,2026-01-10,completed,675.98,1
O0000775,E0000775,C0316,P022,2026-01-10,completed,146.55,1
O0000776,E0000776,C0509,P041,2026-01-10,completed,103.21,1
O0000777,E0000777,C0222,P031,2026-01-10,completed,757.84,1
O0000778,E0000778,C0207,P039,2026-01-10,completed,31.86,1
O0000779,E0000779,C0513,P012,2026-01-10,completed,440.81,1
O0000780,E0000780,C0336,P025,2026-01-10,completed,529.67,1
O0000781,E0000781,C0211,P013,2026-01-10,completed,570.18,1
O0000782,E0000782,C0005,P005,2026-01-10,completed,33.21,1
O0000783,E0000783,C0342,P006,2026-01-10,completed,245.67,1
O0000784,E0000784,C0024,P006,2026-01-10,completed,794.08,1
O0000785,E0000785,C0198,P040,2026-01-10,completed,28.89,1
O0000786,E0000786,C0280,P036,2026-01-10,completed,206.31,1
O0000787,E0000787,C0212,P021,2026-01-10,completed,118.05,1
O0000788,E0000788,C0588,P045,2026-01-10,completed,586.15,1
O0000789,E0000789,C0554,P022,2026-01-10,completed,488.46,1
O0000790,E0000790,C0109,P007,2026-01-10,completed,154.82,1
O0000791,E0000791,C0365,P007,2026-01-10,completed,595.97,1
O0000792,E0000792,C0477,P043,2026-01-10,completed,41.71,1
O0000793,E0000793,C0100,P017,2026-01-10,completed,916.02,1
O0000794,E0000794,C0482,P040,2026-01-10,completed,73.53,1
O0000795,E0000795,C0373,P029,2026-01-10,completed,472.3,1
O0000796,E0000796,C0465,P024,2026-01-10,completed,68.16,1
O0000797,E0000797,C0473,P004,2026-01-10,completed,706.05,1
O0000798,E0000798,C0521,P022,2026-01-10,completed,287.14,1
O0000799,E0000799,C0570,P052,2026-01-10,completed,727.22,1
O0000800,E0000800,C0424,P010,2026-01-11,completed,966.12,1
O0000801,E0000801,C0394,P080,2026-01-11,completed,145.01,1
O0000802,E0000802,C0446,P044,2026-01-11,completed,521.18,1
O0000803,E0000803,C0588,P044,2026-01-11,completed,104.57,1
O0000804,E0000804,C0569,P063,2026-01-11,completed,425.75,1
O0000805,E0000805,C0112,P057,2026-01-11,completed,243.74,1
O0000806,E0000806,C0063,P077,2026-01-11,completed,887.17,1
O0000807,E0000807,C0151,P028,2026-01-11,completed,69.34,1
O0000808,E0000808,C0201,P020,2026-01-11,completed,226.36,1
O0000809,E0000809,C0446,P041,2026-01-11,completed,395.01,1
O0000810,E0000810,C0131,P045,2026-01-11,cancelled,910.01,1
O0000811,E0000811,C0001,P038,2026-01-11,completed,274.19,1
O0000812,E0000812,C0032,P072,2026-01-11,completed,81.24,1
O0000813,E0000813,C0392,P056,2026-01-11,completed,605.15,1
O0000814,E0000814,C0487,P049,2026-01-11,completed,77.71,1
O0000815,E0000815,C0428,P025,2026-01-11,completed,620.06,1
O0000816,E0000816,C0012,P037,2026-01-11,cancelled,446.31,1
O0000817,E0000817,C0140,P003,2026-01-11,completed,1017.29,1
O0000818,E0000818,C0436,P018,2026-01-11,completed,720.99,1
O0000819,E0000819,C0394,P024,2026-01-11,completed,81.31,1
O0000820,E0000820,C0243,P029,2026-01-11,completed,557.0,1
O0000821,E0000821,C0035,P065,2026-01-11,completed,202.39,1
O0000822,E0000822,C0082,P073,2026-01-11,completed,544.81,1
O0000823,E0000823,C0477,P068,2026-01-11,cancelled,580.38,1
O0000824,E0000824,C0484,P011,2026-01-11,completed,78.96,1
O0000825,E0000825,C0055,P010,2026-01-11,completed,726.75,1
O0000826,E0000826,C0525,P044,2026-01-11,completed,367.62,1
O0000827,E0000827,C0302,P061,2026-01-11,completed,626.73,1
O0000828,E0000828,C0578,P022,2026-01-11,completed,556.03,1
O0000829,E0000829,C0299,P008,2026-01-11,completed,174.7,1
O0000830,E0000830,C0518,P080,2026-01-11,completed,85.74,1
O0000831,E0000831,C0264,P036,2026-01-11,completed,578.39,1
O0000832,E0000832,C0458,P015,2026-01-11,completed,179.41,1
O0000833,E0000833,C0186,P023,2026-01-11,completed,363.04,1
O0000834,E0000834,C0149,P068,2026-01-11,completed,145.94,1
O0000835,E0000835,C0393,P020,2026-01-11,completed,280.84,1
O0000836,E0000836,C0056,P057,2026-01-11,completed,507.79,1
O0000837,E0000837,C0476,P034,2026-01-11,completed,318.0,1
O0000838,E0000838,C0389,P061,2026-01-11,completed,506.36,1
O0000839,E0000839,C0013,P050,2026-01-11,completed,272.91,1
O0000840,E0000840,C0100,P058,2026-01-11,completed,204.87,1
O0000841,E0000841,C0280,P069,2026-01-11,completed,121.25,1
O0000842,E0000842,C0473,P035,2026-01-11,completed,745.01,1
O0000843,E0000843,C0533,P031,2026-01-11,completed,455.67,1
O0000844,E0000844,C0070,P024,2026-01-11,completed,16.22,1
O0000845,E0000845,C0360,P053,2026-01-11,completed,328.08,1
O0000846,E0000846,C0059,P037,2026-01-11,completed,161.31,1
O0000847,E0000847,C0089,P028,2026-01-11,cancelled,62.46,1
O0000848,E0000848,C0114,P078,2026-01-11,completed,413.94,1
O0000849,E0000849,C0465,P024,2026-01-11,completed,20.75,1
O0000850,E0000850,C0264,P036,2026-01-11,completed,598.12,1
O0000851,E0000851,C0341,P010,2026-01-11,completed,755.52,1
O0000852,E0000852,C0072,P034,2026-01-11,cancelled,690.32,1
O0000853,E0000853,C0112,P026,2026-01-11,completed,739.09,1
O0000854,E0000854,C0453,P070,2026-01-11,completed,59.21,1
O0000855,E0000855,C0457,P034,2026-01-11,completed,465.2,1
O0000856,E0000856,C0400,P064,2026-01-11,completed,28.98,1
O0000857,E0000857,C0528,P020,2026-01-11,completed,74.69,1
O0000858,E0000858,C0554,P063,2026-01-11,completed,129.64,1
O0000859,E0000859,C0125,P001,2026-01-11,completed,510.03,1
O0000860,E0000860,C0411,P069,2026-01-11,returned,69.9,1
O0000861,E0000861,C0083,P012,2026-01-11,completed,496.6,1
O0000862,E0000862,C0181,P059,2026-01-11,completed,37.75,1
O0000863,E0000863,C0400,P006,2026-01-11,cancelled,759.06,1
O0000864,E0000864,C0449,P014,2026-01-11,completed,17.3,1
O0000865,E0000865,C0501,P025,2026-01-11,completed,304.48,1
O0000866,E0000866,C0547,P009,2026-01-11,completed,868.02,1
O0000867,E0000867,C0058,P058,2026-01-11,cancelled,519.84,1
O0000868,E0000868,C0550,P006,2026-01-11,completed,813.25,1
O0000869,E0000869,C0501,P075,2026-01-11,completed,304.38,1
O0000870,E0000870,C0249,P003,2026-01-11,completed,257.68,1
O0000871,E0000871,C0100,P017,2026-01-11,completed,638.99,1
O0000872,E0000872,C0117,P079,2026-01-11,completed,168.88,1
O0000873,E0000873,C0437,P077,2026-01-11,completed,408.54,1
O0000874,E0000874,C0330,P052,2026-01-11,completed,520.67,1
O0000875,E0000875,C0065,P028,2026-01-11,completed,183.66,1
O0000876,E0000876,C0567,P036,2026-01-11,completed,526.6,1
O0000877,E0000877,C0103,P057,2026-01-11,completed,416.86,1
O0000878,E0000878,C0083,P079,2026-01-11,completed,543.44,1
O0000879,E0000879,C0427,P001,2026-01-11,completed,283.33,1
O0000880,E0000880,C0536,P061,2026-01-12,completed,586.57,1
O0000881,E0000881,C0185,P053,2026-01-12,completed,85.37,1
O0000882,E0000882,C0357,P064,2026-01-12,completed,65.74,1
O0000883,E0000883,C0371,P001,2026-01-12,completed,100.1,1
O0000884,E0000884,C0284,P070,2026-01-12,completed,134.21,1
O0000885,E0000885,C0510,P025,2026-01-12,completed,594.26,1
O0000886,E0000886,C0292,P021,2026-01-12,completed,360.15,1
O0000887,E0000887,C0045,P056,2026-01-12,completed,895.8,1
O0000888,E0000888,C0497,P007,2026-01-12,returned,133.04,1
O0000889,E0000889,C0594,P015,2026-01-12,completed,263.3,1
O0000890,E0000890,C0236,P054,2026-01-12,completed,533.11,1
O0000891,E0000891,C0205,P015,2026-01-12,completed,243.88,1
O0000892,E0000892,C0447,P029,2026-01-12,completed,138.03,1
O0000893,E0000893,C0383,P028,2026-01-12,returned,229.63,1
O0000894,E0000894,C0208,P059,2026-01-12,completed,66.74,1
O0000895,E0000895,C0140,P017,2026-01-12,completed,620.88,1
O0000896,E0000896,C0226,P060,2026-01-12,completed,158.12,1
O0000897,E0000897,C0592,P038,2026-01-12,completed,524.17,1
O0000898,E0000898,C0222,P030,2026-01-12,completed,934.18,1
O0000899,E0000899,C0253,P061,2026-01-12,completed,813.28,1
O0000900,E0000900,C0588,P042,2026-01-12,completed,251.72,1
O0000901,E0000901,C0517,P001,2026-01-12,completed,367.87,1
O0000902,E0000902,C0464,P055,2026-01-12,completed,143.98,1
O0000903,E0000903,C0224,P031,2026-01-12,completed,979.01,1
O0000904,E0000904,C0017,P046,2026-01-12,completed,169.98,1
O0000905,E0000905,C0466,P040,2026-01-12,completed,16.41,1
O0000906,E0000906,C0476,P018,2026-01-12,returned,537.96,1
O0000907,E0000907,C0544,P001,2026-01-12,completed,280.28,1
O0000908,E0000908,C0083,P038,2026-01-12,completed,411.34,1
O0000909,E0000909,C0053,P043,2026-01-12,completed,89.9,1
O0000910,E0000910,C0376,P050,2026-01-12,completed,259.49,1
O0000911,E0000911,C0142,P072,2026-01-12,completed,59.66,1
O0000912,E0000912,C0231,P031,2026-01-12,completed,468.09,1
O0000913,E0000913,C0284,P046,2026-01-12,returned,636.8,1
O0000914,E0000914,C0482,P009,2026-01-12,completed,198.73,1
O0000915,E0000915,C0463,P069,2026-01-12,completed,76.03,1
O0000916,E0000916,C0193,P048,2026-01-12,completed,192.67,1
O0000917,E0000917,C0296,P059,2026-01-12,completed,39.73,1
O0000918,E0000918,C0509,P014,2026-01-12,completed,30.29,1
O0000919,E0000919,C0427,P027,2026-01-12,completed,576.6,1
O0000920,E0000920,C0455,P070,2026-01-12,returned,269.67,1
O0000921,E0000921,C0533,P003,2026-01-12,completed,342.07,1
O0000922,E0000922,C0498,P043,2026-01-12,completed,105.32,1
O0000923,E0000923,C0581,P068,2026-01-12,completed,460.59,1
O0000924,E0000924,C0381,P040,2026-01-12,completed,59.36,1
O0000925,E0000925,C0165,P007,2026-01-12,completed,282.1,1
O0000926,E0000926,C0166,P069,2026-01-12,completed,61.03,1
O0000927,E0000927,C0452,P015,2026-01-12,completed,137.4,1
O0000928,E0000928,C0325,P048,2026-01-12,completed,163.97,1
O0000929,E0000929,C0547,P019,2026-01-12,completed,305.26,1
O0000930,E0000930,C0149,P016,2026-01-12,returned,832.61,1
O0000931,E0000931,C0303,P041,2026-01-12,completed,423.72,1
O0000932,E0000932,C0579,P038,2026-01-12,cancelled,516.49,1
O0000933,E0000933,C0042,P057,2026-01-12,completed,656.29,1
O0000934,E0000934,C0457,P071,2026-01-12,completed,295.33,1
O0000935,E0000935,C0598,P012,2026-01-12,completed,298.31,1
O0000936,E0000936,C0024,P029,2026-01-12,completed,298.8,1
O0000937,E0000937,C0525,P069,2026-01-12,completed,27.04,1
O0000938,E0000938,C0370,P025,2026-01-12,completed,186.58,1
O0000939,E0000939,C0382,P019,2026-01-12,completed,578.88,1
O0000940,E0000940,C0575,P037,2026-01-12,completed,751.83,1
O0000941,E0000941,C0454,P028,2026-01-12,completed,228.44,1
O0000942,E0000942,C0425,P021,2026-01-12,completed,747.13,1
O0000943,E0000943,C0487,P076,2026-01-12,completed,189.32,1
O0000944,E0000944,C0091,P068,2026-01-12,cancelled,501.65,1
O0000945,E0000945,C0570,P053,2026-01-12,completed,180.11,1
O0000946,E0000946,C0391,P073,2026-01-12,completed,240.75,1
O0000947,E0000947,C0600,P071,2026-01-12,completed,657.26,1
O0000948,E0000948,C0003,P064,2026-01-12,completed,26.72,1
O0000949,E0000949,C0128,P034,2026-01-12,completed,827.63,1
O0000950,E0000950,C0030,P037,2026-01-12,completed,411.66,1
O0000951,E0000951,C0596,P036,2026-01-12,completed,669.98,1
O0000952,E0000952,C0123,P073,2026-01-12,completed,514.56,1
O0000953,E0000953,C0167,P066,2026-01-12,completed,525.36,1
O0000954,E0000954,C0366,P008,2026-01-12,completed,330.83,1
O0000955,E0000955,C0050,P007,2026-01-12,completed,453.1,1
O0000956,E0000956,C0188,P038,2026-01-12,completed,556.03,1
O0000957,E0000957,C0324,P013,2026-01-12,completed,598.03,1
O0000958,E0000958,C0099,P039,2026-01-12,completed,111.06,1
O0000959,E0000959,C0531,P075,2026-01-12,completed,317.24,1
O0000960,E0000960,C0105,P048,2026-01-13,completed,305.39,1
O0000961,E0000961,C0428,P020,2026-01-13,completed,72.54,1
O0000962,E0000962,C0492,P010,2026-01-13,completed,196.59,1
O0000963,E0000963,C0536,P040,2026-01-13,completed,55.55,1
O0000964,E0000964,C0228,P044,2026-01-13,completed,108.42,1
O0000965,E0000965,C0134,P019,2026-01-13,completed,272.49,1
O0000966,E0000966,C0020,P055,2026-01-13,completed,164.84,1
O0000967,E0000967,C0034,P062,2026-01-13,completed,28.16,1
O0000968,E0000968,C0045,P066,2026-01-13,completed,669.79,1
O0000969,E0000969,C0211,P039,2026-01-13,completed,37.92,1
O0000970,E0000970,C0150,P026,2026-01-13,completed,202.51,1
O0000971,E0000971,C0513,P036,2026-01-13,returned,339.49,1
O0000972,E0000972,C0593,P079,2026-01-13,completed,167.29,1
O0000973,E0000973,C0176,P002,2026-01-13,completed,385.73,1
O0000974,E0000974,C0517,P069,2026-01-13,completed,55.21,1
O0000975,E0000975,C0110,P061,2026-01-13,completed,945.77,1
O0000976,E0000976,C0418,P046,2026-01-13,cancelled,306.51,1
O0000977,E0000977,C0508,P041,2026-01-13,completed,188.89,1
O0000978,E0000978,C0085,P047,2026-01-13,completed,223.52,1
O0000979,E0000979,C0455,P064,2026-01-13,completed,73.24,1
O0000980,E0000980,C0194,P071,2026-01-13,completed,934.41,1
O0000981,E0000981,C0184,P009,2026-01-13,returned,696.65,1
O0000982,E0000982,C0123,P063,2026-01-13,completed,129.16,1
O0000983,E0000983,C0173,P051,2026-01-13,completed,41.35,1
O0000984,E0000984,C0126,P047,2026-01-13,cancelled,804.55,1
O0000985,E0000985,C0410,P055,2026-01-13,completed,390.74,1
O0000986,E0000986,C0524,P061,2026-01-13,completed,1099.85,1
O0000987,E0000987,C0502,P019,2026-01-13,completed,366.56,1
O0000988,E0000988,C0055,P030,2026-01-13,completed,165.57,1
O0000989,E0000989,C0392,P009,2026-01-13,completed,316.03,1
O0000990,E0000990,C0079,P042,2026-01-13,completed,153.08,1
O0000991,E0000991,C0301,P067,2026-01-13,completed,77.75,1
O0000992,E0000992,C0554,P064,2026-01-13,completed,72.4,1
O0000993,E0000993,C0122,P003,2026-01-13,cancelled,671.44,1
O0000994,E0000994,C0037,P058,2026-01-13,completed,845.11,1
O0000995,E0000995,C0169,P023,2026-01-13,completed,290.97,1
O0000996,E0000996,C0113,P056,2026-01-13,completed,935.32,1
O0000997,E0000997,C0488,P063,2026-01-13,completed,590.49,1
O0000999,E0000999,C0029,P046,2026-01-13,completed,142.81,1
O0001000,E0001000,C0350,P006,2026-01-13,completed,220.44,1
O0001001,E0001001,C0360,P013,2026-01-13,completed,1164.35,1
O0001002,E0001002,C0068,P032,2026-01-13,completed,246.75,1
O0001003,E0001003,C0039,P040,2026-01-13,completed,42.39,1
O0001004,E0001004,C0021,P055,2026-01-13,completed,518.6,1
O0001005,E0001005,C0585,P061,2026-01-13,completed,1115.07,1
O0001006,E0001006,C0211,P042,2026-01-13,completed,165.78,1
O0001007,E0001007,C0171,P064,2026-01-13,completed,91.71,1
O0001008,E0001008,C0078,P039,2026-01-13,completed,131.38,1
O0001009,E0001009,C0588,P069,2026-01-13,completed,66.59,1
O0001010,E0001010,C0345,P029,2026-01-13,completed,161.32,1
O0001011,E0001011,C0215,P009,2026-01-13,completed,825.03,1
O0001012,E0001012,C0444,P010,2026-01-13,completed,647.05,1
O0001013,E0001013,C0528,P070,2026-01-13,completed,196.51,1
O0001014,E0001014,C0591,P071,2026-01-13,completed,294.22,1
O0001015,E0001015,C0275,P028,2026-01-13,completed,270.36,1
O0001016,E0001016,C0580,P069,2026-01-13,completed,116.4,1
O0001017,E0001017,C0247,P008,2026-01-13,completed,315.48,1
O0001018,E0001018,C0209,P039,2026-01-13,completed,32.43,1
O0001019,E0001019,C0263,P053,2026-01-13,completed,181.41,1
O0001020,E0001020,C0197,P077,2026-01-13,completed,412.5,1
O0001021,E0001021,C0574,P032,2026-01-13,completed,840.43,1
O0001022,E0001022,C0280,P055,2026-01-13,completed,227.44,1
O0001023,E0001023,C0044,P004,2026-01-13,completed,493.32,1
O0001024,E0001024,C0322,P063,2026-01-13,completed,107.37,1
O0001025,E0001025,C0373,P039,2026-01-13,completed,160.99,1
O0001026,E0001026,C0242,P012,2026-01-13,completed,329.26,1
O0001027,E0001027,C0509,P074,2026-01-13,completed,315.36,1
O0001028,E0001028,C0338,P012,2026-01-13,completed,350.11,1
O0001029,E0001029,C0434,P075,2026-01-13,completed,436.0,1
O0001030,E0001030,C0451,P019,2026-01-13,completed,388.99,1
O0001031,E0001031,C0116,P033,2026-01-13,completed,429.85,1
O0001032,E0001032,C0149,P070,2026-01-13,completed,222.37,1
O0001033,E0001033,C0036,P061,2026-01-13,completed,261.21,1
O0001034,E0001034,C0260,P007,2026-01-13,completed,356.62,1
O0001035,E0001035,C0125,P050,2026-01-13,completed,298.73,1
O0001036,E0001036,C0262,P031,2026-01-13,completed,828.91,1
O0001037,E0001037,C0216,P012,2026-01-13,returned,477.23,1
O0001038,E0001038,C0035,P021,2026-01-13,returned,649.54,1
O0001039,E0001039,C0423,P011,2026-01-13,completed,181.27,1
O0001040,E0001040,C0165,P043,2026-01-14,completed,44.63,1
O0001041,E0001041,C0465,P034,2026-01-14,completed,541.63,1
O0001042,E0001042,C0455,P004,2026-01-14,completed,460.38,1
O0001043,E0001043,C0322,P018,2026-01-14,completed,483.57,1
O0001044,E0001044,C0421,P011,2026-01-14,completed,66.23,1
O0001045,E0001045,C0267,P041,2026-01-14,completed,271.96,1
O0001046,E0001046,C0087,P076,2026-01-14,completed,173.01,1
O0001047,E0001047,C0022,P048,2026-01-14,completed,375.01,1
O0001048,E0001048,C0474,P072,2026-01-14,completed,30.73,1
O0001049,E0001049,C0440,P034,2026-01-14,completed,655.28,1
O0001050,E0001050,C0581,P034,2026-01-14,completed,471.81,1
O0001051,E0001051,C0507,P002,2026-01-14,completed,452.64,1
O0001052,E0001052,C0295,P029,2026-01-14,completed,340.17,1
O0001053,E0001053,C0221,P064,2026-01-14,completed,52.61,1
O0001054,E0001054,C0419,P037,2026-01-14,completed,352.83,1
O0001055,E0001055,C0462,P019,2026-01-14,completed,366.78,1
O0001056,E0001056,C0088,P032,2026-01-14,completed,1002.7,1
O0001057,E0001057,C0218,P061,2026-01-14,completed,832.1,1
O0001058,E0001058,C0075,P050,2026-01-14,completed,273.02,1
O0001059,E0001059,C0483,P072,2026-01-14,completed,53.44,1
O0001060,E0001060,C0006,P046,2026-01-14,cancelled,191.79,1
O0001061,E0001061,C0380,P065,2026-01-14,completed,203.85,1
O0001062,E0001062,C0516,P072,2026-01-14,completed,49.25,1
O0001063,E0001063,C0544,P044,2026-01-14,returned,296.13,1
O0001064,E0001064,C0512,P019,2026-01-14,completed,273.31,1
O0001065,E0001065,C0270,P036,2026-01-14,completed,658.53,1
O0001066,E0001066,C0324,P034,2026-01-14,completed,376.41,1
O0001067,E0001067,C0055,P063,2026-01-14,completed,453.98,1
O0001068,E0001068,C0267,P020,2026-01-14,completed,213.56,1
O0001069,E0001069,C0042,P060,2026-01-14,completed,307.55,1
O0001070,E0001070,C0505,P046,2026-01-14,cancelled,653.94,1
O0001071,E0001071,C0185,P019,2026-01-14,completed,363.5,1
O0001072,E0001072,C0598,P022,2026-01-14,completed,356.09,1
O0001073,E0001073,C0253,P068,2026-01-14,completed,133.9,1
O0001074,E0001074,C0292,P064,2026-01-14,completed,32.14,1
O0001075,E0001075,C0332,P016,2026-01-14,completed,227.21,1
O0001076,E0001076,C0465,P004,2026-01-14,completed,997.68,1
O0001077,E0001077,C0464,P035,2026-01-14,completed,176.26,1
O0001078,E0001078,C0331,P073,2026-01-14,completed,510.0,1
O0001079,E0001079,C0095,P008,2026-01-14,completed,688.97,1
O0001080,E0001080,C0092,P033,2026-01-14,completed,883.1,1
O0001081,E0001081,C0158,P027,2026-01-14,completed,615.57,1
O0001082,E0001082,C0135,P039,2026-01-14,completed,98.36,1
O0001083,E0001083,C0457,P013,2026-01-14,completed,951.1,1
O0001084,E0001084,C0093,P050,2026-01-14,completed,337.35,1
O0001085,E0001085,C0437,P055,2026-01-14,completed,612.77,1
O0001086,E0001086,C0159,P006,2026-01-14,completed,575.24,1
O0001087,E0001087,C0298,P064,2026-01-14,completed,29.07,1
O0001088,E0001088,C0153,P056,2026-01-14,completed,727.21,1
O0001089,E0001089,C0583,P039,2026-01-14,completed,102.7,1
O0001090,E0001090,C0523,P071,2026-01-14,completed,149.48,1
O0001091,E0001091,C0364,P053,2026-01-14,completed,325.32,1
O0001092,E0001092,C0474,P075,2026-01-14,completed,190.88,1
O0001093,E0001093,C0305,P024,2026-01-14,completed,66.28,1
O0001094,E0001094,C0272,P076,2026-01-14,completed,340.01,1
O0001095,E0001095,C0109,P024,2026-01-14,completed,50.69,1
O0001096,E0001096,C0176,P069,2026-01-14,completed,23.72,1
O0001097,E0001097,C0311,P062,2026-01-14,completed,137.14,1
O0001098,E0001098,C0310,P079,2026-01-14,completed,700.75,1
O0001099,E0001099,C0193,P017,2026-01-14,completed,171.31,1
O0001100,E0001100,C0447,P004,2026-01-14,completed,461.85,1
O0001101,E0001101,C0152,P069,2026-01-14,completed,90.47,1
O0001102,E0001102,C0456,P055,2026-01-14,completed,245.11,1
O0001103,E0001103,C0207,P061,2026-01-14,completed,443.02,1
O0001104,E0001104,C0009,P073,2026-01-14,completed,413.35,1
O0001105,E0001105,C0038,P056,2026-01-14,cancelled,741.31,1
O0001106,E0001106,C0238,P052,2026-01-14,completed,887.27,1
O0001107,E0001107,C0567,P008,2026-01-14,completed,486.96,1
O0001108,E0001108,C0120,P035,2026-01-14,returned,882.86,1
O0001109,E0001109,C0022,P080,2026-01-14,returned,160.26,1
O0001110,E0001110,C0238,P037,2026-01-14,completed,814.51,1
O0001111,E0001111,C0135,P029,2026-01-14,completed,577.09,1
O0001112,E0001112,C0369,P038,2026-01-14,completed,875.03,1
O0001113,E0001113,C0290,P061,2026-01-14,completed,527.37,1
O0001114,E0001114,C0161,P012,2026-01-14,completed,234.32,1
O0001115,E0001115,C0311,P063,2026-01-14,completed,521.64,1
O0001116,E0001116,C0268,P027,2026-01-14,completed,671.83,1
O0001117,E0001117,C0066,P021,2026-01-14,completed,178.8,1
O0001118,E0001118,C0499,P056,2026-01-14,completed,369.95,1
O0001119,E0001119,C0155,P044,2026-01-14,completed,403.58,1
O0001120,E0001120,C0449,P066,2026-01-15,completed,184.35,1
O0001121,E0001121,C0105,P059,2026-01-15,cancelled,23.46,1
O0001122,E0001122,C0211,P072,2026-01-15,completed,23.62,1
O0001123,E0001123,C0519,P047,2026-01-15,completed,785.5,1
O0001124,E0001124,C0126,P013,2026-01-15,completed,442.42,1
O0001125,E0001125,C0252,P026,2026-01-15,completed,209.09,1
O0001126,E0001126,C0273,P061,2026-01-15,completed,227.44,1
O0001127,E0001127,C0543,P054,2026-01-15,completed,353.58,1
O0001128,E0001128,C0470,P030,2026-01-15,completed,773.03,1
O0001129,E0001129,C0454,P067,2026-01-15,completed,31.95,1
O0001130,E0001130,C0087,P002,2026-01-15,completed,117.67,1
O0001131,E0001131,C0063,P041,2026-01-15,completed,521.9,1
O0001132,E0001132,C0533,P005,2026-01-15,completed,32.18,1
O0001133,E0001133,C0322,P054,2026-01-15,completed,534.04,1
O0001134,E0001134,C0414,P045,2026-01-15,completed,392.57,1
O0001135,E0001135,C0354,P027,2026-01-15,returned,767.81,1
O0001136,E0001136,C0038,P052,2026-01-15,completed,250.84,1
O0001137,E0001137,C0533,P043,2026-01-15,completed,83.63,1
O0001138,E0001138,C0534,P037,2026-01-15,completed,623.26,1
O0001139,E0001139,C0248,P021,2026-01-15,completed,543.07,1
O0001140,E0001140,C0062,P039,2026-01-15,completed,41.62,1
O0001141,E0001141,C0049,P048,2026-01-15,completed,159.85,1
O0001142,E0001142,C0465,P016,2026-01-15,completed,225.37,1
O0001143,E0001143,C0359,P031,2026-01-15,completed,538.07,1
O0001144,E0001144,C0387,P037,2026-01-15,completed,474.51,1
O0001145,E0001145,C0370,P032,2026-01-15,completed,464.92,1
O0001146,E0001146,C0084,P013,2026-01-15,completed,912.41,1
O0001147,E0001147,C0457,P008,2026-01-15,completed,278.34,1
O0001148,E0001148,C0271,P048,2026-01-15,completed,608.0,1
O0001149,E0001149,C0427,P064,2026-01-15,completed,134.14,1
O0001150,E0001150,C0133,P021,2026-01-15,completed,504.39,1
O0001151,E0001151,C0467,P066,2026-01-15,completed,371.68,1
O0001152,E0001152,C0122,P005,2026-01-15,completed,109.44,1
O0001153,E0001153,C0042,P053,2026-01-15,completed,283.87,1
O0001154,E0001154,C0311,P020,2026-01-15,completed,170.96,1
O0001155,E0001155,C0050,P063,2026-01-15,completed,451.84,1
O0001156,E0001156,C0003,P040,2026-01-15,returned,57.96,1
O0001157,E0001157,C0493,P071,2026-01-15,completed,893.4,1
O0001158,E0001158,C0487,P040,2026-01-15,completed,79.52,1
O0001159,E0001159,C0461,P078,2026-01-15,completed,639.95,1
O0001160,E0001160,C0420,P058,2026-01-15,completed,248.39,1
O0001161,E0001161,C0454,P030,2026-01-15,returned,184.8,1
O0001162,E0001162,C0586,P036,2026-01-15,completed,214.32,1
O0001163,E0001163,C0198,P040,2026-01-15,completed,13.77,1
O0001164,E0001164,C0488,P070,2026-01-15,completed,107.79,1
O0001165,E0001165,C0020,P003,2026-01-15,completed,519.04,1
O0001166,E0001166,C0087,P027,2026-01-15,completed,795.54,1
O0001167,E0001167,C0504,P069,2026-01-15,completed,23.8,1
O0001168,E0001168,C0541,P003,2026-01-15,completed,182.95,1
O0001169,E0001169,C0555,P049,2026-01-15,completed,36.81,1
O0001170,E0001170,C0158,P037,2026-01-15,completed,182.85,1
O0001171,E0001171,C0186,P053,2026-01-15,completed,239.65,1
O0001172,E0001172,C0423,P008,2026-01-15,completed,273.37,1
O0001173,E0001173,C0054,P042,2026-01-15,completed,174.86,1
O0001174,E0001174,C0521,P031,2026-01-15,completed,910.24,1
O0001175,E0001175,C0326,P065,2026-01-15,completed,46.01,1
O0001176,E0001176,C0240,P071,2026-01-15,completed,755.12,1
O0001177,E0001177,C0253,P003,2026-01-15,completed,262.28,1
O0001178,E0001178,C0457,P072,2026-01-15,completed,95.57,1
O0001179,E0001179,C0554,P065,2026-01-15,completed,205.67,1
O0001180,E0001180,C0043,P032,2026-01-15,completed,889.58,1
O0001181,E0001181,C0001,P060,2026-01-15,cancelled,131.8,1
O0001182,E0001182,C0360,P062,2026-01-15,completed,126.72,1
O0001183,E0001183,C0166,P028,2026-01-15,completed,58.94,1
O0001184,E0001184,C0126,P069,2026-01-15,completed,90.46,1
O0001185,E0001185,C0216,P018,2026-01-15,completed,926.94,1
O0001186,E0001186,C0268,P065,2026-01-15,cancelled,154.14,1
O0001187,E0001187,C0350,P058,2026-01-15,completed,724.39,1
O0001188,E0001188,C0003,P059,2026-01-15,cancelled,38.51,1
O0001189,E0001189,C0424,P061,2026-01-15,completed,349.07,1
O0001190,E0001190,C0552,P063,2026-01-15,completed,138.22,1
O0001191,E0001191,C0367,P057,2026-01-15,completed,747.21,1
O0001192,E0001192,C0128,P023,2026-01-15,completed,95.1,1
O0001193,E0001193,C0021,P048,2026-01-15,returned,310.27,1
O0001194,E0001194,C0093,P036,2026-01-15,completed,401.67,1
O0001195,E0001195,C0240,P079,2026-01-15,completed,370.89,1
O0001196,E0001196,C0008,P047,2026-01-15,completed,433.87,1
O0001197,E0001197,C0175,P051,2026-01-15,completed,142.02,1
O0001198,E0001198,C0067,P025,2026-01-15,completed,366.88,1
O0001199,E0001199,C0536,P017,2026-01-15,completed,330.66,1
O0001200,E0001200,C0574,P036,2026-01-16,completed,594.44,1
O0001201,E0001201,C0331,P059,2026-01-16,completed,20.23,1
O0001202,E0001202,C0508,P053,2026-01-16,completed,437.43,1
O0001203,E0001203,C0049,P067,2026-01-16,completed,80.68,1
O0001204,E0001204,C0200,P054,2026-01-16,completed,599.46,1
O0001205,E0001205,C0434,P011,2026-01-16,returned,85.94,1
O0001206,E0001206,C0100,P032,2026-01-16,completed,212.13,1
O0001207,E0001207,C0257,P062,2026-01-16,completed,83.55,1
O0001208,E0001208,C0342,P014,2026-01-16,completed,22.53,1
O0001209,E0001209,C0098,P031,2026-01-16,returned,988.34,1
O0001210,E0001210,C0035,P058,2026-01-16,completed,180.58,1
O0001211,E0001211,C0064,P041,2026-01-16,returned,252.35,1
O0001212,E0001212,C0068,P057,2026-01-16,completed,844.57,1
O0001213,E0001213,C0412,P008,2026-01-16,completed,608.97,1
O0001214,E0001214,C0465,P080,2026-01-16,completed,37.76,1
O0001215,E0001215,C0348,P060,2026-01-16,completed,73.5,1
O0001216,E0001216,C0111,P004,2026-01-16,completed,396.76,1
O0001217,E0001217,C0587,P002,2026-01-16,completed,185.94,1
O0001218,E0001218,C0191,P066,2026-01-16,completed,872.55,1
O0001219,E0001219,C0599,P018,2026-01-16,completed,446.59,1
O0001220,E0001220,C0598,P066,2026-01-16,cancelled,761.04,1
O0001221,E0001221,C0352,P070,2026-01-16,completed,170.79,1
O0001222,E0001222,C0059,P048,2026-01-16,cancelled,321.23,1
O0001223,E0001223,C0433,P065,2026-01-16,completed,57.76,1
O0001224,E0001224,C0071,P026,2026-01-16,cancelled,464.24,1
O0001225,E0001225,C0340,P025,2026-01-16,completed,777.0,1
O0001226,E0001226,C0429,P075,2026-01-16,completed,527.5,1
O0001227,E0001227,C0508,P021,2026-01-16,completed,180.0,1
O0001228,E0001228,C0219,P001,2026-01-16,completed,510.9,1
O0001229,E0001229,C0385,P062,2026-01-16,completed,130.59,1
O0001230,E0001230,C0011,P052,2026-01-16,completed,785.22,1
O0001231,E0001231,C0451,P046,2026-01-16,completed,390.46,1
O0001232,E0001232,C0204,P075,2026-01-16,returned,178.01,1
O0001233,E0001233,C0348,P037,2026-01-16,completed,488.18,1
O0001234,E0001234,C0269,P071,2026-01-16,completed,325.97,1
O0001235,E0001235,C0114,P013,2026-01-16,completed,1024.43,1
O0001236,E0001236,C0176,P027,2026-01-16,completed,477.49,1
O0001237,E0001237,C0122,P080,2026-01-16,returned,50.87,1
O0001238,E0001238,C0384,P017,2026-01-16,completed,685.57,1
O0001239,E0001239,C0194,P077,2026-01-16,completed,250.26,1
O0001240,E0001240,C0055,P069,2026-01-16,completed,41.66,1
O0001241,E0001241,C0215,P036,2026-01-16,returned,852.31,1
O0001242,E0001242,C0172,P011,2026-01-16,completed,42.68,1
O0001243,E0001243,C0511,P050,2026-01-16,completed,262.49,1
O0001244,E0001244,C0507,P060,2026-01-16,completed,274.36,1
O0001245,E0001245,C0213,P035,2026-01-16,completed,244.6,1
O0001246,E0001246,C0314,P026,2026-01-16,completed,381.01,1
O0001247,E0001247,C0261,P049,2026-01-16,completed,162.54,1
O0001248,E0001248,C0532,P011,2026-01-16,completed,120.75,1
O0001249,E0001249,C0437,P030,2026-01-16,completed,590.05,1
O0001250,E0001250,C0325,P060,2026-01-16,completed,233.87,1
O0001251,E0001251,C0078,P049,2026-01-16,completed,131.19,1
O0001252,E0001252,C0284,P011,2026-01-16,completed,37.57,1
O0001253,E0001253,C0560,P030,2026-01-16,completed,159.62,1
O0001254,E0001254,C0282,P043,2026-01-16,completed,104.59,1
O0001255,E0001255,C0009,P078,2026-01-16,cancelled,713.99,1
O0001256,E0001256,C0416,P039,2026-01-16,completed,125.68,1
O0001257,E0001257,C0408,P075,2026-01-16,completed,293.59,1
O0001258,E0001258,C0529,P030,2026-01-16,completed,345.31,1
O0001259,E0001259,C0349,P071,2026-01-16,completed,840.45,1
O0001260,E0001260,C0215,P011,2026-01-16,completed,128.09,1
O0001261,E0001261,C0592,P058,2026-01-16,completed,349.45,1
O0001262,E0001262,C0364,P017,2026-01-16,completed,891.67,1
O0001263,E0001263,C0551,P029,2026-01-16,completed,577.28,1
O0001264,E0001264,C0143,P042,2026-01-16,completed,149.38,1
O0001265,E0001265,C0391,P043,2026-01-16,completed,172.99,1
O0001266,E0001266,C0112,P051,2026-01-16,completed,150.17,1
O0001267,E0001267,C0096,P073,2026-01-16,cancelled,464.03,1
O0001268,E0001268,C0028,P014,2026-01-16,completed,62.88,1
O0001269,E0001269,C0211,P026,2026-01-16,completed,795.47,1
O0001270,E0001270,C0378,P038,2026-01-16,completed,183.98,1
O0001271,E0001271,C0401,P002,2026-01-16,completed,545.92,1
O0001272,E0001272,C0399,P015,2026-01-16,completed,72.3,1
O0001273,E0001273,C0487,P027,2026-01-16,completed,624.89,1
O0001274,E0001274,C0515,P078,2026-01-16,completed,351.14,1
O0001275,E0001275,C0457,P059,2026-01-16,completed,32.18,1
O0001276,E0001276,C0583,P052,2026-01-16,completed,562.09,1
O0001277,E0001277,C0295,P063,2026-01-16,completed,140.64,1
O0001278,E0001278,C0401,P059,2026-01-16,completed,72.96,1
O0001279,E0001279,C0469,P023,2026-01-16,completed,281.69,1
O0001280,E0001280,C0246,P024,2026-01-17,completed,17.07,1
O0001281,E0001281,C0069,P021,2026-01-17,completed,486.45,1
O0001282,E0001282,C0378,P028,2026-01-17,returned,56.2,1
O0001283,E0001283,C0462,P014,2026-01-17,completed,83.87,1
O0001284,E0001284,C0075,P033,2026-01-17,completed,142.32,1
O0001285,E0001285,C0407,P060,2026-01-17,completed,139.15,1
O0001286,E0001286,C0335,P002,2026-01-17,completed,256.41,1
O0001287,E0001287,C0449,P060,2026-01-17,completed,99.37,1
O0001288,E0001288,C0019,P061,2026-01-17,completed,526.74,1
O0001289,E0001289,C0173,P013,2026-01-17,completed,778.25,1
O0001290,E0001290,C0183,P002,2026-01-17,completed,293.07,1
O0001291,E0001291,C0049,P005,2026-01-17,returned,122.53,1
O0001292,E0001292,C0400,P067,2026-01-17,completed,37.65,1
O0001293,E0001293,C0387,P040,2026-01-17,completed,17.5,1
O0001294,E0001294,C0205,P026,2026-01-17,returned,409.75,1
O0001295,E0001295,C0197,P003,2026-01-17,completed,794.7,1
O0001296,E0001296,C0172,P009,2026-01-17,completed,479.71,1
O0001297,E0001297,C0576,P054,2026-01-17,completed,565.25,1
O0001298,E0001298,C0439,P025,2026-01-17,completed,857.23,1
O0001299,E0001299,C0016,P030,2026-01-17,completed,372.92,1
O0001300,E0001300,C0068,P041,2026-01-17,completed,200.04,1
O0001301,E0001301,C0224,P036,2026-01-17,completed,171.56,1
O0001302,E0001302,C0550,P039,2026-01-17,completed,33.86,1
O0001303,E0001303,C0398,P073,2026-01-17,completed,529.62,1
O0001304,E0001304,C0494,P018,2026-01-17,completed,598.9,1
O0001305,E0001305,C0392,P043,2026-01-17,completed,181.05,1
O0001306,E0001306,C0239,P030,2026-01-17,completed,219.21,1
O0001307,E0001307,C0439,P079,2026-01-17,completed,266.58,1
O0001308,E0001308,C0511,P032,2026-01-17,completed,548.71,1
O0001309,E0001309,C0244,P026,2026-01-17,completed,187.43,1
O0001310,E0001310,C0138,P077,2026-01-17,cancelled,686.9,1
O0001311,E0001311,C0296,P041,2026-01-17,completed,519.31,1
O0001312,E0001312,C0249,P004,2026-01-17,completed,718.45,1
O0001313,E0001313,C0228,P070,2026-01-17,completed,163.34,1
O0001314,E0001314,C0067,P049,2026-01-17,completed,38.27,1
O0001315,E0001315,C0210,P063,2026-01-17,completed,232.26,1
O0001316,E0001316,C0242,P012,2026-01-17,completed,290.39,1
O0001317,E0001317,C0203,P011,2026-01-17,completed,73.91,1
O0001318,E0001318,C0591,P055,2026-01-17,completed,384.67,1
O0001319,E0001319,C0369,P026,2026-01-17,completed,246.54,1
O0001320,E0001320,C0160,P049,2026-01-17,completed,174.9,1
O0001321,E0001321,C0308,P062,2026-01-17,completed,33.88,1
O0001322,E0001322,C0390,P069,2026-01-17,completed,82.85,1
O0001323,E0001323,C0074,P040,2026-01-17,completed,62.98,1
O0001324,E0001324,C0005,P018,2026-01-17,completed,321.61,1
O0001325,E0001325,C0426,P065,2026-01-17,completed,211.44,1
O0001326,E0001326,C0419,P048,2026-01-17,completed,144.88,1
O0001327,E0001327,C0199,P005,2026-01-17,cancelled,49.69,1
O0001328,E0001328,C0522,P056,2026-01-17,cancelled,718.13,1
O0001329,E0001329,C0395,P063,2026-01-17,completed,127.36,1
O0001330,E0001330,C0371,P055,2026-01-17,completed,127.77,1
O0001331,E0001331,C0467,P004,2026-01-17,completed,691.78,1
O0001332,E0001332,C0013,P019,2026-01-17,completed,314.05,1
O0001333,E0001333,C0083,P012,2026-01-17,completed,679.11,1
O0001334,E0001334,C0259,P025,2026-01-17,returned,599.83,1
O0001335,E0001335,C0316,P039,2026-01-17,completed,137.57,1
O0001336,E0001336,C0112,P053,2026-01-17,completed,120.94,1
O0001337,E0001337,C0276,P074,2026-01-17,completed,161.87,1
O0001338,E0001338,C0007,P027,2026-01-17,returned,517.9,1
O0001339,E0001339,C0538,P063,2026-01-17,completed,433.17,1
O0001340,E0001340,C0191,P037,2026-01-17,completed,523.78,1
O0001341,E0001341,C0462,P018,2026-01-17,completed,159.59,1
O0001342,E0001342,C0197,P028,2026-01-17,completed,92.96,1
O0001343,E0001343,C0171,P053,2026-01-17,completed,120.4,1
O0001344,E0001344,C0351,P038,2026-01-17,completed,189.92,1
O0001345,E0001345,C0010,P075,2026-01-17,completed,189.24,1
O0001346,E0001346,C0100,P035,2026-01-17,completed,176.41,1
O0001347,E0001347,C0498,P067,2026-01-17,completed,96.51,1
O0001348,E0001348,C0323,P044,2026-01-17,completed,330.62,1
O0001349,E0001349,C0059,P031,2026-01-17,returned,942.78,1
O0001350,E0001350,C0143,P043,2026-01-17,completed,116.18,1
O0001351,E0001351,C0378,P078,2026-01-17,completed,391.12,1
O0001352,E0001352,C0193,P080,2026-01-17,completed,202.78,1
O0001353,E0001353,C0334,P042,2026-01-17,completed,135.25,1
O0001354,E0001354,C0357,P057,2026-01-17,completed,199.22,1
O0001355,E0001355,C0395,P061,2026-01-17,cancelled,265.03,1
O0001356,E0001356,C0131,P078,2026-01-17,completed,160.41,1
O0001357,E0001357,C0173,P012,2026-01-17,completed,613.97,1
O0001358,E0001358,C0250,P058,2026-01-17,cancelled,444.9,1
O0001359,E0001359,C0109,P022,2026-01-17,completed,166.2,1
O0001360,E0001360,C0288,P004,2026-01-18,completed,1037.61,1
O0001361,E0001361,C0140,P033,2026-01-18,completed,219.62,1
O0001362,E0001362,C0230,P069,2026-01-18,completed,74.58,1
O0001363,E0001363,C0387,P074,2026-01-18,completed,274.4,1
O0001364,E0001364,C0239,P049,2026-01-18,completed,203.99,1
O0001365,E0001365,C0349,P034,2026-01-18,completed,156.42,1
O0001366,E0001366,C0587,P076,2026-01-18,returned,84.55,1
O0001367,E0001367,C0319,P017,2026-01-18,completed,243.32,1
O0001368,E0001368,C0328,P076,2026-01-18,completed,352.82,1
O0001369,E0001369,C0533,P047,2026-01-18,completed,524.23,1
O0001370,E0001370,C0552,P078,2026-01-18,completed,157.09,1
O0001371,E0001371,C0225,P059,2026-01-18,completed,72.18,1
O0001372,E0001372,C0328,P059,2026-01-18,completed,18.81,1
O0001373,E0001373,C0221,P065,2026-01-18,cancelled,184.92,1
O0001374,E0001374,C0157,P038,2026-01-18,completed,651.82,1
O0001375,E0001375,C0054,P027,2026-01-18,completed,436.82,1
O0001376,E0001376,C0164,P023,2026-01-18,completed,275.4,1
O0001377,E0001377,C0357,P071,2026-01-18,completed,733.02,1
O0001378,E0001378,C0290,P051,2026-01-18,completed,120.54,1
O0001379,E0001379,C0135,P025,2026-01-18,completed,181.96,1
O0001380,E0001380,C0469,P075,2026-01-18,completed,451.75,1
O0001381,E0001381,C0299,P021,2026-01-18,completed,595.0,1
O0001382,E0001382,C0010,P019,2026-01-18,completed,342.56,1
O0001383,E0001383,C0386,P074,2026-01-18,completed,198.12,1
O0001384,E0001384,C0184,P022,2026-01-18,returned,500.78,1
O0001385,E0001385,C0153,P016,2026-01-18,cancelled,933.34,1
O0001386,E0001386,C0501,P052,2026-01-18,completed,698.19,1
O0001387,E0001387,C0092,P077,2026-01-18,cancelled,1008.43,1
O0001388,E0001388,C0456,P060,2026-01-18,completed,200.3,1
O0001389,E0001389,C0522,P002,2026-01-18,completed,375.19,1
O0001390,E0001390,C0281,P003,2026-01-18,completed,1058.82,1
O0001391,E0001391,C0445,P013,2026-01-18,completed,803.58,1
O0001392,E0001392,C0416,P074,2026-01-18,completed,160.29,1
O0001393,E0001393,C0066,P003,2026-01-18,completed,989.96,1
O0001394,E0001394,C0213,P075,2026-01-18,completed,219.16,1
O0001395,E0001395,C0006,P016,2026-01-18,completed,456.21,1
O0001396,E0001396,C0589,P058,2026-01-18,completed,369.08,1
O0001397,E0001397,C0087,P021,2026-01-18,completed,135.43,1
O0001398,E0001398,C0434,P065,2026-01-18,completed,137.03,1
O0001399,E0001399,C0547,P001,2026-01-18,completed,276.22,1
O0001400,E0001400,C0552,P018,2026-01-18,completed,614.73,1
O0001401,E0001401,C0243,P027,2026-01-18,completed,195.22,1
O0001402,E0001402,C0138,P025,2026-01-18,completed,415.51,1
O0001403,E0001403,C0433,P071,2026-01-18,completed,355.16,1
O0001404,E0001404,C0410,P071,2026-01-18,completed,359.23,1
O0001405,E0001405,C0549,P011,2026-01-18,returned,81.31,1
O0001406,E0001406,C0382,P010,2026-01-18,completed,424.1,1
O0001407,E0001407,C0324,P066,2026-01-18,completed,435.99,1
O0001408,E0001408,C0080,P056,2026-01-18,completed,517.27,1
O0001409,E0001409,C0068,P016,2026-01-18,completed,947.24,1
O0001410,E0001410,C0150,P012,2026-01-18,completed,392.44,1
O0001411,E0001411,C0388,P029,2026-01-18,completed,215.22,1
O0001412,E0001412,C0502,P016,2026-01-18,completed,724.07,1
O0001413,E0001413,C0565,P068,2026-01-18,completed,488.82,1
O0001414,E0001414,C0399,P078,2026-01-18,completed,455.31,1
O0001415,E0001415,C0489,P045,2026-01-18,completed,949.2,1
O0001416,E0001416,C0130,P017,2026-01-18,completed,436.18,1
O0001417,E0001417,C0256,P049,2026-01-18,completed,120.13,1
O0001418,E0001418,C0363,P078,2026-01-18,completed,755.8,1
O0001419,E0001419,C0534,P060,2026-01-18,completed,223.11,1
O0001420,E0001420,C0417,P030,2026-01-18,completed,700.9,1
O0001421,E0001421,C0246,P041,2026-01-18,completed,122.98,1
O0001422,E0001422,C0568,P022,2026-01-18,completed,373.09,1
O0001423,E0001423,C0521,P064,2026-01-18,completed,83.7,1
O0001424,E0001424,C0416,P018,2026-01-18,completed,189.01,1
O0001425,E0001425,C0436,P079,2026-01-18,completed,187.2,1
O0001426,E0001426,C0460,P069,2026-01-18,completed,21.95,1
O0001427,E0001427,C0137,P068,2026-01-18,returned,400.42,1
O0001428,E0001428,C0175,P046,2026-01-18,cancelled,612.61,1
O0001429,E0001429,C0298,P015,2026-01-18,completed,81.53,1
O0001430,E0001430,C0223,P062,2026-01-18,completed,124.17,1
O0001431,E0001431,C0475,P040,2026-01-18,returned,20.34,1
O0001432,E0001432,C0472,P080,2026-01-18,completed,34.19,1
O0001433,E0001433,C0412,P039,2026-01-18,completed,51.96,1
O0001434,E0001434,C0542,P002,2026-01-18,completed,116.29,1
O0001435,E0001435,C0160,P020,2026-01-18,completed,74.95,1
O0001436,E0001436,C0374,P033,2026-01-18,completed,516.65,1
O0001437,E0001437,C0450,P024,2026-01-18,completed,75.17,1
O0001438,E0001438,C0204,P018,2026-01-18,completed,545.54,1
O0001439,E0001439,C0340,P025,2026-01-18,completed,589.06,1
O0001440,E0001440,C0273,P005,2026-01-19,completed,103.6,1
O0001441,E0001441,C0333,P054,2026-01-19,completed,327.42,1
O0001442,E0001442,C0135,P052,2026-01-19,completed,1020.4,1
O0001443,E0001443,C0513,P014,2026-01-19,completed,45.81,1
O0001444,E0001444,C0009,P031,2026-01-19,completed,1010.61,1
O0001445,E0001445,C0254,P062,2026-01-19,completed,142.6,1
O0001446,E0001446,C0118,P020,2026-01-19,completed,160.5,1
O0001447,E0001447,C0204,P034,2026-01-19,cancelled,683.99,1
O0001448,E0001448,C0194,P014,2026-01-19,completed,37.1,1
O0001449,E0001449,C0136,P076,2026-01-19,completed,63.29,1
O0001450,E0001450,C0437,P005,2026-01-19,completed,51.61,1
O0001451,E0001451,C0418,P079,2026-01-19,completed,758.83,1
O0001452,E0001452,C0345,P040,2026-01-19,completed,41.02,1
O0001453,E0001453,C0312,P062,2026-01-19,completed,34.66,1
O0001454,E0001454,C0253,P035,2026-01-19,completed,1110.2,1
O0001455,E0001455,C0218,P007,2026-01-19,completed,360.24,1
O0001456,E0001456,C0190,P061,2026-01-19,completed,953.09,1
O0001457,E0001457,C0014,P063,2026-01-19,completed,123.28,1
O0001458,E0001458,C0371,P071,2026-01-19,completed,471.32,1
O0001459,E0001459,C0216,P076,2026-01-19,completed,213.72,1
O0001460,E0001460,C0043,P050,2026-01-19,completed,66.73,1
O0001461,E0001461,C0077,P025,2026-01-19,completed,173.4,1
O0001462,E0001462,C0547,P080,2026-01-19,completed,95.52,1
O0001463,E0001463,C0574,P020,2026-01-19,completed,160.93,1
O0001464,E0001464,C0070,P047,2026-01-19,completed,959.72,1
O0001465,E0001465,C0171,P054,2026-01-19,completed,198.98,1
O0001466,E0001466,C0580,P036,2026-01-19,completed,150.91,1
O0001467,E0001467,C0170,P025,2026-01-19,completed,169.36,1
O0001468,E0001468,C0279,P066,2026-01-19,completed,1025.38,1
O0001469,E0001469,C0526,P024,2026-01-19,completed,21.79,1
O0001470,E0001470,C0226,P065,2026-01-19,completed,170.54,1
O0001471,E0001471,C0547,P035,2026-01-19,completed,194.12,1
O0001472,E0001472,C0137,P038,2026-01-19,completed,577.39,1
O0001473,E0001473,C0548,P007,2026-01-19,completed,276.87,1
O0001474,E0001474,C0333,P001,2026-01-19,completed,373.17,1
O0001475,E0001475,C0333,P071,2026-01-19,completed,472.21,1
O0001476,E0001476,C0181,P002,2026-01-19,completed,303.91,1
O0001477,E0001477,C0392,P003,2026-01-19,completed,263.83,1
O0001478,E0001478,C0453,P033,2026-01-19,returned,385.17,1
O0001479,E0001479,C0160,P042,2026-01-19,completed,601.34,1
O0001480,E0001480,C0491,P030,2026-01-19,completed,387.47,1
O0001481,E0001481,C0194,P064,2026-01-19,completed,46.31,1
O0001482,E0001482,C0022,P063,2026-01-19,returned,346.07,1
O0001483,E0001483,C0072,P021,2026-01-19,returned,351.56,1
O0001484,E0001484,C0103,P010,2026-01-19,completed,931.32,1
O0001485,E0001485,C0103,P068,2026-01-19,completed,176.16,1
O0001486,E0001486,C0136,P050,2026-01-19,completed,94.49,1
O0001487,E0001487,C0010,P011,2026-01-19,completed,45.28,1
O0001488,E0001488,C0208,P014,2026-01-19,completed,21.31,1
O0001489,E0001489,C0315,P062,2026-01-19,completed,85.03,1
O0001490,E0001490,C0557,P062,2026-01-19,completed,85.16,1
O0001491,E0001491,C0106,P003,2026-01-19,completed,525.23,1
O0001492,E0001492,C0233,P054,2026-01-19,completed,195.87,1
O0001493,E0001493,C0394,P050,2026-01-19,completed,175.79,1
O0001494,E0001494,C0105,P015,2026-01-19,completed,185.11,1
O0001495,E0001495,C0087,P046,2026-01-19,completed,439.49,1
O0001496,E0001496,C0186,P006,2026-01-19,completed,598.78,1
O0001498,E0001498,C0272,P014,2026-01-19,completed,55.57,1
O0001499,E0001499,C0151,P010,2026-01-19,completed,556.71,1
O0001500,E0001500,C0069,P019,2026-01-19,completed,661.71,1
O0001501,E0001501,C0093,P074,2026-01-19,completed,193.29,1
O0001502,E0001502,C0507,P017,2026-01-19,completed,568.9,1
O0001503,E0001503,C0142,P062,2026-01-19,completed,103.3,1
O0001504,E0001504,C0546,P032,2026-01-19,completed,944.12,1
O0001505,E0001505,C0540,P030,2026-01-19,completed,830.29,1
O0001506,E0001506,C0209,P029,2026-01-19,completed,116.18,1
O0001507,E0001507,C0113,P003,2026-01-19,completed,425.36,1
O0001508,E0001508,C0302,P045,2026-01-19,completed,509.95,1
O0001509,E0001509,C0249,P019,2026-01-19,completed,613.81,1
O0001510,E0001510,C0387,P029,2026-01-19,completed,220.2,1
O0001511,E0001511,C0109,P004,2026-01-19,completed,208.18,1
O0001512,E0001512,C0031,P075,2026-01-19,completed,441.66,1
O0001513,E0001513,C0583,P047,2026-01-19,completed,191.55,1
O0001514,E0001514,C0541,P054,2026-01-19,completed,279.07,1
O0001515,E0001515,C0014,P039,2026-01-19,completed,149.64,1
O0001516,E0001516,C0178,P015,2026-01-19,completed,88.68,1
O0001517,E0001517,C0568,P021,2026-01-19,completed,707.5,1
O0001518,E0001518,C0434,P034,2026-01-19,returned,388.49,1
O0001519,E0001519,C0129,P021,2026-01-19,completed,494.26,1
O0001520,E0001520,C0189,P028,2026-01-20,completed,185.58,1
O0001521,E0001521,C0489,P072,2026-01-20,completed,92.93,1
O0001522,E0001522,C0435,P052,2026-01-20,completed,537.46,1
O0001523,E0001523,C0029,P035,2026-01-20,completed,552.12,1
O0001524,E0001524,C0012,P037,2026-01-20,completed,336.71,1
O0001525,E0001525,C0247,P040,2026-01-20,completed,14.38,1
O0001526,E0001526,C0047,P011,2026-01-20,cancelled,154.72,1
O0001527,E0001527,C0290,P041,2026-01-20,completed,315.7,1
O0001528,E0001528,C0133,P065,2026-01-20,completed,188.53,1
O0001529,E0001529,C0515,P013,2026-01-20,completed,280.47,1
O0001530,E0001530,C0039,P020,2026-01-20,completed,285.96,1
O0001531,E0001531,C0238,P021,2026-01-20,completed,150.28,1
O0001532,E0001532,C0514,P028,2026-01-20,completed,125.81,1
O0001533,E0001533,C0459,P078,2026-01-20,completed,695.43,1
O0001534,E0001534,C0041,P017,2026-01-20,completed,749.21,1
O0001535,E0001535,C0157,P050,2026-01-20,completed,101.06,1
O0001536,E0001536,C0561,P064,2026-01-20,completed,62.93,1
O0001537,E0001537,C0303,P012,2026-01-20,completed,277.83,1
O0001538,E0001538,C0073,P009,2026-01-20,completed,190.21,1
O0001539,E0001539,C0453,P059,2026-01-20,completed,62.04,1
O0001540,E0001540,C0041,P018,2026-01-20,returned,917.36,1
O0001541,E0001541,C0452,P037,2026-01-20,completed,482.66,1
O0001542,E0001542,C0086,P066,2026-01-20,completed,824.26,1
O0001543,E0001543,C0059,P053,2026-01-20,completed,89.56,1
O0001544,E0001544,C0108,P032,2026-01-20,completed,474.55,1
O0001545,E0001545,C0229,P049,2026-01-20,completed,42.83,1
O0001546,E0001546,C0548,P060,2026-01-20,completed,231.69,1
O0001547,E0001547,C0407,P060,2026-01-20,completed,52.97,1
O0001548,E0001548,C0351,P056,2026-01-20,completed,585.51,1
O0001549,E0001549,C0286,P063,2026-01-20,completed,151.2,1
O0001550,E0001550,C0219,P005,2026-01-20,completed,73.09,1
O0001551,E0001551,C0064,P073,2026-01-20,completed,608.34,1
O0001552,E0001552,C0056,P047,2026-01-20,completed,533.38,1
O0001553,E0001553,C0259,P003,2026-01-20,cancelled,701.8,1
O0001554,E0001554,C0084,P023,2026-01-20,completed,264.47,1
O0001555,E0001555,C0189,P058,2026-01-20,returned,680.84,1
O0001556,E0001556,C0305,P007,2026-01-20,completed,559.94,1
O0001557,E0001557,C0549,P026,2026-01-20,completed,837.72,1
O0001558,E0001558,C0011,P021,2026-01-20,cancelled,593.53,1
O0001559,E0001559,C0332,P077,2026-01-20,completed,519.69,1
O0001560,E0001560,C0512,P041,2026-01-20,completed,274.46,1
O0001561,E0001561,C0270,P041,2026-01-20,completed,564.92,1
O0001562,E0001562,C0461,P001,2026-01-20,cancelled,283.01,1
O0001563,E0001563,C0431,P075,2026-01-20,completed,330.67,1
O0001564,E0001564,C0357,P070,2026-01-20,completed,142.99,1
O0001565,E0001565,C0380,P025,2026-01-20,cancelled,184.37,1
O0001566,E0001566,C0512,P047,2026-01-20,completed,258.3,1
O0001567,E0001567,C0536,P059,2026-01-20,completed,77.93,1
O0001568,E0001568,C0383,P043,2026-01-20,completed,128.51,1
O0001569,E0001569,C0292,P071,2026-01-20,completed,776.09,1
O0001570,E0001570,C0090,P056,2026-01-20,completed,232.47,1
O0001571,E0001571,C0107,P014,2026-01-20,completed,57.25,1
O0001572,E0001572,C0516,P080,2026-01-20,returned,140.18,1
O0001573,E0001573,C0229,P005,2026-01-20,completed,70.34,1
O0001574,E0001574,C0128,P059,2026-01-20,completed,68.58,1
O0001575,E0001575,C0008,P060,2026-01-20,completed,287.03,1
O0001576,E0001576,C0315,P029,2026-01-20,completed,354.61,1
O0001577,E0001577,C0034,P054,2026-01-20,completed,503.08,1
O0001578,E0001578,C0344,P004,2026-01-20,completed,609.23,1
O0001579,E0001579,C0198,P074,2026-01-20,cancelled,306.88,1
O0001580,E0001580,C0132,P051,2026-01-20,completed,181.14,1
O0001581,E0001581,C0530,P050,2026-01-20,cancelled,207.99,1
O0001582,E0001582,C0517,P056,2026-01-20,completed,466.52,1
O0001583,E0001583,C0567,P074,2026-01-20,completed,304.28,1
O0001584,E0001584,C0012,P042,2026-01-20,completed,468.25,1
O0001585,E0001585,C0586,P076,2026-01-20,completed,80.03,1
O0001586,E0001586,C0367,P004,2026-01-20,completed,713.23,1
O0001587,E0001587,C0549,P031,2026-01-20,completed,380.14,1
O0001588,E0001588,C0267,P032,2026-01-20,completed,1056.04,1
O0001589,E0001589,C0594,P007,2026-01-20,completed,189.11,1
O0001590,E0001590,C0110,P014,2026-01-20,completed,22.26,1
O0001591,E0001591,C0507,P037,2026-01-20,completed,175.56,1
O0001592,E0001592,C0503,P047,2026-01-20,returned,187.76,1
O0001593,E0001593,C0216,P003,2026-01-20,completed,213.96,1
O0001594,E0001594,C0165,P054,2026-01-20,completed,598.64,1
O0001595,E0001595,C0121,P039,2026-01-20,completed,28.74,1
O0001596,E0001596,C0163,P045,2026-01-20,completed,230.72,1
O0001597,E0001597,C0549,P033,2026-01-20,returned,154.95,1
O0001598,E0001598,C0118,P067,2026-01-20,completed,85.74,1
O0001599,E0001599,C0130,P028,2026-01-20,completed,48.67,1
O0001600,E0001600,C0565,P036,2026-01-21,completed,665.49,1
O0001601,E0001601,C0525,P038,2026-01-21,completed,1056.79,1
O0001602,E0001602,C0403,P025,2026-01-21,completed,457.92,1
O0001603,E0001603,C0211,P075,2026-01-21,completed,396.85,1
O0001604,E0001604,C0327,P063,2026-01-21,completed,397.02,1
O0001605,E0001605,C0383,P014,2026-01-21,completed,53.74,1
O0001606,E0001606,C0420,P009,2026-01-21,completed,721.63,1
O0001607,E0001607,C0408,P078,2026-01-21,completed,617.83,1
O0001608,E0001608,C0367,P015,2026-01-21,completed,137.83,1
O0001609,E0001609,C0322,P010,2026-01-21,completed,447.0,1
O0001610,E0001610,C0219,P002,2026-01-21,completed,269.57,1
O0001611,E0001611,C0395,P073,2026-01-21,completed,172.42,1
O0001612,E0001612,C0077,P078,2026-01-21,completed,501.44,1
O0001613,E0001613,C0203,P054,2026-01-21,completed,477.14,1
O0001614,E0001614,C0432,P007,2026-01-21,completed,470.64,1
O0001615,E0001615,C0243,P016,2026-01-21,completed,913.37,1
O0001616,E0001616,C0473,P003,2026-01-21,completed,229.88,1
O0001617,E0001617,C0346,P017,2026-01-21,completed,191.31,1
O0001618,E0001618,C0309,P003,2026-01-21,completed,697.19,1
O0001619,E0001619,C0506,P041,2026-01-21,completed,330.68,1
O0001620,E0001620,C0506,P007,2026-01-21,completed,685.96,1
O0001621,E0001621,C0030,P016,2026-01-21,completed,262.83,1
O0001622,E0001622,C0447,P007,2026-01-21,completed,390.87,1
O0001623,E0001623,C0551,P022,2026-01-21,completed,512.65,1
O0001624,E0001624,C0050,P007,2026-01-21,completed,178.03,1
O0001625,E0001625,C0277,P010,2026-01-21,completed,1035.6,1
O0001626,E0001626,C0130,P022,2026-01-21,returned,160.65,1
O0001627,E0001627,C0458,P019,2026-01-21,completed,708.65,1
O0001628,E0001628,C0502,P016,2026-01-21,completed,765.31,1
O0001629,E0001629,C0271,P042,2026-01-21,completed,143.59,1
O0001630,E0001630,C0211,P038,2026-01-21,completed,429.4,1
O0001631,E0001631,C0014,P010,2026-01-21,completed,474.52,1
O0001632,E0001632,C0108,P028,2026-01-21,completed,221.91,1
O0001633,E0001633,C0320,P027,2026-01-21,completed,610.99,1
O0001634,E0001634,C0134,P059,2026-01-21,completed,24.37,1
O0001635,E0001635,C0410,P047,2026-01-21,completed,425.59,1
O0001636,E0001636,C0592,P009,2026-01-21,completed,513.49,1
O0001637,E0001637,C0247,P014,2026-01-21,completed,21.81,1
O0001638,E0001638,C0361,P059,2026-01-21,completed,65.19,1
O0001639,E0001639,C0218,P016,2026-01-21,returned,701.13,1
O0001640,E0001640,C0452,P051,2026-01-21,completed,39.81,1
O0001641,E0001641,C0199,P048,2026-01-21,completed,681.72,1
O0001642,E0001642,C0532,P025,2026-01-21,completed,743.26,1
O0001643,E0001643,C0225,P014,2026-01-21,completed,19.81,1
O0001644,E0001644,C0068,P007,2026-01-21,returned,325.07,1
O0001645,E0001645,C0402,P013,2026-01-21,completed,1115.7,1
O0001646,E0001646,C0508,P013,2026-01-21,completed,817.24,1
O0001647,E0001647,C0295,P022,2026-01-21,completed,430.49,1
O0001648,E0001648,C0313,P001,2026-01-21,completed,469.03,1
O0001649,E0001649,C0192,P031,2026-01-21,completed,474.76,1
O0001650,E0001650,C0439,P059,2026-01-21,completed,64.57,1
O0001651,E0001651,C0175,P003,2026-01-21,completed,191.39,1
O0001652,E0001652,C0501,P002,2026-01-21,completed,142.51,1
O0001653,E0001653,C0581,P032,2026-01-21,completed,181.3,1
O0001654,E0001654,C0151,P038,2026-01-21,completed,466.8,1
O0001655,E0001655,C0464,P013,2026-01-21,completed,810.51,1
O0001656,E0001656,C0260,P045,2026-01-21,cancelled,775.89,1
O0001657,E0001657,C0531,P059,2026-01-21,completed,58.47,1
O0001658,E0001658,C0152,P077,2026-01-21,completed,209.73,1
O0001659,E0001659,C0032,P029,2026-01-21,completed,441.35,1
O0001660,E0001660,C0212,P074,2026-01-21,completed,320.34,1
O0001661,E0001661,C0281,P012,2026-01-21,completed,172.31,1
O0001662,E0001662,C0272,P070,2026-01-21,returned,133.25,1
O0001663,E0001663,C0283,P045,2026-01-21,returned,830.99,1
O0001664,E0001664,C0126,P025,2026-01-21,completed,538.86,1
O0001665,E0001665,C0296,P059,2026-01-21,completed,71.48,1
O0001666,E0001666,C0154,P002,2026-01-21,completed,507.65,1
O0001667,E0001667,C0499,P038,2026-01-21,completed,745.48,1
O0001668,E0001668,C0223,P009,2026-01-21,completed,156.95,1
O0001669,E0001669,C0441,P076,2026-01-21,completed,75.4,1
O0001670,E0001670,C0515,P001,2026-01-21,completed,291.36,1
O0001671,E0001671,C0147,P072,2026-01-21,completed,70.06,1
O0001672,E0001672,C0225,P026,2026-01-21,completed,781.72,1
O0001673,E0001673,C0433,P061,2026-01-21,returned,800.28,1
O0001674,E0001674,C0178,P013,2026-01-21,returned,849.32,1
O0001675,E0001675,C0205,P056,2026-01-21,completed,389.09,1
O0001676,E0001676,C0088,P018,2026-01-21,completed,483.43,1
O0001677,E0001677,C0385,P073,2026-01-21,returned,285.05,1
O0001678,E0001678,C0516,P056,2026-01-21,completed,644.8,1
O0001679,E0001679,C0421,P046,2026-01-21,completed,614.09,1
O0001680,E0001680,C0091,P004,2026-01-22,returned,670.93,1
O0001681,E0001681,C0595,P018,2026-01-22,completed,340.45,1
O0001682,E0001682,C0055,P048,2026-01-22,completed,487.6,1
O0001683,E0001683,C0531,P051,2026-01-22,completed,171.34,1
O0001684,E0001684,C0342,P007,2026-01-22,completed,140.0,1
O0001685,E0001685,C0063,P013,2026-01-22,completed,730.94,1
O0001686,E0001686,C0210,P075,2026-01-22,completed,212.04,1
O0001687,E0001687,C0229,P019,2026-01-22,completed,365.53,1
O0001688,E0001688,C0497,P020,2026-01-22,completed,57.16,1
O0001689,E0001689,C0533,P026,2026-01-22,completed,166.49,1
O0001690,E0001690,C0401,P032,2026-01-22,completed,911.29,1
O0001691,E0001691,C0241,P016,2026-01-22,completed,432.54,1
O0001692,E0001692,C0127,P070,2026-01-22,completed,287.51,1
O0001693,E0001693,C0175,P019,2026-01-22,completed,255.2,1
O0001694,E0001694,C0103,P070,2026-01-22,completed,202.88,1
O0001695,E0001695,C0110,P064,2026-01-22,completed,97.23,1
O0001696,E0001696,C0469,P054,2026-01-22,completed,410.67,1
O0001697,E0001697,C0456,P073,2026-01-22,completed,150.68,1
O0001698,E0001698,C0284,P046,2026-01-22,cancelled,626.13,1
O0001699,E0001699,C0358,P021,2026-01-22,completed,357.08,1
O0001700,E0001700,C0361,P068,2026-01-22,completed,250.33,1
O0001701,E0001701,C0286,P073,2026-01-22,completed,319.76,1
O0001702,E0001702,C0386,P039,2026-01-22,returned,107.93,1
O0001703,E0001703,C0133,P078,2026-01-22,completed,599.03,1
O0001704,E0001704,C0070,P042,2026-01-22,completed,601.09,1
O0001705,E0001705,C0109,P004,2026-01-22,completed,181.22,1
O0001706,E0001706,C0108,P061,2026-01-22,completed,396.47,1
O0001707,E0001707,C0066,P023,2026-01-22,completed,313.61,1
O0001708,E0001708,C0453,P079,2026-01-22,completed,126.69,1
O0001709,E0001709,C0329,P048,2026-01-22,completed,369.65,1
O0001710,E0001710,C0201,P058,2026-01-22,completed,551.88,1
O0001711,E0001711,C0166,P063,2026-01-22,completed,244.22,1
O0001712,E0001712,C0099,P068,2026-01-22,completed,134.77,1
O0001713,E0001713,C0418,P005,2026-01-22,completed,107.28,1
O0001714,E0001714,C0195,P070,2026-01-22,completed,252.55,1
O0001715,E0001715,C0366,P027,2026-01-22,completed,537.29,1
O0001716,E0001716,C0438,P072,2026-01-22,completed,132.47,1
O0001717,E0001717,C0530,P049,2026-01-22,returned,92.86,1
O0001718,E0001718,C0024,P013,2026-01-22,completed,619.2,1
O0001719,E0001719,C0070,P038,2026-01-22,returned,611.01,1
O0001720,E0001720,C0531,P021,2026-01-22,cancelled,244.66,1
O0001721,E0001721,C0560,P079,2026-01-22,completed,154.26,1
O0001722,E0001722,C0031,P015,2026-01-22,completed,271.95,1
O0001723,E0001723,C0143,P044,2026-01-22,completed,102.56,1
O0001724,E0001724,C0242,P071,2026-01-22,completed,174.95,1
O0001725,E0001725,C0355,P010,2026-01-22,completed,245.01,1
O0001726,E0001726,C0565,P054,2026-01-22,completed,172.73,1
O0001727,E0001727,C0509,P017,2026-01-22,completed,157.25,1
O0001728,E0001728,C0234,P029,2026-01-22,completed,385.33,1
O0001729,E0001729,C0548,P008,2026-01-22,completed,381.7,1
O0001730,E0001730,C0054,P049,2026-01-22,completed,200.0,1
O0001731,E0001731,C0563,P049,2026-01-22,completed,173.91,1
O0001732,E0001732,C0361,P015,2026-01-22,completed,267.73,1
O0001733,E0001733,C0095,P044,2026-01-22,completed,189.11,1
O0001734,E0001734,C0016,P002,2026-01-22,completed,130.32,1
O0001735,E0001735,C0450,P032,2026-01-22,completed,369.43,1
O0001736,E0001736,C0300,P037,2026-01-22,completed,384.0,1
O0001737,E0001737,C0079,P078,2026-01-22,completed,207.08,1
O0001738,E0001738,C0226,P070,2026-01-22,completed,224.54,1
O0001739,E0001739,C0251,P039,2026-01-22,returned,114.99,1
O0001740,E0001740,C0056,P035,2026-01-22,completed,234.15,1
O0001741,E0001741,C0081,P053,2026-01-22,completed,319.77,1
O0001742,E0001742,C0567,P018,2026-01-22,completed,568.6,1
O0001743,E0001743,C0037,P016,2026-01-22,completed,500.78,1
O0001744,E0001744,C0022,P057,2026-01-22,completed,196.32,1
O0001745,E0001745,C0087,P005,2026-01-22,completed,94.28,1
O0001746,E0001746,C0392,P036,2026-01-22,completed,172.85,1
O0001747,E0001747,C0442,P057,2026-01-22,completed,345.79,1
O0001748,E0001748,C0027,P007,2026-01-22,completed,367.06,1
O0001749,E0001749,C0222,P078,2026-01-22,completed,533.77,1
O0001750,E0001750,C0438,P004,2026-01-22,completed,997.09,1
O0001751,E0001751,C0548,P008,2026-01-22,completed,518.19,1
O0001752,E0001752,C0167,P055,2026-01-22,completed,450.22,1
O0001753,E0001753,C0016,P060,2026-01-22,completed,149.63,1
O0001754,E0001754,C0346,P036,2026-01-22,completed,483.96,1
O0001755,E0001755,C0257,P051,2026-01-22,completed,106.34,1
O0001756,E0001756,C0271,P078,2026-01-22,completed,525.78,1
O0001757,E0001757,C0478,P023,2026-01-22,completed,64.09,1
O0001758,E0001758,C0419,P046,2026-01-22,completed,369.37,1
O0001759,E0001759,C0066,P075,2026-01-22,returned,511.56,1
O0001760,E0001760,C0507,P024,2026-01-23,completed,71.77,1
O0001761,E0001761,C0239,P030,2026-01-23,completed,166.73,1
O0001762,E0001762,C0594,P005,2026-01-23,completed,121.08,1
O0001763,E0001763,C0264,P006,2026-01-23,completed,615.34,1
O0001764,E0001764,C0359,P046,2026-01-23,completed,249.77,1
O0001765,E0001765,C0243,P010,2026-01-23,completed,194.57,1
O0001766,E0001766,C0074,P042,2026-01-23,completed,668.78,1
O0001767,E0001767,C0369,P055,2026-01-23,returned,362.94,1
O0001768,E0001768,C0032,P053,2026-01-23,returned,284.6,1
O0001769,E0001769,C0109,P048,2026-01-23,completed,191.55,1
O0001770,E0001770,C0221,P028,2026-01-23,completed,176.84,1
O0001771,E0001771,C0081,P075,2026-01-23,completed,843.44,1
O0001772,E0001772,C0552,P029,2026-01-23,completed,655.24,1
O0001773,E0001773,C0484,P016,2026-01-23,completed,220.79,1
O0001774,E0001774,C0590,P068,2026-01-23,completed,288.03,1
O0001775,E0001775,C0237,P032,2026-01-23,completed,789.39,1
O0001776,E0001776,C0456,P041,2026-01-23,completed,189.44,1
O0001777,E0001777,C0371,P053,2026-01-23,completed,93.79,1
O0001778,E0001778,C0236,P062,2026-01-23,completed,140.1,1
O0001779,E0001779,C0599,P017,2026-01-23,returned,705.67,1
O0001780,E0001780,C0322,P018,2026-01-23,completed,641.43,1
O0001781,E0001781,C0590,P011,2026-01-23,completed,75.25,1
O0001782,E0001782,C0171,P026,2026-01-23,returned,256.28,1
O0001783,E0001783,C0104,P054,2026-01-23,completed,673.05,1
O0001784,E0001784,C0075,P005,2026-01-23,completed,46.83,1
O0001785,E0001785,C0363,P066,2026-01-23,completed,1084.76,1
O0001786,E0001786,C0122,P052,2026-01-23,completed,560.47,1
O0001787,E0001787,C0076,P044,2026-01-23,completed,125.94,1
O0001788,E0001788,C0447,P046,2026-01-23,returned,758.59,1
O0001789,E0001789,C0156,P062,2026-01-23,completed,39.83,1
O0001790,E0001790,C0389,P001,2026-01-23,completed,439.64,1
O0001791,E0001791,C0100,P057,2026-01-23,completed,665.1,1
O0001792,E0001792,C0293,P039,2026-01-23,completed,106.66,1
O0001793,E0001793,C0043,P050,2026-01-23,completed,139.02,1
O0001794,E0001794,C0102,P027,2026-01-23,completed,487.25,1
O0001795,E0001795,C0450,P037,2026-01-23,completed,743.96,1
O0001796,E0001796,C0238,P022,2026-01-23,completed,184.97,1
O0001797,E0001797,C0029,P036,2026-01-23,completed,315.22,1
O0001798,E0001798,C0007,P006,2026-01-23,cancelled,479.28,1
O0001799,E0001799,C0456,P004,2026-01-23,completed,774.69,1
O0001800,E0001800,C0123,P017,2026-01-23,completed,181.13,1
O0001801,E0001801,C0286,P056,2026-01-23,completed,342.02,1
O0001802,E0001802,C0077,P015,2026-01-23,cancelled,171.87,1
O0001803,E0001803,C0323,P021,2026-01-23,completed,136.82,1
O0001804,E0001804,C0195,P005,2026-01-23,completed,108.94,1
O0001805,E0001805,C0009,P072,2026-01-23,completed,34.16,1
O0001806,E0001806,C0201,P018,2026-01-23,completed,441.09,1
O0001807,E0001807,C0290,P061,2026-01-23,completed,1041.65,1
O0001808,E0001808,C0004,P026,2026-01-23,completed,351.16,1
O0001809,E0001809,C0040,P009,2026-01-23,completed,427.85,1
O0001810,E0001810,C0358,P034,2026-01-23,completed,412.08,1
O0001811,E0001811,C0238,P068,2026-01-23,completed,401.59,1
O0001812,E0001812,C0366,P038,2026-01-23,completed,918.38,1
O0001813,E0001813,C0430,P062,2026-01-23,completed,93.42,1
O0001814,E0001814,C0476,P042,2026-01-23,completed,279.31,1
O0001815,E0001815,C0496,P015,2026-01-23,completed,143.17,1
O0001816,E0001816,C0298,P063,2026-01-23,completed,147.74,1
O0001817,E0001817,C0063,P065,2026-01-23,completed,261.86,1
O0001818,E0001818,C0453,P042,2026-01-23,completed,529.39,1
O0001819,E0001819,C0225,P052,2026-01-23,completed,672.5,1
O0001820,E0001820,C0549,P006,2026-01-23,completed,450.49,1
O0001821,E0001821,C0133,P015,2026-01-23,returned,237.6,1
O0001822,E0001822,C0093,P070,2026-01-23,completed,301.57,1
O0001823,E0001823,C0051,P043,2026-01-23,returned,42.67,1
O0001824,E0001824,C0549,P027,2026-01-23,completed,311.21,1
O0001825,E0001825,C0340,P030,2026-01-23,completed,504.28,1
O0001826,E0001826,C0037,P028,2026-01-23,completed,51.71,1
O0001827,E0001827,C0497,P003,2026-01-23,completed,872.05,1
O0001828,E0001828,C0035,P021,2026-01-23,completed,237.39,1
O0001829,E0001829,C0135,P016,2026-01-23,completed,821.65,1
O0001830,E0001830,C0021,P035,2026-01-23,completed,735.6,1
O0001831,E0001831,C0199,P070,2026-01-23,completed,228.29,1
O0001832,E0001832,C0525,P078,2026-01-23,completed,874.46,1
O0001833,E0001833,C0271,P003,2026-01-23,completed,211.16,1
O0001834,E0001834,C0228,P074,2026-01-23,completed,78.75,1
O0001835,E0001835,C0392,P072,2026-01-23,completed,52.12,1
O0001836,E0001836,C0464,P064,2026-01-23,completed,32.96,1
O0001837,E0001837,C0458,P074,2026-01-23,cancelled,166.22,1
O0001838,E0001838,C0148,P062,2026-01-23,completed,114.9,1
O0001839,E0001839,C0256,P011,2026-01-23,completed,126.77,1
O0001840,E0001840,C0061,P019,2026-01-24,completed,347.31,1
O0001841,E0001841,C0155,P064,2026-01-24,completed,74.31,1
O0001842,E0001842,C0275,P042,2026-01-24,completed,151.5,1
O0001843,E0001843,C0321,P027,2026-01-24,completed,825.95,1
O0001844,E0001844,C0108,P031,2026-01-24,completed,240.2,1
O0001845,E0001845,C0533,P010,2026-01-24,completed,533.24,1
O0001846,E0001846,C0040,P016,2026-01-24,completed,211.54,1
O0001847,E0001847,C0144,P055,2026-01-24,completed,616.13,1
O0001848,E0001848,C0446,P071,2026-01-24,completed,146.27,1
O0001849,E0001849,C0578,P035,2026-01-24,completed,726.33,1
O0001850,E0001850,C0381,P022,2026-01-24,completed,312.54,1
O0001851,E0001851,C0139,P078,2026-01-24,completed,568.24,1
O0001852,E0001852,C0427,P068,2026-01-24,completed,466.96,1
O0001853,E0001853,C0320,P020,2026-01-24,completed,77.31,1
O0001854,E0001854,C0339,P025,2026-01-24,completed,575.72,1
O0001855,E0001855,C0359,P008,2026-01-24,completed,175.99,1
O0001856,E0001856,C0198,P072,2026-01-24,returned,26.89,1
O0001857,E0001857,C0377,P037,2026-01-24,completed,727.23,1
O0001858,E0001858,C0080,P052,2026-01-24,returned,437.64,1
O0001859,E0001859,C0270,P020,2026-01-24,completed,108.75,1
O0001860,E0001860,C0339,P014,2026-01-24,completed,74.9,1
O0001861,E0001861,C0215,P076,2026-01-24,completed,369.88,1
O0001862,E0001862,C0151,P001,2026-01-24,completed,144.03,1
O0001863,E0001863,C0054,P022,2026-01-24,completed,118.23,1
O0001864,E0001864,C0335,P066,2026-01-24,completed,874.42,1
O0001865,E0001865,C0387,P065,2026-01-24,completed,197.32,1
O0001866,E0001866,C0544,P050,2026-01-24,completed,228.95,1
O0001867,E0001867,C0147,P078,2026-01-24,completed,702.27,1
O0001868,E0001868,C0124,P056,2026-01-24,completed,633.87,1
O0001869,E0001869,C0478,P056,2026-01-24,completed,540.34,1
O0001870,E0001870,C0392,P045,2026-01-24,completed,378.97,1
O0001871,E0001871,C0453,P023,2026-01-24,returned,204.52,1
O0001872,E0001872,C0097,P068,2026-01-24,completed,491.95,1
O0001873,E0001873,C0280,P048,2026-01-24,returned,159.5,1
O0001874,E0001874,C0281,P036,2026-01-24,completed,522.25,1
O0001875,E0001875,C0466,P008,2026-01-24,cancelled,776.57,1
O0001876,E0001876,C0040,P023,2026-01-24,completed,97.56,1
O0001877,E0001877,C0135,P004,2026-01-24,completed,475.0,1
O0001878,E0001878,C0064,P054,2026-01-24,completed,538.68,1
O0001879,E0001879,C0018,P013,2026-01-24,completed,423.23,1
O0001880,E0001880,C0529,P041,2026-01-24,returned,292.94,1
O0001881,E0001881,C0067,P052,2026-01-24,completed,229.49,1
O0001882,E0001882,C0455,P065,2026-01-24,completed,100.03,1
O0001883,E0001883,C0178,P036,2026-01-24,completed,796.29,1
O0001884,E0001884,C0350,P001,2026-01-24,completed,120.42,1
O0001885,E0001885,C0091,P073,2026-01-24,completed,467.61,1
O0001886,E0001886,C0021,P012,2026-01-24,completed,342.93,1
O0001887,E0001887,C0472,P022,2026-01-24,completed,402.1,1
O0001888,E0001888,C0136,P032,2026-01-24,completed,500.62,1
O0001889,E0001889,C0144,P007,2026-01-24,completed,423.75,1
O0001890,E0001890,C0205,P041,2026-01-24,completed,401.69,1
O0001891,E0001891,C0502,P038,2026-01-24,completed,224.1,1
O0001892,E0001892,C0175,P075,2026-01-24,completed,859.98,1
O0001893,E0001893,C0445,P075,2026-01-24,completed,387.95,1
O0001894,E0001894,C0093,P037,2026-01-24,completed,678.09,1
O0001895,E0001895,C0119,P027,2026-01-24,completed,178.58,1
O0001896,E0001896,C0382,P024,2026-01-24,completed,62.27,1
O0001897,E0001897,C0108,P049,2026-01-24,completed,160.37,1
O0001898,E0001898,C0487,P046,2026-01-24,completed,488.51,1
O0001899,E0001899,C0314,P044,2026-01-24,completed,290.79,1
O0001900,E0001900,C0468,P060,2026-01-24,completed,279.01,1
O0001901,E0001901,C0250,P074,2026-01-24,completed,387.28,1
O0001902,E0001902,C0308,P048,2026-01-24,completed,631.93,1
O0001903,E0001903,C0432,P030,2026-01-24,completed,237.67,1
O0001904,E0001904,C0168,P035,2026-01-24,cancelled,218.94,1
O0001905,E0001905,C0582,P022,2026-01-24,returned,365.41,1
O0001906,E0001906,C0093,P018,2026-01-24,completed,172.94,1
O0001907,E0001907,C0472,P019,2026-01-24,completed,293.82,1
O0001908,E0001908,C0083,P019,2026-01-24,completed,380.1,1
O0001909,E0001909,C0158,P031,2026-01-24,completed,424.35,1
O0001910,E0001910,C0164,P072,2026-01-24,completed,109.14,1
O0001911,E0001911,C0484,P013,2026-01-24,completed,514.29,1
O0001912,E0001912,C0397,P049,2026-01-24,completed,49.33,1
O0001913,E0001913,C0290,P041,2026-01-24,completed,287.12,1
O0001914,E0001914,C0501,P055,2026-01-24,completed,443.21,1
O0001915,E0001915,C0241,P076,2026-01-24,completed,179.16,1
O0001916,E0001916,C0080,P047,2026-01-24,completed,1003.11,1
O0001917,E0001917,C0310,P030,2026-01-24,completed,341.19,1
O0001918,E0001918,C0155,P012,2026-01-24,completed,608.89,1
O0001919,E0001919,C0268,P040,2026-01-24,completed,19.26,1
O0001920,E0001920,C0477,P023,2026-01-25,completed,90.04,1
O0001921,E0001921,C0013,P011,2026-01-25,completed,166.58,1
O0001922,E0001922,C0012,P041,2026-01-25,completed,464.12,1
O0001923,E0001923,C0265,P052,2026-01-25,completed,672.45,1
O0001924,E0001924,C0515,P015,2026-01-25,completed,343.57,1
O0001925,E0001925,C0115,P061,2026-01-25,completed,790.94,1
O0001926,E0001926,C0082,P023,2026-01-25,cancelled,336.65,1
O0001927,E0001927,C0203,P001,2026-01-25,completed,423.0,1
O0001928,E0001928,C0476,P079,2026-01-25,completed,158.51,1
O0001929,E0001929,C0052,P006,2026-01-25,completed,702.24,1
O0001930,E0001930,C0304,P077,2026-01-25,completed,623.35,1
O0001931,E0001931,C0428,P004,2026-01-25,completed,549.6,1
O0001932,E0001932,C0366,P058,2026-01-25,completed,238.69,1
O0001933,E0001933,C0087,P005,2026-01-25,completed,57.4,1
O0001934,E0001934,C0442,P013,2026-01-25,completed,787.36,1
O0001935,E0001935,C0537,P036,2026-01-25,completed,358.45,1
O0001936,E0001936,C0151,P059,2026-01-25,completed,19.23,1
O0001937,E0001937,C0346,P013,2026-01-25,completed,289.79,1
O0001938,E0001938,C0082,P039,2026-01-25,completed,78.76,1
O0001939,E0001939,C0311,P056,2026-01-25,cancelled,724.84,1
O0001940,E0001940,C0384,P066,2026-01-25,completed,257.87,1
O0001941,E0001941,C0191,P061,2026-01-25,completed,820.19,1
O0001942,E0001942,C0292,P065,2026-01-25,completed,117.9,1
O0001943,E0001943,C0133,P001,2026-01-25,completed,362.25,1
O0001944,E0001944,C0100,P035,2026-01-25,completed,783.12,1
O0001945,E0001945,C0295,P029,2026-01-25,completed,121.76,1
O0001946,E0001946,C0555,P078,2026-01-25,completed,602.27,1
O0001947,E0001947,C0328,P061,2026-01-25,returned,524.56,1
O0001948,E0001948,C0216,P057,2026-01-25,completed,936.6,1
O0001949,E0001949,C0586,P022,2026-01-25,completed,136.81,1
O0001950,E0001950,C0543,P063,2026-01-25,completed,251.79,1
O0001951,E0001951,C0031,P039,2026-01-25,completed,123.68,1
O0001952,E0001952,C0426,P080,2026-01-25,completed,182.82,1
O0001953,E0001953,C0241,P003,2026-01-25,completed,773.7,1
O0001954,E0001954,C0100,P069,2026-01-25,completed,26.21,1
O0001955,E0001955,C0183,P028,2026-01-25,completed,143.71,1
O0001956,E0001956,C0564,P021,2026-01-25,completed,751.17,1
O0001957,E0001957,C0328,P046,2026-01-25,completed,458.44,1
O0001958,E0001958,C0515,P047,2026-01-25,completed,703.47,1
O0001959,E0001959,C0476,P069,2026-01-25,completed,116.69,1
O0001960,E0001960,C0296,P058,2026-01-25,completed,1054.98,1
O0001961,E0001961,C0101,P069,2026-01-25,completed,56.09,1
O0001962,E0001962,C0194,P075,2026-01-25,completed,932.4,1
O0001963,E0001963,C0585,P004,2026-01-25,completed,179.12,1
O0001964,E0001964,C0171,P053,2026-01-25,returned,185.02,1
O0001965,E0001965,C0399,P061,2026-01-25,completed,275.15,1
O0001966,E0001966,C0469,P066,2026-01-25,completed,527.82,1
O0001967,E0001967,C0331,P031,2026-01-25,completed,527.39,1
O0001968,E0001968,C0471,P038,2026-01-25,completed,718.95,1
O0001969,E0001969,C0473,P078,2026-01-25,completed,338.73,1
O0001970,E0001970,C0251,P015,2026-01-25,completed,174.29,1
O0001971,E0001971,C0533,P009,2026-01-25,completed,634.18,1
O0001972,E0001972,C0551,P050,2026-01-25,completed,236.13,1
O0001973,E0001973,C0450,P078,2026-01-25,completed,195.88,1
O0001974,E0001974,C0373,P008,2026-01-25,completed,160.45,1
O0001975,E0001975,C0107,P066,2026-01-25,completed,220.17,1
O0001976,E0001976,C0174,P034,2026-01-25,completed,201.36,1
O0001977,E0001977,C0495,P053,2026-01-25,completed,167.65,1
O0001978,E0001978,C0470,P034,2026-01-25,completed,207.04,1
O0001979,E0001979,C0303,P063,2026-01-25,completed,456.6,1
O0001980,E0001980,C0582,P057,2026-01-25,completed,588.0,1
O0001981,E0001981,C0027,P077,2026-01-25,completed,586.06,1
O0001982,E0001982,C0163,P048,2026-01-25,completed,525.95,1
O0001983,E0001983,C0159,P040,2026-01-25,completed,48.76,1
O0001984,E0001984,C0264,P017,2026-01-25,completed,723.56,1
O0001985,E0001985,C0152,P030,2026-01-25,completed,518.47,1
O0001986,E0001986,C0489,P002,2026-01-25,completed,515.47,1
O0001987,E0001987,C0536,P022,2026-01-25,cancelled,495.14,1
O0001988,E0001988,C0538,P049,2026-01-25,completed,89.31,1
O0001989,E0001989,C0351,P023,2026-01-25,completed,78.24,1
O0001990,E0001990,C0202,P040,2026-01-25,completed,13.97,1
O0001991,E0001991,C0537,P064,2026-01-25,completed,32.46,1
O0001992,E0001992,C0409,P030,2026-01-25,completed,187.12,1
O0001993,E0001993,C0567,P013,2026-01-25,cancelled,711.58,1
O0001994,E0001994,C0458,P069,2026-01-25,returned,30.48,1
O0001995,E0001995,C0251,P067,2026-01-25,completed,60.5,1
O0001997,E0001997,C0136,P012,2026-01-25,completed,157.52,1
O0001998,E0001998,C0476,P039,2026-01-25,completed,118.09,1
O0001999,E0001999,C0202,P069,2026-01-25,returned,19.68,1
O0002000,E0002000,C0556,P015,2026-01-26,completed,74.34,1
O0002001,E0002001,C0596,P028,2026-01-26,completed,53.13,1
O0002002,E0002002,C0468,P015,2026-01-26,completed,146.32,1
O0002003,E0002003,C0181,P033,2026-01-26,completed,759.1,1
O0002004,E0002004,C0271,P065,2026-01-26,completed,151.4,1
O0002005,E0002005,C0451,P069,2026-01-26,completed,66.95,1
O0002006,E0002006,C0508,P024,2026-01-26,completed,77.15,1
O0002007,E0002007,C0097,P023,2026-01-26,completed,240.82,1
O0002008,E0002008,C0199,P057,2026-01-26,completed,436.68,1
O0002009,E0002009,C0328,P014,2026-01-26,completed,48.09,1
O0002010,E0002010,C0585,P068,2026-01-26,completed,342.58,1
O0002011,E0002011,C0176,P020,2026-01-26,completed,214.6,1
O0002012,E0002012,C0427,P021,2026-01-26,completed,513.03,1
O0002013,E0002013,C0380,P035,2026-01-26,completed,612.12,1
O0002014,E0002014,C0461,P040,2026-01-26,completed,46.73,1
O0002015,E0002015,C0414,P055,2026-01-26,completed,163.38,1
O0002016,E0002016,C0281,P053,2026-01-26,completed,461.19,1
O0002017,E0002017,C0383,P026,2026-01-26,completed,719.76,1
O0002018,E0002018,C0221,P042,2026-01-26,completed,273.52,1
O0002019,E0002019,C0249,P065,2026-01-26,completed,50.21,1
O0002020,E0002020,C0048,P042,2026-01-26,completed,699.4,1
O0002021,E0002021,C0256,P050,2026-01-26,completed,390.66,1
O0002022,E0002022,C0351,P078,2026-01-26,completed,152.8,1
O0002023,E0002023,C0484,P069,2026-01-26,completed,29.93,1
O0002024,E0002024,C0156,P010,2026-01-26,completed,1074.69,1
O0002025,E0002025,C0449,P020,2026-01-26,completed,64.93,1
O0002026,E0002026,C0571,P042,2026-01-26,completed,488.03,1
O0002027,E0002027,C0322,P038,2026-01-26,completed,191.63,1
O0002028,E0002028,C0189,P047,2026-01-26,returned,424.24,1
O0002029,E0002029,C0266,P060,2026-01-26,completed,116.63,1
O0002030,E0002030,C0421,P078,2026-01-26,completed,149.52,1
O0002031,E0002031,C0525,P051,2026-01-26,completed,45.22,1
O0002032,E0002032,C0552,P003,2026-01-26,completed,796.64,1
O0002033,E0002033,C0579,P037,2026-01-26,completed,219.68,1
O0002034,E0002034,C0588,P072,2026-01-26,completed,29.44,1
O0002035,E0002035,C0442,P060,2026-01-26,completed,76.82,1
O0002036,E0002036,C0339,P036,2026-01-26,completed,432.67,1
O0002037,E0002037,C0022,P024,2026-01-26,completed,77.96,1
O0002038,E0002038,C0020,P074,2026-01-26,completed,369.65,1
O0002039,E0002039,C0599,P029,2026-01-26,completed,221.78,1
O0002040,E0002040,C0589,P042,2026-01-26,completed,310.47,1
O0002041,E0002041,C0194,P046,2026-01-26,returned,350.01,1
O0002042,E0002042,C0547,P019,2026-01-26,completed,127.37,1
O0002043,E0002043,C0336,P006,2026-01-26,completed,239.67,1
O0002044,E0002044,C0311,P041,2026-01-26,returned,248.52,1
O0002045,E0002045,C0364,P055,2026-01-26,cancelled,254.26,1
O0002046,E0002046,C0385,P018,2026-01-26,returned,226.93,1
O0002047,E0002047,C0390,P057,2026-01-26,completed,468.27,1
O0002048,E0002048,C0128,P058,2026-01-26,completed,770.07,1
O0002049,E0002049,C0167,P023,2026-01-26,completed,85.98,1
O0002050,E0002050,C0325,P027,2026-01-26,completed,541.23,1
O0002051,E0002051,C0490,P025,2026-01-26,completed,431.02,1
O0002052,E0002052,C0390,P066,2026-01-26,completed,221.97,1
O0002053,E0002053,C0370,P054,2026-01-26,completed,574.95,1
O0002054,E0002054,C0235,P009,2026-01-26,completed,709.68,1
O0002055,E0002055,C0017,P011,2026-01-26,completed,172.06,1
O0002056,E0002056,C0579,P042,2026-01-26,completed,336.88,1
O0002057,E0002057,C0040,P017,2026-01-26,completed,666.15,1
O0002058,E0002058,C0381,P077,2026-01-26,completed,827.23,1
O0002059,E0002059,C0532,P054,2026-01-26,completed,315.63,1
O0002060,E0002060,C0031,P024,2026-01-26,completed,50.59,1
O0002061,E0002061,C0329,P027,2026-01-26,completed,576.1,1
O0002062,E0002062,C0148,P004,2026-01-26,completed,255.32,1
O0002063,E0002063,C0162,P053,2026-01-26,completed,189.95,1
O0002064,E0002064,C0068,P002,2026-01-26,completed,405.96,1
O0002065,E0002065,C0138,P061,2026-01-26,completed,871.32,1
O0002066,E0002066,C0481,P078,2026-01-26,completed,589.94,1
O0002067,E0002067,C0099,P033,2026-01-26,completed,583.39,1
O0002068,E0002068,C0129,P064,2026-01-26,completed,63.37,1
O0002069,E0002069,C0085,P066,2026-01-26,completed,547.43,1
O0002070,E0002070,C0256,P013,2026-01-26,completed,212.15,1
O0002071,E0002071,C0474,P033,2026-01-26,completed,584.16,1
O0002072,E0002072,C0135,P076,2026-01-26,completed,235.72,1
O0002073,E0002073,C0395,P055,2026-01-26,completed,121.13,1
O0002074,E0002074,C0147,P007,2026-01-26,completed,192.4,1
O0002075,E0002075,C0331,P005,2026-01-26,completed,105.81,1
O0002076,E0002076,C0592,P074,2026-01-26,completed,204.06,1
O0002077,E0002077,C0559,P058,2026-01-26,cancelled,658.17,1
O0002078,E0002078,C0346,P016,2026-01-26,completed,701.65,1
O0002079,E0002079,C0563,P024,2026-01-26,completed,96.5,1
O0002080,E0002080,C0065,P013,2026-01-27,completed,656.51,1
O0002081,E0002081,C0097,P047,2026-01-27,completed,338.11,1
O0002082,E0002082,C0130,P059,2026-01-27,completed,51.6,1
O0002083,E0002083,C0517,P045,2026-01-27,completed,212.4,1
O0002084,E0002084,C0146,P051,2026-01-27,completed,93.72,1
O0002085,E0002085,C0539,P029,2026-01-27,completed,341.7,1
O0002086,E0002086,C0546,P020,2026-01-27,completed,63.65,1
O0002087,E0002087,C0384,P070,2026-01-27,completed,165.24,1
O0002088,E0002088,C0156,P013,2026-01-27,completed,502.75,1
O0002089,E0002089,C0411,P079,2026-01-27,completed,139.25,1
O0002090,E0002090,C0480,P050,2026-01-27,returned,400.4,1
O0002091,E0002091,C0258,P018,2026-01-27,completed,170.02,1
O0002092,E0002092,C0061,P072,2026-01-27,completed,25.03,1
O0002093,E0002093,C0249,P053,2026-01-27,completed,199.81,1
O0002094,E0002094,C0255,P021,2026-01-27,completed,290.17,1
O0002095,E0002095,C0144,P045,2026-01-27,completed,800.18,1
O0002096,E0002096,C0211,P052,2026-01-27,completed,473.39,1
O0002097,E0002097,C0121,P019,2026-01-27,completed,168.19,1
O0002098,E0002098,C0238,P040,2026-01-27,completed,75.47,1
O0002099,E0002099,C0158,P057,2026-01-27,completed,661.03,1
O0002100,E0002100,C0391,P044,2026-01-27,returned,144.65,1
O0002101,E0002101,C0499,P033,2026-01-27,completed,356.56,1
O0002102,E0002102,C0248,P038,2026-01-27,completed,562.71,1
O0002103,E0002103,C0059,P064,2026-01-27,completed,132.44,1
O0002104,E0002104,C0258,P014,2026-01-27,completed,49.84,1
O0002105,E0002105,C0366,P066,2026-01-27,completed,733.08,1
O0002106,E0002106,C0600,P002,2026-01-27,completed,267.06,1
O0002107,E0002107,C0500,P029,2026-01-27,completed,143.06,1
O0002108,E0002108,C0044,P078,2026-01-27,completed,726.06,1
O0002109,E0002109,C0590,P014,2026-01-27,completed,21.09,1
O0002110,E0002110,C0404,P016,2026-01-27,cancelled,764.53,1
O0002111,E0002111,C0588,P006,2026-01-27,completed,1068.5,1
O0002112,E0002112,C0027,P067,2026-01-27,completed,130.16,1
O0002113,E0002113,C0102,P073,2026-01-27,completed,462.29,1
O0002114,E0002114,C0368,P053,2026-01-27,completed,335.03,1
O0002115,E0002115,C0457,P045,2026-01-27,completed,800.86,1
O0002116,E0002116,C0165,P007,2026-01-27,completed,515.06,1
O0002117,E0002117,C0411,P072,2026-01-27,completed,88.94,1
O0002118,E0002118,C0092,P045,2026-01-27,completed,740.73,1
O0002119,E0002119,C0325,P046,2026-01-27,completed,353.75,1
O0002120,E0002120,C0321,P040,2026-01-27,completed,73.9,1
O0002121,E0002121,C0272,P064,2026-01-27,completed,60.93,1
O0002122,E0002122,C0164,P063,2026-01-27,completed,465.97,1
O0002123,E0002123,C0519,P042,2026-01-27,completed,370.91,1
O0002124,E0002124,C0408,P072,2026-01-27,completed,59.64,1
O0002125,E0002125,C0270,P010,2026-01-27,completed,768.12,1
O0002126,E0002126,C0107,P044,2026-01-27,completed,454.36,1
O0002127,E0002127,C0231,P038,2026-01-27,completed,845.26,1
O0002128,E0002128,C0027,P006,2026-01-27,completed,591.12,1
O0002129,E0002129,C0232,P029,2026-01-27,completed,325.8,1
O0002130,E0002130,C0495,P028,2026-01-27,completed,53.04,1
O0002131,E0002131,C0423,P057,2026-01-27,completed,411.05,1
O0002132,E0002132,C0268,P067,2026-01-27,completed,144.87,1
O0002133,E0002133,C0374,P047,2026-01-27,completed,580.35,1
O0002134,E0002134,C0330,P031,2026-01-27,completed,407.99,1
O0002135,E0002135,C0520,P032,2026-01-27,completed,239.24,1
O0002136,E0002136,C0357,P061,2026-01-27,completed,369.4,1
O0002137,E0002137,C0589,P071,2026-01-27,completed,496.47,1
O0002138,E0002138,C0067,P007,2026-01-27,completed,609.55,1
O0002139,E0002139,C0356,P003,2026-01-27,completed,221.3,1
O0002140,E0002140,C0584,P019,2026-01-27,completed,418.67,1
O0002141,E0002141,C0406,P004,2026-01-27,completed,429.8,1
O0002142,E0002142,C0339,P058,2026-01-27,completed,735.45,1
O0002143,E0002143,C0148,P073,2026-01-27,completed,582.89,1
O0002144,E0002144,C0055,P070,2026-01-27,cancelled,71.05,1
O0002145,E0002145,C0066,P046,2026-01-27,completed,179.47,1
O0002146,E0002146,C0184,P053,2026-01-27,completed,223.68,1
O0002147,E0002147,C0340,P024,2026-01-27,completed,25.33,1
O0002148,E0002148,C0418,P013,2026-01-27,returned,978.4,1
O0002149,E0002149,C0319,P061,2026-01-27,completed,210.17,1
O0002150,E0002150,C0093,P023,2026-01-27,completed,390.87,1
O0002151,E0002151,C0348,P034,2026-01-27,completed,169.11,1
O0002152,E0002152,C0571,P013,2026-01-27,completed,183.02,1
O0002153,E0002153,C0005,P048,2026-01-27,completed,121.94,1
O0002154,E0002154,C0072,P050,2026-01-27,completed,280.41,1
O0002155,E0002155,C0354,P025,2026-01-27,completed,355.58,1
O0002156,E0002156,C0182,P020,2026-01-27,completed,259.73,1
O0002157,E0002157,C0551,P020,2026-01-27,completed,61.13,1
O0002158,E0002158,C0111,P016,2026-01-27,completed,595.87,1
O0002159,E0002159,C0510,P024,2026-01-27,completed,17.78,1
O0002160,E0002160,C0466,P078,2026-01-28,completed,609.15,1
O0002161,E0002161,C0568,P071,2026-01-28,completed,215.62,1
O0002162,E0002162,C0193,P044,2026-01-28,completed,396.97,1
O0002163,E0002163,C0102,P052,2026-01-28,completed,674.1,1
O0002164,E0002164,C0560,P067,2026-01-28,completed,146.64,1
O0002165,E0002165,C0300,P026,2026-01-28,completed,360.74,1
O0002166,E0002166,C0025,P055,2026-01-28,completed,547.96,1
O0002167,E0002167,C0314,P014,2026-01-28,completed,73.57,1
O0002168,E0002168,C0193,P037,2026-01-28,completed,225.96,1
O0002169,E0002169,C0322,P040,2026-01-28,returned,37.36,1
O0002170,E0002170,C0395,P007,2026-01-28,completed,370.59,1
O0002171,E0002171,C0521,P046,2026-01-28,cancelled,501.83,1
O0002172,E0002172,C0220,P023,2026-01-28,completed,89.99,1
O0002173,E0002173,C0075,P059,2026-01-28,returned,74.43,1
O0002174,E0002174,C0047,P027,2026-01-28,completed,187.41,1
O0002175,E0002175,C0005,P049,2026-01-28,completed,146.92,1
O0002176,E0002176,C0182,P031,2026-01-28,completed,784.33,1
O0002177,E0002177,C0160,P030,2026-01-28,completed,231.74,1
O0002178,E0002178,C0585,P077,2026-01-28,completed,1015.39,1
O0002179,E0002179,C0420,P040,2026-01-28,completed,59.13,1
O0002180,E0002180,C0195,P002,2026-01-28,completed,335.94,1
O0002181,E0002181,C0043,P063,2026-01-28,completed,417.99,1
O0002182,E0002182,C0118,P058,2026-01-28,completed,244.34,1
O0002183,E0002183,C0550,P021,2026-01-28,returned,304.21,1
O0002184,E0002184,C0292,P022,2026-01-28,returned,547.47,1
O0002185,E0002185,C0123,P037,2026-01-28,completed,213.43,1
O0002186,E0002186,C0206,P026,2026-01-28,cancelled,893.31,1
O0002187,E0002187,C0115,P067,2026-01-28,cancelled,33.67,1
O0002188,E0002188,C0248,P005,2026-01-28,completed,25.69,1
O0002189,E0002189,C0043,P079,2026-01-28,completed,720.42,1
O0002190,E0002190,C0326,P065,2026-01-28,completed,95.92,1
O0002191,E0002191,C0180,P073,2026-01-28,completed,364.36,1
O0002192,E0002192,C0390,P060,2026-01-28,completed,266.34,1
O0002193,E0002193,C0344,P038,2026-01-28,completed,401.66,1
O0002194,E0002194,C0542,P057,2026-01-28,completed,390.14,1
O0002195,E0002195,C0059,P072,2026-01-28,completed,88.94,1
O0002196,E0002196,C0330,P009,2026-01-28,completed,413.13,1
O0002197,E0002197,C0007,P005,2026-01-28,completed,49.1,1
O0002198,E0002198,C0230,P001,2026-01-28,completed,134.36,1
O0002199,E0002199,C0586,P005,2026-01-28,completed,96.5,1
O0002200,E0002200,C0244,P050,2026-01-28,completed,345.52,1
O0002201,E0002201,C0491,P063,2026-01-28,completed,503.54,1
O0002202,E0002202,C0148,P020,2026-01-28,completed,147.9,1
O0002203,E0002203,C0165,P023,2026-01-28,cancelled,235.72,1
O0002204,E0002204,C0471,P003,2026-01-28,completed,195.04,1
O0002205,E0002205,C0362,P070,2026-01-28,completed,167.83,1
O0002206,E0002206,C0455,P052,2026-01-28,completed,817.87,1
O0002207,E0002207,C0137,P060,2026-01-28,completed,229.0,1
O0002208,E0002208,C0583,P068,2026-01-28,completed,273.2,1
O0002209,E0002209,C0384,P080,2026-01-28,completed,169.74,1
O0002210,E0002210,C0556,P040,2026-01-28,completed,13.9,1
O0002211,E0002211,C0053,P058,2026-01-28,completed,1037.9,1
O0002212,E0002212,C0530,P028,2026-01-28,completed,277.65,1
O0002213,E0002213,C0396,P024,2026-01-28,returned,32.71,1
O0002214,E0002214,C0412,P023,2026-01-28,completed,185.05,1
O0002215,E0002215,C0134,P026,2026-01-28,completed,397.83,1
O0002216,E0002216,C0100,P063,2026-01-28,completed,163.45,1
O0002217,E0002217,C0340,P009,2026-01-28,completed,156.28,1
O0002218,E0002218,C0155,P012,2026-01-28,completed,337.54,1
O0002219,E0002219,C0598,P040,2026-01-28,completed,46.95,1
O0002220,E0002220,C0311,P058,2026-01-28,completed,737.48,1
O0002221,E0002221,C0426,P072,2026-01-28,completed,68.39,1
O0002222,E0002222,C0288,P069,2026-01-28,returned,95.58,1
O0002223,E0002223,C0456,P032,2026-01-28,cancelled,496.92,1
O0002224,E0002224,C0489,P006,2026-01-28,completed,888.2,1
O0002225,E0002225,C0452,P003,2026-01-28,completed,794.24,1
O0002226,E0002226,C0581,P074,2026-01-28,completed,414.08,1
O0002227,E0002227,C0182,P044,2026-01-28,cancelled,141.11,1
O0002228,E0002228,C0114,P080,2026-01-28,completed,82.04,1
O0002229,E0002229,C0364,P026,2026-01-28,cancelled,199.35,1
O0002230,E0002230,C0174,P064,2026-01-28,completed,128.74,1
O0002231,E0002231,C0502,P033,2026-01-28,completed,162.4,1
O0002232,E0002232,C0270,P022,2026-01-28,completed,406.74,1
O0002233,E0002233,C0083,P056,2026-01-28,completed,758.35,1
O0002234,E0002234,C0588,P071,2026-01-28,completed,223.5,1
O0002235,E0002235,C0398,P039,2026-01-28,completed,161.24,1
O0002236,E0002236,C0417,P035,2026-01-28,completed,847.62,1
O0002237,E0002237,C0566,P044,2026-01-28,completed,332.26,1
O0002238,E0002238,C0087,P063,2026-01-28,completed,436.62,1
O0002239,E0002239,C0132,P041,2026-01-28,completed,137.19,1
O0002240,E0002240,C0158,P014,2026-01-29,completed,15.71,1
O0002241,E0002241,C0014,P031,2026-01-29,completed,256.14,1
O0002242,E0002242,C0597,P044,2026-01-29,returned,251.98,1
O0002243,E0002243,C0125,P059,2026-01-29,completed,19.28,1
O0002244,E0002244,C0191,P018,2026-01-29,completed,209.41,1
O0002245,E0002245,C0216,P012,2026-01-29,completed,322.82,1
O0002246,E0002246,C0488,P011,2026-01-29,completed,79.5,1
O0002247,E0002247,C0481,P026,2026-01-29,completed,434.47,1
O0002248,E0002248,C0520,P076,2026-01-29,completed,120.33,1
O0002249,E0002249,C0556,P011,2026-01-29,completed,64.39,1
O0002250,E0002250,C0193,P025,2026-01-29,completed,194.93,1
O0002251,E0002251,C0304,P042,2026-01-29,completed,504.89,1
O0002252,E0002252,C0257,P053,2026-01-29,completed,362.52,1
O0002253,E0002253,C0289,P045,2026-01-29,completed,666.38,1
O0002254,E0002254,C0062,P021,2026-01-29,completed,364.4,1
O0002255,E0002255,C0013,P056,2026-01-29,completed,954.78,1
O0002256,E0002256,C0068,P012,2026-01-29,completed,480.18,1
O0002257,E0002257,C0492,P034,2026-01-29,completed,532.64,1
O0002258,E0002258,C0234,P064,2026-01-29,completed,54.09,1
O0002259,E0002259,C0473,P022,2026-01-29,completed,575.52,1
O0002260,E0002260,C0157,P052,2026-01-29,completed,1010.61,1
O0002261,E0002261,C0325,P050,2026-01-29,completed,127.16,1
O0002262,E0002262,C0155,P020,2026-01-29,completed,96.79,1
O0002263,E0002263,C0154,P024,2026-01-29,completed,65.13,1
O0002264,E0002264,C0311,P044,2026-01-29,completed,238.48,1
O0002265,E0002265,C0444,P071,2026-01-29,completed,649.78,1
O0002266,E0002266,C0109,P021,2026-01-29,completed,494.59,1
O0002267,E0002267,C0241,P042,2026-01-29,completed,304.23,1
O0002268,E0002268,C0316,P064,2026-01-29,completed,26.11,1
O0002269,E0002269,C0125,P021,2026-01-29,completed,557.21,1
O0002270,E0002270,C0132,P017,2026-01-29,completed,556.47,1
O0002271,E0002271,C0379,P073,2026-01-29,cancelled,461.33,1
O0002272,E0002272,C0321,P032,2026-01-29,completed,423.61,1
O0002273,E0002273,C0200,P061,2026-01-29,completed,698.31,1
O0002274,E0002274,C0243,P017,2026-01-29,cancelled,454.1,1
O0002275,E0002275,C0321,P032,2026-01-29,completed,227.39,1
O0002276,E0002276,C0084,P013,2026-01-29,completed,591.76,1
O0002277,E0002277,C0069,P063,2026-01-29,completed,484.09,1
O0002278,E0002278,C0147,P050,2026-01-29,completed,279.4,1
O0002279,E0002279,C0336,P008,2026-01-29,completed,146.57,1
O0002280,E0002280,C0328,P080,2026-01-29,completed,107.97,1
O0002281,E0002281,C0124,P041,2026-01-29,completed,235.25,1
O0002282,E0002282,C0255,P008,2026-01-29,completed,432.94,1
O0002283,E0002283,C0306,P049,2026-01-29,completed,51.71,1
O0002284,E0002284,C0081,P027,2026-01-29,completed,563.31,1
O0002285,E0002285,C0392,P060,2026-01-29,completed,307.29,1
O0002286,E0002286,C0281,P021,2026-01-29,completed,171.53,1
O0002287,E0002287,C0167,P036,2026-01-29,completed,576.01,1
O0002288,E0002288,C0335,P017,2026-01-29,completed,154.91,1
O0002289,E0002289,C0564,P062,2026-01-29,completed,131.07,1
O0002290,E0002290,C0036,P056,2026-01-29,completed,605.53,1
O0002291,E0002291,C0524,P037,2026-01-29,completed,231.56,1
O0002292,E0002292,C0156,P017,2026-01-29,completed,481.52,1
O0002293,E0002293,C0369,P067,2026-01-29,completed,37.61,1
O0002294,E0002294,C0505,P044,2026-01-29,completed,110.6,1
O0002295,E0002295,C0159,P070,2026-01-29,completed,262.27,1
O0002296,E0002296,C0268,P012,2026-01-29,completed,138.49,1
O0002297,E0002297,C0054,P031,2026-01-29,completed,237.59,1
O0002298,E0002298,C0157,P029,2026-01-29,completed,208.25,1
O0002299,E0002299,C0020,P018,2026-01-29,completed,688.17,1
O0002300,E0002300,C0564,P038,2026-01-29,completed,996.28,1
O0002301,E0002301,C0597,P006,2026-01-29,completed,367.73,1
O0002302,E0002302,C0522,P001,2026-01-29,completed,281.92,1
O0002303,E0002303,C0289,P022,2026-01-29,completed,129.28,1
O0002304,E0002304,C0263,P072,2026-01-29,completed,54.96,1
O0002305,E0002305,C0293,P026,2026-01-29,completed,193.16,1
O0002306,E0002306,C0210,P004,2026-01-29,completed,1053.36,1
O0002307,E0002307,C0205,P015,2026-01-29,completed,171.94,1
O0002308,E0002308,C0311,P073,2026-01-29,completed,262.84,1
O0002309,E0002309,C0223,P060,2026-01-29,completed,198.17,1
O0002310,E0002310,C0342,P004,2026-01-29,completed,374.06,1
O0002311,E0002311,C0469,P064,2026-01-29,returned,77.27,1
O0002312,E0002312,C0575,P078,2026-01-29,completed,923.83,1
O0002313,E0002313,C0080,P037,2026-01-29,completed,445.72,1
O0002314,E0002314,C0012,P014,2026-01-29,returned,21.61,1
O0002315,E0002315,C0100,P001,2026-01-29,completed,221.09,1
O0002316,E0002316,C0382,P048,2026-01-29,completed,544.45,1
O0002317,E0002317,C0123,P036,2026-01-29,completed,141.74,1
O0002318,E0002318,C0124,P019,2026-01-29,completed,360.29,1
O0002319,E0002319,C0015,P004,2026-01-29,returned,519.43,1
O0002320,E0002320,C0277,P012,2026-01-30,completed,416.83,1
O0002321,E0002321,C0221,P073,2026-01-30,completed,321.98,1
O0002322,E0002322,C0443,P051,2026-01-30,completed,123.55,1
O0002323,E0002323,C0065,P060,2026-01-30,completed,76.23,1
O0002324,E0002324,C0274,P036,2026-01-30,completed,403.33,1
O0002325,E0002325,C0002,P035,2026-01-30,cancelled,783.83,1
O0002326,E0002326,C0573,P006,2026-01-30,returned,1089.42,1
O0002327,E0002327,C0294,P063,2026-01-30,completed,149.55,1
O0002328,E0002328,C0558,P012,2026-01-30,completed,556.05,1
O0002329,E0002329,C0329,P048,2026-01-30,completed,299.28,1
O0002330,E0002330,C0479,P045,2026-01-30,completed,681.73,1
O0002331,E0002331,C0556,P038,2026-01-30,completed,997.59,1
O0002332,E0002332,C0141,P047,2026-01-30,cancelled,525.92,1
O0002333,E0002333,C0044,P046,2026-01-30,completed,310.5,1
O0002334,E0002334,C0350,P065,2026-01-30,returned,137.9,1
O0002335,E0002335,C0406,P021,2026-01-30,completed,316.47,1
O0002336,E0002336,C0533,P054,2026-01-30,returned,201.92,1
O0002337,E0002337,C0233,P074,2026-01-30,completed,210.37,1
O0002338,E0002338,C0562,P043,2026-01-30,completed,104.39,1
O0002339,E0002339,C0591,P051,2026-01-30,completed,91.24,1
O0002340,E0002340,C0465,P053,2026-01-30,completed,247.92,1
O0002341,E0002341,C0508,P025,2026-01-30,completed,210.86,1
O0002342,E0002342,C0311,P010,2026-01-30,completed,864.84,1
O0002343,E0002343,C0025,P027,2026-01-30,completed,293.83,1
O0002344,E0002344,C0069,P004,2026-01-30,completed,186.08,1
O0002345,E0002345,C0413,P058,2026-01-30,cancelled,648.27,1
O0002346,E0002346,C0312,P077,2026-01-30,completed,445.54,1
O0002347,E0002347,C0504,P080,2026-01-30,completed,42.74,1
O0002348,E0002348,C0393,P064,2026-01-30,completed,84.74,1
O0002349,E0002349,C0503,P069,2026-01-30,completed,72.14,1
O0002350,E0002350,C0487,P049,2026-01-30,completed,44.7,1
O0002351,E0002351,C0466,P070,2026-01-30,completed,60.08,1
O0002352,E0002352,C0331,P044,2026-01-30,completed,146.58,1
O0002353,E0002353,C0421,P071,2026-01-30,completed,443.88,1
O0002354,E0002354,C0519,P002,2026-01-30,completed,121.85,1
O0002355,E0002355,C0549,P009,2026-01-30,completed,799.05,1
O0002356,E0002356,C0179,P007,2026-01-30,completed,514.94,1
O0002357,E0002357,C0340,P058,2026-01-30,completed,566.19,1
O0002358,E0002358,C0204,P015,2026-01-30,completed,91.77,1
O0002359,E0002359,C0386,P063,2026-01-30,completed,257.16,1
O0002360,E0002360,C0235,P039,2026-01-30,completed,125.26,1
O0002361,E0002361,C0104,P057,2026-01-30,completed,243.0,1
O0002362,E0002362,C0449,P018,2026-01-30,completed,229.97,1
O0002363,E0002363,C0557,P047,2026-01-30,completed,631.49,1
O0002364,E0002364,C0069,P054,2026-01-30,completed,587.93,1
O0002365,E0002365,C0487,P012,2026-01-30,completed,515.7,1
O0002366,E0002366,C0124,P065,2026-01-30,returned,133.87,1
O0002367,E0002367,C0457,P021,2026-01-30,completed,260.78,1
O0002368,E0002368,C0190,P070,2026-01-30,completed,60.64,1
O0002369,E0002369,C0151,P053,2026-01-30,completed,157.95,1
O0002370,E0002370,C0062,P018,2026-01-30,completed,534.08,1
O0002371,E0002371,C0311,P002,2026-01-30,completed,125.84,1
O0002372,E0002372,C0219,P018,2026-01-30,completed,660.17,1
O0002373,E0002373,C0398,P061,2026-01-30,completed,392.75,1
O0002374,E0002374,C0523,P070,2026-01-30,completed,108.95,1
O0002375,E0002375,C0580,P009,2026-01-30,completed,250.15,1
O0002376,E0002376,C0231,P032,2026-01-30,completed,663.85,1
O0002377,E0002377,C0329,P034,2026-01-30,completed,217.12,1
O0002378,E0002378,C0401,P051,2026-01-30,completed,128.59,1
O0002379,E0002379,C0491,P078,2026-01-30,completed,335.61,1
O0002380,E0002380,C0248,P066,2026-01-30,returned,484.26,1
O0002381,E0002381,C0032,P067,2026-01-30,completed,154.25,1
O0002382,E0002382,C0041,P009,2026-01-30,completed,445.69,1
O0002383,E0002383,C0311,P036,2026-01-30,completed,539.34,1
O0002384,E0002384,C0524,P069,2026-01-30,completed,119.52,1
O0002385,E0002385,C0481,P050,2026-01-30,completed,189.98,1
O0002386,E0002386,C0258,P012,2026-01-30,completed,173.67,1
O0002387,E0002387,C0321,P035,2026-01-30,returned,540.35,1
O0002388,E0002388,C0314,P042,2026-01-30,returned,447.81,1
O0002389,E0002389,C0435,P043,2026-01-30,completed,109.0,1
O0002390,E0002390,C0303,P025,2026-01-30,completed,421.28,1
O0002391,E0002391,C0474,P047,2026-01-30,completed,446.17,1
O0002392,E0002392,C0253,P067,2026-01-30,completed,113.34,1
O0002393,E0002393,C0509,P077,2026-01-30,completed,543.52,1
O0002394,E0002394,C0551,P032,2026-01-30,completed,1016.93,1
O0002395,E0002395,C0386,P019,2026-01-30,completed,119.65,1
O0002396,E0002396,C0261,P071,2026-01-30,cancelled,291.47,1
O0002397,E0002397,C0524,P064,2026-01-30,completed,100.39,1
O0002398,E0002398,C0502,P054,2026-01-30,completed,517.55,1
O0002399,E0002399,C0144,P014,2026-01-30,completed,17.54,1
O0002400,E0002400,C0043,P016,2026-01-31,completed,248.84,1
O0002401,E0002401,C0131,P009,2026-01-31,completed,623.77,1
O0002402,E0002402,C0041,P013,2026-01-31,returned,514.28,1
O0002403,E0002403,C0292,P073,2026-01-31,completed,355.9,1
O0002404,E0002404,C0566,P031,2026-01-31,completed,692.64,1
O0002405,E0002405,C0226,P031,2026-01-31,completed,672.7,1
O0002406,E0002406,C0094,P050,2026-01-31,completed,172.78,1
O0002407,E0002407,C0128,P079,2026-01-31,cancelled,577.57,1
O0002408,E0002408,C0170,P032,2026-01-31,completed,801.54,1
O0002409,E0002409,C0245,P023,2026-01-31,returned,74.32,1
O0002410,E0002410,C0457,P040,2026-01-31,completed,78.28,1
O0002411,E0002411,C0454,P030,2026-01-31,completed,642.49,1
O0002412,E0002412,C0555,P050,2026-01-31,completed,91.57,1
O0002413,E0002413,C0537,P035,2026-01-31,completed,993.61,1
O0002414,E0002414,C0453,P042,2026-01-31,completed,581.15,1
O0002415,E0002415,C0173,P027,2026-01-31,completed,794.8,1
O0002416,E0002416,C0281,P052,2026-01-31,completed,776.43,1
O0002417,E0002417,C0025,P038,2026-01-31,returned,870.28,1
O0002418,E0002418,C0023,P073,2026-01-31,completed,634.71,1
O0002419,E0002419,C0447,P074,2026-01-31,completed,329.75,1
O0002420,E0002420,C0357,P058,2026-01-31,returned,542.98,1
O0002421,E0002421,C0162,P035,2026-01-31,completed,1133.59,1
O0002422,E0002422,C0038,P029,2026-01-31,completed,283.55,1
O0002423,E0002423,C0095,P047,2026-01-31,completed,379.73,1
O0002424,E0002424,C0464,P071,2026-01-31,completed,457.61,1
O0002425,E0002425,C0235,P038,2026-01-31,completed,447.4,1
O0002426,E0002426,C0054,P040,2026-01-31,completed,13.32,1
O0002427,E0002427,C0172,P023,2026-01-31,completed,327.06,1
O0002428,E0002428,C0069,P003,2026-01-31,completed,184.46,1
O0002429,E0002429,C0474,P013,2026-01-31,completed,267.86,1
O0002430,E0002430,C0252,P048,2026-01-31,completed,266.52,1
O0002431,E0002431,C0526,P002,2026-01-31,completed,296.08,1
O0002432,E0002432,C0139,P003,2026-01-31,completed,1021.32,1
O0002433,E0002433,C0377,P007,2026-01-31,completed,365.15,1
O0002434,E0002434,C0255,P036,2026-01-31,completed,178.96,1
O0002435,E0002435,C0140,P078,2026-01-31,completed,614.02,1
O0002436,E0002436,C0564,P037,2026-01-31,completed,942.7,1
O0002437,E0002437,C0592,P052,2026-01-31,returned,628.09,1
O0002438,E0002438,C0171,P052,2026-01-31,completed,860.21,1
O0002439,E0002439,C0377,P064,2026-01-31,completed,21.25,1
O0002440,E0002440,C0385,P039,2026-01-31,completed,161.22,1
O0002441,E0002441,C0221,P048,2026-01-31,completed,158.33,1
O0002442,E0002442,C0310,P019,2026-01-31,completed,312.39,1
O0002443,E0002443,C0259,P032,2026-01-31,completed,1096.59,1
O0002444,E0002444,C0475,P052,2026-01-31,completed,418.44,1
O0002445,E0002445,C0104,P054,2026-01-31,cancelled,288.78,1
O0002446,E0002446,C0444,P048,2026-01-31,completed,626.69,1
O0002447,E0002447,C0042,P077,2026-01-31,completed,1082.93,1
O0002448,E0002448,C0519,P062,2026-01-31,completed,99.12,1
O0002449,E0002449,C0062,P002,2026-01-31,cancelled,291.82,1
O0002450,E0002450,C0460,P066,2026-01-31,completed,228.81,1
O0002451,E0002451,C0292,P043,2026-01-31,completed,111.6,1
O0002452,E0002452,C0500,P007,2026-01-31,completed,653.21,1
O0002453,E0002453,C0158,P066,2026-01-31,completed,256.34,1
O0002454,E0002454,C0148,P049,2026-01-31,completed,148.5,1
O0002455,E0002455,C0226,P026,2026-01-31,completed,823.29,1
O0002456,E0002456,C0429,P006,2026-01-31,completed,570.87,1
O0002457,E0002457,C0438,P025,2026-01-31,completed,410.46,1
O0002458,E0002458,C0068,P073,2026-01-31,completed,173.61,1
O0002459,E0002459,C0225,P005,2026-01-31,completed,29.93,1
O0002460,E0002460,C0471,P022,2026-01-31,returned,154.11,1
O0002461,E0002461,C0265,P044,2026-01-31,completed,585.32,1
O0002462,E0002462,C0335,P072,2026-01-31,completed,103.44,1
O0002463,E0002463,C0252,P020,2026-01-31,completed,217.95,1
O0002464,E0002464,C0511,P003,2026-01-31,completed,576.71,1
O0002465,E0002465,C0110,P052,2026-01-31,completed,665.65,1
O0002466,E0002466,C0255,P019,2026-01-31,completed,348.22,1
O0002467,E0002467,C0423,P020,2026-01-31,returned,205.73,1
O0002468,E0002468,C0249,P052,2026-01-31,completed,195.81,1
O0002469,E0002469,C0322,P080,2026-01-31,completed,51.89,1
O0002470,E0002470,C0425,P008,2026-01-31,completed,386.97,1
O0002471,E0002471,C0242,P004,2026-01-31,completed,608.0,1
O0002472,E0002472,C0416,P063,2026-01-31,returned,258.31,1
O0002473,E0002473,C0345,P031,2026-01-31,completed,460.17,1
O0002474,E0002474,C0104,P077,2026-01-31,completed,221.56,1
O0002475,E0002475,C0505,P011,2026-01-31,completed,115.42,1
O0002476,E0002476,C0053,P012,2026-01-31,returned,323.08,1
O0002477,E0002477,C0366,P061,2026-01-31,completed,563.29,1
O0002478,E0002478,C0339,P074,2026-01-31,completed,220.71,1
O0002479,E0002479,C0001,P005,2026-01-31,cancelled,24.24,1
O0002480,E0002480,C0111,P025,2026-02-01,completed,844.75,1
O0002481,E0002481,C0292,P076,2026-02-01,completed,87.84,1
O0002482,E0002482,C0528,P009,2026-02-01,completed,474.0,1
O0002483,E0002483,C0403,P064,2026-02-01,completed,29.6,1
O0002484,E0002484,C0368,P044,2026-02-01,completed,521.37,1
O0002485,E0002485,C0429,P040,2026-02-01,completed,73.39,1
O0002486,E0002486,C0216,P031,2026-02-01,completed,763.29,1
O0002487,E0002487,C0061,P060,2026-02-01,completed,52.24,1
O0002488,E0002488,C0153,P016,2026-02-01,completed,538.08,1
O0002489,E0002489,C0594,P010,2026-02-01,completed,657.42,1
O0002490,E0002490,C0215,P062,2026-02-01,completed,88.54,1
O0002491,E0002491,C0197,P061,2026-02-01,completed,849.6,1
O0002492,E0002492,C0399,P009,2026-02-01,completed,707.76,1
O0002493,E0002493,C0461,P064,2026-02-01,completed,99.45,1
O0002494,E0002494,C0581,P042,2026-02-01,completed,476.7,1
O0002496,E0002496,C0144,P063,2026-02-01,returned,125.21,1
O0002497,E0002497,C0185,P066,2026-02-01,completed,550.58,1
O0002498,E0002498,C0382,P005,2026-02-01,completed,96.13,1
O0002499,E0002499,C0217,P001,2026-02-01,completed,264.08,1
O0002500,E0002500,C0544,P043,2026-02-01,completed,132.88,1
O0002501,E0002501,C0446,P068,2026-02-01,cancelled,331.86,1
O0002502,E0002502,C0552,P006,2026-02-01,completed,778.45,1
O0002503,E0002503,C0065,P059,2026-02-01,completed,77.18,1
O0002504,E0002504,C0323,P054,2026-02-01,returned,392.04,1
O0002505,E0002505,C0235,P076,2026-02-01,completed,67.42,1
O0002506,E0002506,C0042,P075,2026-02-01,completed,339.06,1
O0002507,E0002507,C0078,P058,2026-02-01,completed,171.79,1
O0002508,E0002508,C0017,P036,2026-02-01,completed,868.83,1
O0002509,E0002509,C0595,P040,2026-02-01,completed,72.05,1
O0002510,E0002510,C0241,P069,2026-02-01,completed,22.46,1
O0002511,E0002511,C0015,P050,2026-02-01,completed,150.6,1
O0002512,E0002512,C0022,P055,2026-02-01,completed,621.79,1
O0002513,E0002513,C0300,P017,2026-02-01,returned,444.55,1
O0002514,E0002514,C0168,P033,2026-02-01,completed,431.48,1
O0002515,E0002515,C0079,P013,2026-02-01,completed,212.87,1
O0002516,E0002516,C0068,P016,2026-02-01,completed,334.0,1
O0002517,E0002517,C0346,P035,2026-02-01,cancelled,751.53,1
O0002518,E0002518,C0524,P065,2026-02-01,completed,254.3,1
O0002519,E0002519,C0365,P062,2026-02-01,completed,32.14,1
O0002520,E0002520,C0559,P012,2026-02-01,completed,268.89,1
O0002521,E0002521,C0065,P003,2026-02-01,returned,227.52,1
O0002522,E0002522,C0491,P019,2026-02-01,completed,302.76,1
O0002523,E0002523,C0107,P045,2026-02-01,completed,1021.62,1
O0002524,E0002524,C0195,P066,2026-02-01,completed,432.32,1
O0002525,E0002525,C0233,P062,2026-02-01,completed,40.07,1
O0002526,E0002526,C0378,P064,2026-02-01,completed,79.93,1
O0002527,E0002527,C0018,P006,2026-02-01,completed,602.1,1
O0002528,E0002528,C0323,P048,2026-02-01,completed,152.96,1
O0002529,E0002529,C0140,P060,2026-02-01,completed,72.42,1
O0002530,E0002530,C0123,P064,2026-02-01,completed,83.53,1
O0002531,E0002531,C0320,P005,2026-02-01,completed,64.27,1
O0002532,E0002532,C0308,P055,2026-02-01,completed,169.94,1
O0002533,E0002533,C0288,P018,2026-02-01,completed,431.12,1
O0002534,E0002534,C0077,P053,2026-02-01,cancelled,370.05,1
O0002535,E0002535,C0292,P040,2026-02-01,completed,15.99,1
O0002536,E0002536,C0372,P024,2026-02-01,completed,24.75,1
O0002537,E0002537,C0127,P013,2026-02-01,cancelled,798.53,1
O0002538,E0002538,C0051,P074,2026-02-01,completed,199.35,1
O0002539,E0002539,C0563,P040,2026-02-01,completed,17.12,1
O0002540,E0002540,C0103,P074,2026-02-01,returned,267.67,1
O0002541,E0002541,C0096,P052,2026-02-01,completed,666.93,1
O0002542,E0002542,C0097,P043,2026-02-01,completed,29.92,1
O0002543,E0002543,C0370,P001,2026-02-01,completed,463.24,1
O0002544,E0002544,C0084,P070,2026-02-01,completed,114.59,1
O0002545,E0002545,C0018,P022,2026-02-01,completed,185.0,1
O0002546,E0002546,C0418,P028,2026-02-01,completed,96.69,1
O0002547,E0002547,C0505,P067,2026-02-01,returned,70.81,1
O0002548,E0002548,C0198,P031,2026-02-01,completed,755.85,1
O0002549,E0002549,C0593,P068,2026-02-01,completed,522.45,1
O0002550,E0002550,C0431,P035,2026-02-01,completed,268.16,1
O0002551,E0002551,C0196,P078,2026-02-01,completed,944.51,1
O0002552,E0002552,C0255,P033,2026-02-01,completed,187.67,1
O0002553,E0002553,C0074,P006,2026-02-01,completed,207.55,1
O0002554,E0002554,C0589,P051,2026-02-01,completed,34.4,1
O0002555,E0002555,C0424,P027,2026-02-01,completed,209.5,1
O0002556,E0002556,C0378,P044,2026-02-01,completed,99.41,1
O0002557,E0002557,C0455,P053,2026-02-01,completed,305.11,1
O0002558,E0002558,C0362,P026,2026-02-01,completed,725.76,1
O0002559,E0002559,C0051,P032,2026-02-01,completed,1117.71,1
O0002560,E0002560,C0470,P001,2026-02-02,completed,98.27,1
O0002561,E0002561,C0145,P038,2026-02-02,completed,565.11,1
O0002562,E0002562,C0543,P036,2026-02-02,completed,823.94,1
O0002563,E0002563,C0461,P076,2026-02-02,completed,137.6,1
O0002564,E0002564,C0165,P036,2026-02-02,completed,668.15,1
O0002565,E0002565,C0498,P029,2026-02-02,completed,219.66,1
O0002566,E0002566,C0113,P029,2026-02-02,cancelled,271.9,1
O0002567,E0002567,C0529,P048,2026-02-02,completed,520.58,1
O0002568,E0002568,C0248,P040,2026-02-02,completed,12.95,1
O0002569,E0002569,C0509,P037,2026-02-02,completed,363.51,1
O0002570,E0002570,C0582,P001,2026-02-02,completed,362.44,1
O0002571,E0002571,C0436,P001,2026-02-02,completed,299.56,1
O0002572,E0002572,C0099,P035,2026-02-02,completed,730.79,1
O0002573,E0002573,C0047,P061,2026-02-02,completed,805.71,1
O0002574,E0002574,C0505,P044,2026-02-02,completed,401.82,1
O0002575,E0002575,C0106,P056,2026-02-02,cancelled,163.97,1
O0002576,E0002576,C0479,P018,2026-02-02,completed,440.11,1
O0002577,E0002577,C0139,P069,2026-02-02,cancelled,79.75,1
O0002578,E0002578,C0012,P028,2026-02-02,completed,142.57,1
O0002579,E0002579,C0215,P076,2026-02-02,completed,373.4,1
O0002580,E0002580,C0257,P044,2026-02-02,returned,125.67,1
O0002581,E0002581,C0046,P077,2026-02-02,completed,498.97,1
O0002582,E0002582,C0502,P036,2026-02-02,completed,196.37,1
O0002583,E0002583,C0091,P028,2026-02-02,completed,69.34,1
O0002584,E0002584,C0438,P075,2026-02-02,completed,197.36,1
O0002585,E0002585,C0028,P045,2026-02-02,returned,490.16,1
O0002586,E0002586,C0198,P013,2026-02-02,cancelled,733.03,1
O0002587,E0002587,C0201,P021,2026-02-02,completed,240.4,1
O0002588,E0002588,C0461,P027,2026-02-02,completed,163.85,1
O0002589,E0002589,C0376,P080,2026-02-02,completed,70.83,1
O0002590,E0002590,C0163,P039,2026-02-02,completed,32.78,1
O0002591,E0002591,C0431,P049,2026-02-02,completed,84.62,1
O0002592,E0002592,C0426,P011,2026-02-02,completed,64.89,1
O0002593,E0002593,C0533,P056,2026-02-02,completed,730.52,1
O0002594,E0002594,C0464,P072,2026-02-02,returned,88.27,1
O0002595,E0002595,C0436,P077,2026-02-02,completed,970.57,1
O0002596,E0002596,C0267,P079,2026-02-02,completed,473.27,1
O0002597,E0002597,C0201,P028,2026-02-02,returned,66.88,1
O0002598,E0002598,C0596,P038,2026-02-02,completed,234.5,1
O0002599,E0002599,C0574,P017,2026-02-02,returned,174.98,1
O0002600,E0002600,C0055,P051,2026-02-02,returned,82.33,1
O0002601,E0002601,C0247,P024,2026-02-02,completed,36.84,1
O0002602,E0002602,C0248,P007,2026-02-02,completed,164.88,1
O0002603,E0002603,C0266,P071,2026-02-02,completed,192.44,1
O0002604,E0002604,C0438,P043,2026-02-02,completed,43.76,1
O0002605,E0002605,C0531,P027,2026-02-02,completed,206.09,1
O0002606,E0002606,C0330,P080,2026-02-02,completed,41.6,1
O0002607,E0002607,C0031,P022,2026-02-02,completed,571.28,1
O0002608,E0002608,C0032,P002,2026-02-02,completed,131.84,1
O0002609,E0002609,C0085,P042,2026-02-02,completed,161.27,1
O0002610,E0002610,C0552,P025,2026-02-02,completed,814.04,1
O0002611,E0002611,C0154,P048,2026-02-02,completed,169.1,1
O0002612,E0002612,C0300,P041,2026-02-02,completed,284.12,1
O0002613,E0002613,C0295,P021,2026-02-02,completed,701.76,1
O0002614,E0002614,C0296,P067,2026-02-02,returned,54.72,1
O0002615,E0002615,C0042,P080,2026-02-02,completed,157.61,1
O0002616,E0002616,C0003,P056,2026-02-02,completed,166.74,1
O0002617,E0002617,C0091,P034,2026-02-02,returned,548.76,1
O0002618,E0002618,C0577,P067,2026-02-02,completed,114.17,1
O0002619,E0002619,C0330,P031,2026-02-02,completed,498.69,1
O0002620,E0002620,C0043,P007,2026-02-02,completed,722.93,1
O0002621,E0002621,C0247,P006,2026-02-02,completed,371.5,1
O0002622,E0002622,C0018,P078,2026-02-02,completed,594.2,1
O0002623,E0002623,C0129,P080,2026-02-02,completed,104.77,1
O0002624,E0002624,C0402,P008,2026-02-02,completed,132.58,1
O0002625,E0002625,C0268,P068,2026-02-02,completed,161.73,1
O0002626,E0002626,C0511,P034,2026-02-02,cancelled,828.81,1
O0002627,E0002627,C0542,P032,2026-02-02,completed,434.88,1
O0002628,E0002628,C0145,P009,2026-02-02,completed,178.63,1
O0002629,E0002629,C0535,P052,2026-02-02,completed,384.4,1
O0002630,E0002630,C0430,P040,2026-02-02,completed,28.08,1
O0002631,E0002631,C0220,P017,2026-02-02,completed,886.92,1
O0002632,E0002632,C0042,P040,2026-02-02,cancelled,59.1,1
O0002633,E0002633,C0161,P050,2026-02-02,completed,401.97,1
O0002634,E0002634,C0192,P048,2026-02-02,completed,186.75,1
O0002635,E0002635,C0301,P030,2026-02-02,completed,375.26,1
O0002636,E0002636,C0422,P003,2026-02-02,completed,636.8,1
O0002637,E0002637,C0232,P036,2026-02-02,completed,183.95,1
O0002638,E0002638,C0283,P014,2026-02-02,completed,38.04,1
O0002639,E0002639,C0349,P018,2026-02-02,completed,216.98,1
O0002640,E0002640,C0245,P038,2026-02-03,completed,547.88,1
O0002641,E0002641,C0199,P028,2026-02-03,completed,197.9,1
O0002642,E0002642,C0405,P068,2026-02-03,completed,143.88,1
O0002643,E0002643,C0097,P029,2026-02-03,completed,151.83,1
O0002644,E0002644,C0558,P077,2026-02-03,completed,231.48,1
O0002645,E0002645,C0203,P078,2026-02-03,cancelled,169.29,1
O0002646,E0002646,C0041,P028,2026-02-03,completed,125.25,1
O0002647,E0002647,C0518,P053,2026-02-03,completed,111.41,1
O0002648,E0002648,C0566,P042,2026-02-03,cancelled,468.8,1
O0002649,E0002649,C0214,P068,2026-02-03,returned,242.6,1
O0002650,E0002650,C0343,P004,2026-02-03,cancelled,168.03,1
O0002651,E0002651,C0251,P054,2026-02-03,completed,135.32,1
O0002652,E0002652,C0271,P049,2026-02-03,completed,191.44,1
O0002653,E0002653,C0004,P037,2026-02-03,completed,863.84,1
O0002654,E0002654,C0138,P080,2026-02-03,completed,122.94,1
O0002655,E0002655,C0539,P008,2026-02-03,completed,176.73,1
O0002656,E0002656,C0237,P074,2026-02-03,completed,177.88,1
O0002657,E0002657,C0418,P068,2026-02-03,completed,365.32,1
O0002658,E0002658,C0518,P022,2026-02-03,completed,259.36,1
O0002659,E0002659,C0429,P010,2026-02-03,completed,638.04,1
O0002660,E0002660,C0134,P012,2026-02-03,completed,332.92,1
O0002661,E0002661,C0022,P069,2026-02-03,completed,83.58,1
O0002662,E0002662,C0446,P044,2026-02-03,completed,575.46,1
O0002663,E0002663,C0437,P006,2026-02-03,completed,381.01,1
O0002664,E0002664,C0533,P003,2026-02-03,returned,260.3,1
O0002665,E0002665,C0028,P027,2026-02-03,completed,172.62,1
O0002666,E0002666,C0103,P020,2026-02-03,completed,100.26,1
O0002667,E0002667,C0441,P028,2026-02-03,completed,54.25,1
O0002668,E0002668,C0497,P071,2026-02-03,completed,786.58,1
O0002669,E0002669,C0538,P072,2026-02-03,completed,48.25,1
O0002670,E0002670,C0248,P034,2026-02-03,completed,236.37,1
O0002671,E0002671,C0199,P071,2026-02-03,completed,770.74,1
O0002672,E0002672,C0418,P039,2026-02-03,completed,79.29,1
O0002673,E0002673,C0055,P028,2026-02-03,completed,55.18,1
O0002674,E0002674,C0520,P048,2026-02-03,completed,173.83,1
O0002675,E0002675,C0293,P073,2026-02-03,completed,346.35,1
O0002676,E0002676,C0262,P024,2026-02-03,returned,92.84,1
O0002677,E0002677,C0587,P022,2026-02-03,completed,646.8,1
O0002678,E0002678,C0092,P049,2026-02-03,completed,193.13,1
O0002679,E0002679,C0594,P067,2026-02-03,completed,104.21,1
O0002680,E0002680,C0302,P073,2026-02-03,completed,133.59,1
O0002681,E0002681,C0180,P065,2026-02-03,returned,116.04,1
O0002682,E0002682,C0302,P025,2026-02-03,completed,412.68,1
O0002683,E0002683,C0418,P019,2026-02-03,completed,144.88,1
O0002684,E0002684,C0121,P003,2026-02-03,cancelled,850.34,1
O0002685,E0002685,C0179,P054,2026-02-03,cancelled,511.22,1
O0002686,E0002686,C0533,P028,2026-02-03,completed,141.76,1
O0002687,E0002687,C0250,P029,2026-02-03,completed,428.61,1
O0002688,E0002688,C0292,P067,2026-02-03,completed,40.55,1
O0002689,E0002689,C0146,P001,2026-02-03,returned,142.42,1
O0002690,E0002690,C0416,P073,2026-02-03,completed,268.68,1
O0002691,E0002691,C0096,P046,2026-02-03,completed,397.51,1
O0002692,E0002692,C0075,P071,2026-02-03,completed,717.21,1
O0002693,E0002693,C0101,P028,2026-02-03,completed,232.6,1
O0002694,E0002694,C0586,P019,2026-02-03,completed,514.45,1
O0002695,E0002695,C0409,P016,2026-02-03,completed,559.07,1
O0002696,E0002696,C0522,P020,2026-02-03,completed,214.49,1
O0002697,E0002697,C0490,P006,2026-02-03,completed,544.08,1
O0002698,E0002698,C0401,P029,2026-02-03,completed,572.78,1
O0002699,E0002699,C0516,P050,2026-02-03,completed,259.04,1
O0002700,E0002700,C0027,P010,2026-02-03,completed,610.61,1
O0002701,E0002701,C0083,P009,2026-02-03,completed,482.43,1
O0002702,E0002702,C0465,P078,2026-02-03,completed,214.35,1
O0002703,E0002703,C0422,P023,2026-02-03,completed,335.11,1
O0002704,E0002704,C0277,P019,2026-02-03,completed,421.62,1
O0002705,E0002705,C0167,P064,2026-02-03,completed,113.79,1
O0002706,E0002706,C0134,P058,2026-02-03,returned,992.77,1
O0002707,E0002707,C0504,P018,2026-02-03,completed,192.58,1
O0002708,E0002708,C0579,P061,2026-02-03,returned,544.15,1
O0002709,E0002709,C0407,P078,2026-02-03,completed,217.98,1
O0002710,E0002710,C0204,P068,2026-02-03,completed,280.0,1
O0002711,E0002711,C0367,P059,2026-02-03,completed,75.76,1
O0002712,E0002712,C0112,P022,2026-02-03,completed,739.32,1
O0002713,E0002713,C0169,P070,2026-02-03,returned,134.21,1
O0002714,E0002714,C0116,P014,2026-02-03,completed,62.38,1
O0002715,E0002715,C0136,P055,2026-02-03,completed,438.93,1
O0002716,E0002716,C0125,P064,2026-02-03,completed,133.11,1
O0002717,E0002717,C0315,P028,2026-02-03,completed,208.36,1
O0002718,E0002718,C0049,P076,2026-02-03,completed,276.83,1
O0002719,E0002719,C0442,P051,2026-02-03,completed,31.13,1
O0002720,E0002720,C0257,P037,2026-02-04,cancelled,362.0,1
O0002721,E0002721,C0475,P014,2026-02-04,completed,37.66,1
O0002722,E0002722,C0077,P064,2026-02-04,completed,45.93,1
O0002723,E0002723,C0105,P021,2026-02-04,completed,360.3,1
O0002724,E0002724,C0176,P025,2026-02-04,completed,855.98,1
O0002725,E0002725,C0240,P070,2026-02-04,completed,315.39,1
O0002726,E0002726,C0118,P055,2026-02-04,completed,254.08,1
O0002727,E0002727,C0419,P066,2026-02-04,completed,737.74,1
O0002728,E0002728,C0505,P044,2026-02-04,completed,133.45,1
O0002729,E0002729,C0122,P076,2026-02-04,completed,322.78,1
O0002730,E0002730,C0242,P062,2026-02-04,completed,136.97,1
O0002731,E0002731,C0374,P052,2026-02-04,completed,243.49,1
O0002732,E0002732,C0185,P001,2026-02-04,completed,194.89,1
O0002733,E0002733,C0375,P045,2026-02-04,completed,735.44,1
O0002734,E0002734,C0272,P043,2026-02-04,completed,36.97,1
O0002735,E0002735,C0075,P073,2026-02-04,completed,232.0,1
O0002736,E0002736,C0041,P018,2026-02-04,completed,714.66,1
O0002737,E0002737,C0441,P076,2026-02-04,completed,164.62,1
O0002738,E0002738,C0163,P078,2026-02-04,completed,218.49,1
O0002739,E0002739,C0556,P005,2026-02-04,completed,68.82,1
O0002740,E0002740,C0134,P077,2026-02-04,completed,622.83,1
O0002741,E0002741,C0087,P078,2026-02-04,completed,214.14,1
O0002742,E0002742,C0037,P045,2026-02-04,completed,894.74,1
O0002743,E0002743,C0558,P057,2026-02-04,completed,481.39,1
O0002744,E0002744,C0027,P058,2026-02-04,completed,384.48,1
O0002745,E0002745,C0066,P079,2026-02-04,completed,152.83,1
O0002746,E0002746,C0555,P060,2026-02-04,completed,253.2,1
O0002747,E0002747,C0158,P080,2026-02-04,completed,167.56,1
O0002748,E0002748,C0040,P017,2026-02-04,completed,830.91,1
O0002749,E0002749,C0191,P069,2026-02-04,completed,100.97,1
O0002750,E0002750,C0370,P031,2026-02-04,completed,238.83,1
O0002751,E0002751,C0583,P050,2026-02-04,completed,346.05,1
O0002752,E0002752,C0351,P004,2026-02-04,completed,364.21,1
O0002753,E0002753,C0472,P048,2026-02-04,completed,541.98,1
O0002754,E0002754,C0191,P051,2026-02-04,completed,110.75,1
O0002755,E0002755,C0401,P032,2026-02-04,completed,572.54,1
O0002756,E0002756,C0349,P029,2026-02-04,completed,113.64,1
O0002757,E0002757,C0192,P022,2026-02-04,completed,504.0,1
O0002758,E0002758,C0352,P044,2026-02-04,completed,287.34,1
O0002759,E0002759,C0228,P022,2026-02-04,cancelled,261.42,1
O0002760,E0002760,C0229,P068,2026-02-04,completed,171.42,1
O0002761,E0002761,C0375,P065,2026-02-04,completed,185.26,1
O0002762,E0002762,C0017,P063,2026-02-04,completed,494.8,1
O0002763,E0002763,C0268,P042,2026-02-04,completed,490.11,1
O0002764,E0002764,C0525,P001,2026-02-04,completed,124.14,1
O0002765,E0002765,C0496,P074,2026-02-04,completed,403.96,1
O0002766,E0002766,C0596,P007,2026-02-04,completed,544.74,1
O0002767,E0002767,C0216,P035,2026-02-04,completed,554.78,1
O0002768,E0002768,C0335,P040,2026-02-04,completed,15.1,1
O0002769,E0002769,C0375,P042,2026-02-04,completed,250.93,1
O0002770,E0002770,C0244,P028,2026-02-04,completed,57.98,1
O0002771,E0002771,C0273,P055,2026-02-04,completed,132.9,1
O0002772,E0002772,C0291,P020,2026-02-04,completed,66.98,1
O0002773,E0002773,C0393,P012,2026-02-04,completed,528.69,1
O0002774,E0002774,C0575,P068,2026-02-04,returned,518.23,1
O0002775,E0002775,C0007,P078,2026-02-04,completed,637.45,1
O0002776,E0002776,C0412,P047,2026-02-04,completed,758.93,1
O0002777,E0002777,C0427,P018,2026-02-04,returned,771.0,1
O0002778,E0002778,C0461,P042,2026-02-04,completed,601.86,1
O0002779,E0002779,C0505,P057,2026-02-04,completed,469.86,1
O0002780,E0002780,C0555,P044,2026-02-04,completed,439.61,1
O0002781,E0002781,C0325,P044,2026-02-04,completed,345.02,1
O0002782,E0002782,C0122,P079,2026-02-04,completed,486.29,1
O0002783,E0002783,C0041,P055,2026-02-04,cancelled,112.93,1
O0002784,E0002784,C0238,P020,2026-02-04,completed,117.96,1
O0002785,E0002785,C0334,P031,2026-02-04,completed,257.54,1
O0002786,E0002786,C0493,P041,2026-02-04,completed,266.23,1
O0002787,E0002787,C0103,P067,2026-02-04,completed,72.62,1
O0002788,E0002788,C0396,P039,2026-02-04,completed,136.72,1
O0002789,E0002789,C0228,P080,2026-02-04,cancelled,171.96,1
O0002790,E0002790,C0424,P058,2026-02-04,returned,764.47,1
O0002791,E0002791,C0378,P001,2026-02-04,completed,272.28,1
O0002792,E0002792,C0178,P027,2026-02-04,returned,289.22,1
O0002793,E0002793,C0195,P070,2026-02-04,completed,111.19,1
O0002794,E0002794,C0313,P009,2026-02-04,completed,213.48,1
O0002795,E0002795,C0533,P012,2026-02-04,completed,157.85,1
O0002796,E0002796,C0354,P054,2026-02-04,completed,551.25,1
O0002797,E0002797,C0467,P069,2026-02-04,completed,24.62,1
O0002798,E0002798,C0267,P024,2026-02-04,returned,62.65,1
O0002799,E0002799,C0389,P047,2026-02-04,completed,387.32,1
O0002800,E0002800,C0524,P074,2026-02-05,returned,80.16,1
O0002801,E0002801,C0105,P059,2026-02-05,completed,45.0,1
O0002802,E0002802,C0124,P007,2026-02-05,completed,533.84,1
O0002803,E0002803,C0204,P061,2026-02-05,completed,444.65,1
O0002804,E0002804,C0030,P028,2026-02-05,returned,125.88,1
O0002805,E0002805,C0422,P024,2026-02-05,completed,43.68,1
O0002806,E0002806,C0600,P022,2026-02-05,cancelled,514.55,1
O0002807,E0002807,C0171,P039,2026-02-05,completed,69.34,1
O0002808,E0002808,C0328,P047,2026-02-05,completed,383.0,1
O0002809,E0002809,C0505,P040,2026-02-05,completed,55.01,1
O0002810,E0002810,C0585,P021,2026-02-05,completed,137.81,1
O0002811,E0002811,C0120,P034,2026-02-05,completed,804.64,1
O0002812,E0002812,C0003,P058,2026-02-05,completed,1044.25,1
O0002813,E0002813,C0340,P074,2026-02-05,completed,69.65,1
O0002814,E0002814,C0116,P077,2026-02-05,completed,952.73,1
O0002815,E0002815,C0594,P063,2026-02-05,completed,312.13,1
O0002816,E0002816,C0138,P067,2026-02-05,completed,28.53,1
O0002817,E0002817,C0562,P047,2026-02-05,completed,247.43,1
O0002818,E0002818,C0477,P023,2026-02-05,completed,260.6,1
O0002819,E0002819,C0216,P065,2026-02-05,completed,174.02,1
O0002820,E0002820,C0548,P048,2026-02-05,completed,297.2,1
O0002821,E0002821,C0207,P008,2026-02-05,completed,202.01,1
O0002822,E0002822,C0084,P036,2026-02-05,cancelled,640.58,1
O0002823,E0002823,C0472,P074,2026-02-05,completed,90.36,1
O0002824,E0002824,C0585,P045,2026-02-05,completed,368.5,1
O0002825,E0002825,C0357,P012,2026-02-05,completed,237.01,1
O0002826,E0002826,C0524,P004,2026-02-05,completed,555.73,1
O0002827,E0002827,C0591,P008,2026-02-05,completed,144.42,1
O0002828,E0002828,C0096,P061,2026-02-05,completed,987.37,1
O0002829,E0002829,C0156,P015,2026-02-05,completed,118.42,1
O0002830,E0002830,C0420,P027,2026-02-05,completed,850.54,1
O0002831,E0002831,C0119,P018,2026-02-05,completed,197.03,1
O0002832,E0002832,C0043,P049,2026-02-05,completed,74.25,1
O0002833,E0002833,C0542,P080,2026-02-05,completed,126.28,1
O0002834,E0002834,C0038,P057,2026-02-05,returned,344.32,1
O0002835,E0002835,C0550,P074,2026-02-05,completed,164.82,1
O0002836,E0002836,C0534,P023,2026-02-05,completed,292.9,1
O0002837,E0002837,C0093,P020,2026-02-05,completed,56.31,1
O0002838,E0002838,C0346,P003,2026-02-05,completed,467.74,1
O0002839,E0002839,C0154,P002,2026-02-05,completed,214.4,1
O0002840,E0002840,C0376,P037,2026-02-05,completed,319.33,1
O0002841,E0002841,C0220,P049,2026-02-05,completed,35.78,1
O0002842,E0002842,C0018,P073,2026-02-05,completed,479.12,1
O0002843,E0002843,C0283,P013,2026-02-05,completed,462.44,1
O0002844,E0002844,C0397,P055,2026-02-05,returned,446.4,1
O0002845,E0002845,C0160,P017,2026-02-05,completed,155.86,1
O0002846,E0002846,C0127,P019,2026-02-05,cancelled,720.6,1
O0002847,E0002847,C0285,P079,2026-02-05,completed,565.71,1
O0002848,E0002848,C0442,P022,2026-02-05,completed,122.68,1
O0002849,E0002849,C0289,P076,2026-02-05,completed,132.24,1
O0002850,E0002850,C0008,P014,2026-02-05,completed,32.89,1
O0002851,E0002851,C0372,P037,2026-02-05,completed,163.7,1
O0002852,E0002852,C0378,P052,2026-02-05,cancelled,876.61,1
O0002853,E0002853,C0381,P040,2026-02-05,completed,47.13,1
O0002854,E0002854,C0492,P055,2026-02-05,completed,527.71,1
O0002855,E0002855,C0445,P014,2026-02-05,completed,84.94,1
O0002856,E0002856,C0527,P015,2026-02-05,completed,59.6,1
O0002857,E0002857,C0568,P005,2026-02-05,completed,138.09,1
O0002858,E0002858,C0501,P013,2026-02-05,completed,211.47,1
O0002859,E0002859,C0376,P055,2026-02-05,completed,148.44,1
O0002860,E0002860,C0351,P014,2026-02-05,completed,14.44,1
O0002861,E0002861,C0419,P008,2026-02-05,completed,144.36,1
O0002862,E0002862,C0341,P014,2026-02-05,completed,36.4,1
O0002863,E0002863,C0504,P007,2026-02-05,completed,423.89,1
O0002864,E0002864,C0026,P026,2026-02-05,completed,368.84,1
O0002865,E0002865,C0458,P073,2026-02-05,completed,404.58,1
O0002866,E0002866,C0124,P055,2026-02-05,completed,290.28,1
O0002867,E0002867,C0413,P001,2026-02-05,completed,289.23,1
O0002868,E0002868,C0448,P057,2026-02-05,returned,930.55,1
O0002869,E0002869,C0142,P020,2026-02-05,completed,130.52,1
O0002870,E0002870,C0413,P061,2026-02-05,completed,538.98,1
O0002871,E0002871,C0070,P055,2026-02-05,completed,177.22,1
O0002872,E0002872,C0128,P015,2026-02-05,completed,313.29,1
O0002873,E0002873,C0600,P033,2026-02-05,completed,607.09,1
O0002874,E0002874,C0588,P070,2026-02-05,completed,209.78,1
O0002875,E0002875,C0325,P041,2026-02-05,completed,142.73,1
O0002876,E0002876,C0305,P023,2026-02-05,completed,87.24,1
O0002877,E0002877,C0542,P077,2026-02-05,completed,1130.82,1
O0002878,E0002878,C0124,P029,2026-02-05,completed,455.59,1
O0002879,E0002879,C0105,P054,2026-02-05,completed,505.25,1
O0002880,E0002880,C0294,P049,2026-02-06,cancelled,150.1,1
O0002881,E0002881,C0179,P063,2026-02-06,completed,241.68,1
O0002882,E0002882,C0597,P042,2026-02-06,completed,375.24,1
O0002883,E0002883,C0069,P015,2026-02-06,cancelled,73.28,1
O0002884,E0002884,C0027,P034,2026-02-06,completed,375.5,1
O0002885,E0002885,C0109,P060,2026-02-06,completed,122.41,1
O0002886,E0002886,C0266,P053,2026-02-06,completed,84.6,1
O0002887,E0002887,C0379,P070,2026-02-06,returned,155.73,1
O0002888,E0002888,C0151,P079,2026-02-06,completed,676.87,1
O0002889,E0002889,C0551,P015,2026-02-06,completed,73.23,1
O0002890,E0002890,C0073,P076,2026-02-06,cancelled,91.08,1
O0002891,E0002891,C0165,P052,2026-02-06,returned,386.19,1
O0002892,E0002892,C0535,P016,2026-02-06,completed,770.79,1
O0002893,E0002893,C0449,P030,2026-02-06,completed,583.02,1
O0002894,E0002894,C0266,P002,2026-02-06,completed,92.65,1
O0002895,E0002895,C0185,P006,2026-02-06,completed,215.33,1
O0002896,E0002896,C0094,P025,2026-02-06,completed,572.8,1
O0002897,E0002897,C0277,P011,2026-02-06,returned,150.91,1
O0002898,E0002898,C0475,P022,2026-02-06,completed,298.03,1
O0002899,E0002899,C0052,P051,2026-02-06,completed,195.9,1
O0002900,E0002900,C0265,P006,2026-02-06,completed,205.27,1
O0002901,E0002901,C0438,P012,2026-02-06,completed,410.47,1
O0002902,E0002902,C0500,P064,2026-02-06,returned,58.01,1
O0002903,E0002903,C0363,P071,2026-02-06,completed,701.11,1
O0002904,E0002904,C0187,P059,2026-02-06,completed,97.93,1
O0002905,E0002905,C0386,P006,2026-02-06,returned,847.23,1
O0002906,E0002906,C0027,P070,2026-02-06,completed,242.81,1
O0002907,E0002907,C0012,P058,2026-02-06,completed,750.25,1
O0002908,E0002908,C0365,P072,2026-02-06,completed,54.89,1
O0002909,E0002909,C0001,P032,2026-02-06,completed,441.08,1
O0002910,E0002910,C0548,P074,2026-02-06,cancelled,296.34,1
O0002911,E0002911,C0447,P069,2026-02-06,completed,21.76,1
O0002912,E0002912,C0590,P034,2026-02-06,completed,648.92,1
O0002913,E0002913,C0308,P055,2026-02-06,completed,168.19,1
O0002914,E0002914,C0367,P028,2026-02-06,cancelled,95.93,1
O0002915,E0002915,C0418,P077,2026-02-06,completed,395.85,1
O0002916,E0002916,C0350,P030,2026-02-06,completed,220.63,1
O0002917,E0002917,C0411,P032,2026-02-06,completed,204.02,1
O0002918,E0002918,C0310,P003,2026-02-06,returned,603.5,1
O0002919,E0002919,C0326,P019,2026-02-06,completed,632.08,1
O0002920,E0002920,C0029,P005,2026-02-06,returned,98.92,1
O0002921,E0002921,C0496,P073,2026-02-06,completed,675.04,1
O0002922,E0002922,C0552,P009,2026-02-06,completed,502.75,1
O0002923,E0002923,C0411,P070,2026-02-06,completed,69.76,1
O0002924,E0002924,C0278,P071,2026-02-06,completed,678.98,1
O0002925,E0002925,C0335,P067,2026-02-06,completed,55.62,1
O0002926,E0002926,C0560,P024,2026-02-06,returned,67.01,1
O0002927,E0002927,C0596,P079,2026-02-06,completed,341.78,1
O0002928,E0002928,C0581,P080,2026-02-06,completed,157.41,1
O0002929,E0002929,C0051,P012,2026-02-06,completed,443.5,1
O0002930,E0002930,C0060,P016,2026-02-06,completed,481.49,1
O0002931,E0002931,C0046,P062,2026-02-06,cancelled,126.42,1
O0002932,E0002932,C0233,P015,2026-02-06,completed,60.28,1
O0002933,E0002933,C0213,P077,2026-02-06,completed,1060.89,1
O0002934,E0002934,C0103,P041,2026-02-06,completed,283.1,1
O0002935,E0002935,C0389,P075,2026-02-06,completed,179.13,1
O0002936,E0002936,C0140,P001,2026-02-06,completed,366.79,1
O0002937,E0002937,C0301,P068,2026-02-06,cancelled,139.07,1
O0002938,E0002938,C0571,P049,2026-02-06,cancelled,146.47,1
O0002939,E0002939,C0447,P056,2026-02-06,completed,610.0,1
O0002940,E0002940,C0323,P021,2026-02-06,completed,521.52,1
O0002941,E0002941,C0585,P047,2026-02-06,completed,211.84,1
O0002942,E0002942,C0519,P040,2026-02-06,completed,40.77,1
O0002943,E0002943,C0265,P078,2026-02-06,completed,477.87,1
O0002944,E0002944,C0429,P052,2026-02-06,returned,482.12,1
O0002945,E0002945,C0356,P038,2026-02-06,completed,658.26,1
O0002946,E0002946,C0165,P007,2026-02-06,completed,755.54,1
O0002947,E0002947,C0463,P024,2026-02-06,completed,35.26,1
O0002948,E0002948,C0138,P062,2026-02-06,completed,141.79,1
O0002949,E0002949,C0081,P041,2026-02-06,completed,109.67,1
O0002950,E0002950,C0516,P036,2026-02-06,completed,445.23,1
O0002951,E0002951,C0062,P033,2026-02-06,completed,730.36,1
O0002952,E0002952,C0493,P069,2026-02-06,completed,98.63,1
O0002953,E0002953,C0178,P064,2026-02-06,cancelled,22.42,1
O0002954,E0002954,C0280,P077,2026-02-06,returned,219.52,1
O0002955,E0002955,C0169,P018,2026-02-06,cancelled,538.81,1
O0002956,E0002956,C0055,P055,2026-02-06,completed,322.34,1
O0002957,E0002957,C0351,P068,2026-02-06,completed,700.19,1
O0002958,E0002958,C0546,P056,2026-02-06,completed,884.58,1
O0002959,E0002959,C0378,P060,2026-02-06,completed,152.51,1
O0002960,E0002960,C0516,P066,2026-02-07,completed,373.78,1
O0002961,E0002961,C0049,P033,2026-02-07,completed,607.95,1
O0002962,E0002962,C0479,P055,2026-02-07,completed,467.57,1
O0002963,E0002963,C0115,P019,2026-02-07,completed,174.18,1
O0002964,E0002964,C0293,P025,2026-02-07,completed,783.07,1
O0002965,E0002965,C0087,P069,2026-02-07,completed,110.93,1
O0002966,E0002966,C0249,P057,2026-02-07,returned,382.13,1
O0002967,E0002967,C0502,P038,2026-02-07,completed,500.07,1
O0002968,E0002968,C0174,P004,2026-02-07,completed,998.46,1
O0002969,E0002969,C0556,P010,2026-02-07,returned,221.48,1
O0002970,E0002970,C0043,P009,2026-02-07,completed,384.96,1
O0002971,E0002971,C0236,P043,2026-02-07,completed,129.83,1
O0002972,E0002972,C0339,P070,2026-02-07,completed,113.69,1
O0002973,E0002973,C0528,P030,2026-02-07,returned,154.02,1
O0002974,E0002974,C0436,P051,2026-02-07,completed,39.76,1
O0002975,E0002975,C0268,P023,2026-02-07,completed,220.02,1
O0002976,E0002976,C0068,P055,2026-02-07,completed,442.72,1
O0002977,E0002977,C0016,P078,2026-02-07,completed,188.27,1
O0002978,E0002978,C0550,P042,2026-02-07,completed,302.59,1
O0002979,E0002979,C0582,P065,2026-02-07,completed,198.88,1
O0002980,E0002980,C0063,P055,2026-02-07,cancelled,294.59,1
O0002981,E0002981,C0108,P041,2026-02-07,completed,506.81,1
O0002982,E0002982,C0038,P058,2026-02-07,completed,396.68,1
O0002983,E0002983,C0259,P012,2026-02-07,completed,697.71,1
O0002984,E0002984,C0461,P035,2026-02-07,completed,395.3,1
O0002985,E0002985,C0155,P067,2026-02-07,completed,35.26,1
O0002986,E0002986,C0581,P071,2026-02-07,completed,361.04,1
O0002987,E0002987,C0592,P023,2026-02-07,completed,83.5,1
O0002988,E0002988,C0016,P028,2026-02-07,completed,48.19,1
O0002989,E0002989,C0535,P030,2026-02-07,completed,153.1,1
O0002990,E0002990,C0521,P060,2026-02-07,completed,51.05,1
O0002991,E0002991,C0396,P077,2026-02-07,completed,966.51,1
O0002992,E0002992,C0382,P002,2026-02-07,completed,268.36,1
O0002993,E0002993,C0567,P012,2026-02-07,completed,339.61,1
O0002995,E0002995,C0200,P007,2026-02-07,completed,280.92,1
O0002996,E0002996,C0101,P040,2026-02-07,completed,61.58,1
O0002997,E0002997,C0469,P001,2026-02-07,completed,132.13,1
O0002998,E0002998,C0338,P052,2026-02-07,returned,489.02,1
O0002999,E0002999,C0021,P076,2026-02-07,completed,263.22,1
O0003000,E0003000,C0433,P006,2026-02-07,completed,1150.11,1
O0003001,E0003001,C0380,P012,2026-02-07,completed,675.93,1
O0003002,E0003002,C0289,P012,2026-02-07,completed,311.13,1
O0003003,E0003003,C0481,P058,2026-02-07,completed,546.5,1
O0003004,E0003004,C0441,P067,2026-02-07,completed,64.07,1
O0003005,E0003005,C0548,P071,2026-02-07,completed,780.1,1
O0003006,E0003006,C0471,P073,2026-02-07,completed,554.83,1
O0003007,E0003007,C0484,P002,2026-02-07,completed,118.92,1
O0003008,E0003008,C0380,P063,2026-02-07,completed,108.47,1
O0003009,E0003009,C0584,P076,2026-02-07,completed,70.93,1
O0003010,E0003010,C0023,P049,2026-02-07,completed,93.94,1
O0003011,E0003011,C0466,P017,2026-02-07,completed,658.49,1
O0003012,E0003012,C0390,P067,2026-02-07,completed,78.99,1
O0003013,E0003013,C0586,P039,2026-02-07,cancelled,34.71,1
O0003014,E0003014,C0344,P018,2026-02-07,returned,638.28,1
O0003015,E0003015,C0468,P041,2026-02-07,cancelled,379.4,1
O0003016,E0003016,C0395,P012,2026-02-07,completed,353.26,1
O0003017,E0003017,C0288,P024,2026-02-07,completed,34.16,1
O0003018,E0003018,C0447,P078,2026-02-07,completed,367.93,1
O0003019,E0003019,C0343,P023,2026-02-07,completed,347.81,1
O0003020,E0003020,C0376,P076,2026-02-07,completed,179.66,1
O0003021,E0003021,C0382,P017,2026-02-07,completed,616.6,1
O0003022,E0003022,C0003,P006,2026-02-07,completed,532.34,1
O0003023,E0003023,C0509,P074,2026-02-07,completed,304.47,1
O0003024,E0003024,C0065,P001,2026-02-07,completed,90.53,1
O0003025,E0003025,C0420,P052,2026-02-07,completed,699.41,1
O0003026,E0003026,C0286,P007,2026-02-07,completed,271.3,1
O0003027,E0003027,C0287,P061,2026-02-07,cancelled,681.69,1
O0003028,E0003028,C0165,P008,2026-02-07,completed,340.21,1
O0003029,E0003029,C0430,P034,2026-02-07,completed,340.72,1
O0003030,E0003030,C0007,P050,2026-02-07,returned,250.6,1
O0003031,E0003031,C0094,P009,2026-02-07,completed,189.07,1
O0003032,E0003032,C0475,P074,2026-02-07,completed,133.65,1
O0003033,E0003033,C0191,P014,2026-02-07,cancelled,59.7,1
O0003034,E0003034,C0233,P011,2026-02-07,completed,88.42,1
O0003035,E0003035,C0045,P057,2026-02-07,completed,414.5,1
O0003036,E0003036,C0016,P060,2026-02-07,completed,180.92,1
O0003037,E0003037,C0517,P062,2026-02-07,completed,39.28,1
O0003038,E0003038,C0233,P040,2026-02-07,completed,46.1,1
O0003039,E0003039,C0569,P019,2026-02-07,completed,605.46,1
O0003040,E0003040,C0264,P028,2026-02-08,completed,112.45,1
O0003041,E0003041,C0528,P061,2026-02-08,completed,217.65,1
O0003042,E0003042,C0552,P019,2026-02-08,cancelled,386.47,1
O0003043,E0003043,C0037,P028,2026-02-08,returned,64.87,1
O0003044,E0003044,C0228,P043,2026-02-08,completed,141.06,1
O0003045,E0003045,C0369,P024,2026-02-08,completed,49.95,1
O0003046,E0003046,C0346,P033,2026-02-08,completed,427.28,1
O0003047,E0003047,C0559,P020,2026-02-08,completed,149.31,1
O0003048,E0003048,C0258,P005,2026-02-08,completed,58.87,1
O0003049,E0003049,C0182,P039,2026-02-08,returned,101.75,1
O0003050,E0003050,C0416,P030,2026-02-08,completed,735.75,1
O0003051,E0003051,C0457,P018,2026-02-08,completed,172.74,1
O0003052,E0003052,C0369,P057,2026-02-08,returned,880.06,1
O0003053,E0003053,C0164,P080,2026-02-08,completed,138.59,1
O0003054,E0003054,C0554,P073,2026-02-08,completed,167.36,1
O0003055,E0003055,C0506,P043,2026-02-08,returned,34.78,1
O0003056,E0003056,C0240,P040,2026-02-08,completed,18.04,1
O0003057,E0003057,C0098,P011,2026-02-08,cancelled,147.51,1
O0003058,E0003058,C0399,P003,2026-02-08,completed,985.09,1
O0003059,E0003059,C0240,P023,2026-02-08,completed,193.03,1
O0003060,E0003060,C0001,P035,2026-02-08,completed,369.24,1
O0003061,E0003061,C0580,P011,2026-02-08,completed,95.77,1
O0003062,E0003062,C0081,P008,2026-02-08,completed,197.05,1
O0003063,E0003063,C0356,P015,2026-02-08,completed,176.06,1
O0003064,E0003064,C0033,P076,2026-02-08,completed,241.77,1
O0003065,E0003065,C0454,P037,2026-02-08,completed,239.17,1
O0003066,E0003066,C0363,P025,2026-02-08,completed,174.9,1
O0003067,E0003067,C0068,P076,2026-02-08,completed,161.91,1
O0003068,E0003068,C0312,P002,2026-02-08,cancelled,210.14,1
O0003069,E0003069,C0004,P002,2026-02-08,completed,138.54,1
O0003070,E0003070,C0439,P045,2026-02-08,completed,341.38,1
O0003071,E0003071,C0066,P065,2026-02-08,completed,206.02,1
O0003072,E0003072,C0227,P070,2026-02-08,completed,71.9,1
O0003073,E0003073,C0559,P044,2026-02-08,returned,251.88,1
O0003074,E0003074,C0581,P045,2026-02-08,completed,577.68,1
O0003075,E0003075,C0061,P019,2026-02-08,completed,141.92,1
O0003076,E0003076,C0408,P063,2026-02-08,completed,140.74,1
O0003077,E0003077,C0076,P055,2026-02-08,returned,173.38,1
O0003078,E0003078,C0248,P050,2026-02-08,completed,81.04,1
O0003079,E0003079,C0199,P065,2026-02-08,completed,121.9,1
O0003080,E0003080,C0231,P037,2026-02-08,completed,677.87,1
O0003081,E0003081,C0343,P001,2026-02-08,completed,229.58,1
O0003082,E0003082,C0075,P002,2026-02-08,completed,124.02,1
O0003083,E0003083,C0401,P028,2026-02-08,cancelled,106.98,1
O0003084,E0003084,C0597,P037,2026-02-08,completed,420.48,1
O0003085,E0003085,C0225,P024,2026-02-08,completed,43.6,1
O0003086,E0003086,C0016,P029,2026-02-08,completed,154.95,1
O0003087,E0003087,C0048,P005,2026-02-08,completed,128.83,1
O0003088,E0003088,C0523,P032,2026-02-08,completed,1037.46,1
O0003089,E0003089,C0091,P032,2026-02-08,completed,272.62,1
O0003090,E0003090,C0289,P051,2026-02-08,completed,45.16,1
O0003091,E0003091,C0343,P043,2026-02-08,cancelled,181.86,1
O0003092,E0003092,C0332,P073,2026-02-08,completed,712.45,1
O0003093,E0003093,C0320,P073,2026-02-08,completed,468.05,1
O0003094,E0003094,C0430,P051,2026-02-08,completed,96.24,1
O0003095,E0003095,C0469,P023,2026-02-08,completed,195.88,1
O0003096,E0003096,C0475,P046,2026-02-08,completed,509.4,1
O0003097,E0003097,C0118,P004,2026-02-08,completed,711.42,1
O0003098,E0003098,C0186,P045,2026-02-08,completed,190.71,1
O0003099,E0003099,C0070,P056,2026-02-08,completed,358.28,1
O0003100,E0003100,C0005,P068,2026-02-08,completed,636.96,1
O0003101,E0003101,C0516,P047,2026-02-08,completed,210.88,1
O0003102,E0003102,C0321,P028,2026-02-08,completed,54.02,1
O0003103,E0003103,C0391,P060,2026-02-08,completed,61.49,1
O0003104,E0003104,C0243,P067,2026-02-08,completed,80.82,1
O0003105,E0003105,C0069,P069,2026-02-08,completed,54.59,1
O0003106,E0003106,C0177,P049,2026-02-08,completed,150.62,1
O0003107,E0003107,C0055,P066,2026-02-08,completed,827.27,1
O0003108,E0003108,C0167,P013,2026-02-08,cancelled,784.45,1
O0003109,E0003109,C0550,P007,2026-02-08,completed,407.5,1
O0003110,E0003110,C0259,P030,2026-02-08,completed,241.88,1
O0003111,E0003111,C0135,P036,2026-02-08,completed,449.54,1
O0003112,E0003112,C0592,P068,2026-02-08,completed,376.22,1
O0003113,E0003113,C0131,P026,2026-02-08,completed,235.46,1
O0003114,E0003114,C0225,P027,2026-02-08,cancelled,324.62,1
O0003115,E0003115,C0131,P017,2026-02-08,completed,584.15,1
O0003116,E0003116,C0134,P014,2026-02-08,completed,20.43,1
O0003117,E0003117,C0260,P012,2026-02-08,completed,670.95,1
O0003118,E0003118,C0353,P026,2026-02-08,completed,267.34,1
O0003119,E0003119,C0471,P077,2026-02-08,completed,1086.07,1
O0003120,E0003120,C0136,P051,2026-02-09,returned,64.24,1
O0003121,E0003121,C0426,P010,2026-02-09,completed,254.85,1
O0003122,E0003122,C0163,P010,2026-02-09,completed,224.22,1
O0003123,E0003123,C0270,P068,2026-02-09,completed,190.53,1
O0003124,E0003124,C0402,P070,2026-02-09,completed,217.37,1
O0003125,E0003125,C0122,P020,2026-02-09,completed,143.3,1
O0003126,E0003126,C0571,P063,2026-02-09,completed,429.61,1
O0003127,E0003127,C0472,P048,2026-02-09,cancelled,612.48,1
O0003128,E0003128,C0087,P006,2026-02-09,completed,514.83,1
O0003129,E0003129,C0311,P066,2026-02-09,completed,211.85,1
O0003130,E0003130,C0038,P037,2026-02-09,completed,702.47,1
O0003131,E0003131,C0194,P056,2026-02-09,completed,545.84,1
O0003132,E0003132,C0386,P029,2026-02-09,completed,368.89,1
O0003133,E0003133,C0138,P059,2026-02-09,completed,97.44,1
O0003134,E0003134,C0222,P016,2026-02-09,completed,798.02,1
O0003135,E0003135,C0569,P053,2026-02-09,completed,362.15,1
O0003136,E0003136,C0547,P042,2026-02-09,completed,121.02,1
O0003137,E0003137,C0418,P064,2026-02-09,returned,28.39,1
O0003138,E0003138,C0585,P031,2026-02-09,completed,260.64,1
O0003139,E0003139,C0246,P049,2026-02-09,completed,115.92,1
O0003140,E0003140,C0472,P018,2026-02-09,completed,685.56,1
O0003141,E0003141,C0231,P047,2026-02-09,completed,407.61,1
O0003142,E0003142,C0247,P034,2026-02-09,returned,235.11,1
O0003143,E0003143,C0416,P011,2026-02-09,completed,140.67,1
O0003144,E0003144,C0400,P048,2026-02-09,cancelled,567.32,1
O0003145,E0003145,C0412,P073,2026-02-09,completed,580.55,1
O0003146,E0003146,C0205,P035,2026-02-09,completed,832.56,1
O0003147,E0003147,C0403,P031,2026-02-09,completed,675.97,1
O0003148,E0003148,C0442,P077,2026-02-09,completed,222.17,1
O0003149,E0003149,C0379,P036,2026-02-09,completed,465.15,1
O0003150,E0003150,C0314,P069,2026-02-09,completed,57.53,1
O0003151,E0003151,C0147,P012,2026-02-09,completed,483.67,1
O0003152,E0003152,C0187,P048,2026-02-09,completed,606.3,1
O0003153,E0003153,C0140,P031,2026-02-09,completed,770.39,1
O0003154,E0003154,C0273,P048,2026-02-09,completed,165.92,1
O0003155,E0003155,C0272,P050,2026-02-09,completed,93.99,1
O0003156,E0003156,C0426,P070,2026-02-09,completed,120.31,1
O0003157,E0003157,C0219,P015,2026-02-09,completed,206.12,1
O0003158,E0003158,C0232,P008,2026-02-09,completed,646.31,1
O0003159,E0003159,C0508,P003,2026-02-09,completed,230.08,1
O0003160,E0003160,C0082,P046,2026-02-09,returned,132.16,1
O0003161,E0003161,C0326,P071,2026-02-09,completed,682.33,1
O0003162,E0003162,C0181,P027,2026-02-09,completed,664.2,1
O0003163,E0003163,C0050,P065,2026-02-09,completed,199.33,1
O0003164,E0003164,C0542,P064,2026-02-09,completed,33.13,1
O0003165,E0003165,C0456,P044,2026-02-09,returned,274.78,1
O0003166,E0003166,C0417,P058,2026-02-09,completed,650.82,1
O0003167,E0003167,C0048,P025,2026-02-09,completed,145.41,1
O0003168,E0003168,C0026,P046,2026-02-09,completed,182.39,1
O0003169,E0003169,C0038,P048,2026-02-09,completed,160.73,1
O0003170,E0003170,C0068,P020,2026-02-09,completed,136.27,1
O0003171,E0003171,C0123,P024,2026-02-09,completed,45.39,1
O0003172,E0003172,C0223,P004,2026-02-09,completed,188.07,1
O0003173,E0003173,C0507,P051,2026-02-09,completed,42.04,1
O0003174,E0003174,C0360,P005,2026-02-09,completed,77.66,1
O0003175,E0003175,C0191,P020,2026-02-09,completed,59.52,1
O0003176,E0003176,C0361,P063,2026-02-09,completed,377.43,1
O0003177,E0003177,C0454,P028,2026-02-09,returned,97.89,1
O0003178,E0003178,C0002,P079,2026-02-09,completed,327.27,1
O0003179,E0003179,C0363,P047,2026-02-09,completed,474.5,1
O0003180,E0003180,C0036,P017,2026-02-09,completed,580.73,1
O0003181,E0003181,C0047,P051,2026-02-09,completed,124.97,1
O0003182,E0003182,C0518,P024,2026-02-09,completed,21.06,1
O0003183,E0003183,C0102,P021,2026-02-09,completed,131.33,1
O0003184,E0003184,C0567,P063,2026-02-09,completed,387.48,1
O0003185,E0003185,C0092,P072,2026-02-09,completed,61.61,1
O0003186,E0003186,C0269,P064,2026-02-09,completed,126.22,1
O0003187,E0003187,C0454,P034,2026-02-09,completed,576.32,1
O0003188,E0003188,C0157,P034,2026-02-09,completed,335.14,1
O0003189,E0003189,C0300,P021,2026-02-09,returned,153.53,1
O0003190,E0003190,C0189,P020,2026-02-09,completed,154.45,1
O0003191,E0003191,C0217,P046,2026-02-09,completed,449.21,1
O0003192,E0003192,C0251,P007,2026-02-09,returned,551.75,1
O0003193,E0003193,C0283,P015,2026-02-09,completed,268.43,1
O0003194,E0003194,C0573,P031,2026-02-09,completed,472.2,1
O0003195,E0003195,C0074,P016,2026-02-09,completed,199.89,1
O0003196,E0003196,C0409,P050,2026-02-09,completed,264.35,1
O0003197,E0003197,C0396,P074,2026-02-09,completed,258.72,1
O0003198,E0003198,C0371,P041,2026-02-09,completed,131.48,1
O0003199,E0003199,C0378,P033,2026-02-09,completed,206.65,1
O0003200,E0003200,C0580,P055,2026-02-10,cancelled,129.5,1
O0003201,E0003201,C0591,P044,2026-02-10,completed,106.56,1
O0003202,E0003202,C0462,P049,2026-02-10,completed,116.58,1
O0003203,E0003203,C0001,P064,2026-02-10,completed,92.61,1
O0003204,E0003204,C0016,P018,2026-02-10,completed,316.84,1
O0003205,E0003205,C0092,P080,2026-02-10,completed,86.2,1
O0003206,E0003206,C0441,P040,2026-02-10,completed,28.76,1
O0003207,E0003207,C0416,P080,2026-02-10,completed,175.32,1
O0003208,E0003208,C0169,P073,2026-02-10,cancelled,143.44,1
O0003209,E0003209,C0136,P063,2026-02-10,returned,237.22,1
O0003210,E0003210,C0591,P050,2026-02-10,completed,191.18,1
O0003211,E0003211,C0361,P069,2026-02-10,completed,106.81,1
O0003212,E0003212,C0208,P027,2026-02-10,returned,591.36,1
O0003213,E0003213,C0317,P078,2026-02-10,completed,651.81,1
O0003214,E0003214,C0187,P004,2026-02-10,cancelled,699.94,1
O0003215,E0003215,C0361,P016,2026-02-10,completed,182.92,1
O0003216,E0003216,C0279,P004,2026-02-10,completed,857.76,1
O0003217,E0003217,C0492,P073,2026-02-10,completed,496.93,1
O0003218,E0003218,C0406,P007,2026-02-10,completed,604.53,1
O0003219,E0003219,C0411,P040,2026-02-10,completed,75.18,1
O0003220,E0003220,C0092,P074,2026-02-10,completed,255.84,1
O0003221,E0003221,C0264,P026,2026-02-10,completed,202.1,1
O0003222,E0003222,C0323,P043,2026-02-10,completed,108.74,1
O0003223,E0003223,C0279,P029,2026-02-10,completed,415.37,1
O0003224,E0003224,C0081,P055,2026-02-10,completed,708.29,1
O0003225,E0003225,C0229,P073,2026-02-10,completed,481.62,1
O0003226,E0003226,C0009,P027,2026-02-10,completed,681.31,1
O0003227,E0003227,C0474,P048,2026-02-10,completed,267.83,1
O0003228,E0003228,C0322,P027,2026-02-10,completed,158.71,1
O0003229,E0003229,C0403,P038,2026-02-10,returned,731.29,1
O0003230,E0003230,C0339,P037,2026-02-10,completed,600.78,1
O0003231,E0003231,C0227,P034,2026-02-10,returned,703.34,1
O0003232,E0003232,C0125,P033,2026-02-10,completed,618.0,1
O0003233,E0003233,C0265,P073,2026-02-10,returned,302.53,1
O0003234,E0003234,C0420,P075,2026-02-10,completed,498.1,1
O0003235,E0003235,C0150,P003,2026-02-10,completed,466.32,1
O0003236,E0003236,C0489,P007,2026-02-10,completed,314.03,1
O0003237,E0003237,C0103,P028,2026-02-10,cancelled,189.94,1
O0003238,E0003238,C0133,P021,2026-02-10,completed,470.09,1
O0003239,E0003239,C0491,P023,2026-02-10,completed,82.1,1
O0003240,E0003240,C0294,P039,2026-02-10,returned,68.32,1
O0003241,E0003241,C0129,P053,2026-02-10,completed,199.02,1
O0003242,E0003242,C0312,P032,2026-02-10,completed,836.62,1
O0003243,E0003243,C0029,P009,2026-02-10,completed,213.9,1
O0003244,E0003244,C0473,P046,2026-02-10,completed,359.57,1
O0003245,E0003245,C0195,P051,2026-02-10,completed,160.79,1
O0003246,E0003246,C0003,P075,2026-02-10,completed,825.97,1
O0003247,E0003247,C0071,P056,2026-02-10,cancelled,340.42,1
O0003248,E0003248,C0407,P047,2026-02-10,completed,557.48,1
O0003249,E0003249,C0050,P029,2026-02-10,completed,346.22,1
O0003250,E0003250,C0162,P027,2026-02-10,completed,617.34,1
O0003251,E0003251,C0469,P018,2026-02-10,completed,496.45,1
O0003252,E0003252,C0020,P024,2026-02-10,completed,18.18,1
O0003253,E0003253,C0517,P030,2026-02-10,completed,880.44,1
O0003254,E0003254,C0034,P051,2026-02-10,completed,40.41,1
O0003255,E0003255,C0391,P041,2026-02-10,completed,411.8,1
O0003256,E0003256,C0499,P075,2026-02-10,cancelled,159.45,1
O0003257,E0003257,C0310,P037,2026-02-10,completed,183.62,1
O0003258,E0003258,C0049,P041,2026-02-10,completed,302.61,1
O0003259,E0003259,C0433,P021,2026-02-10,completed,482.44,1
O0003260,E0003260,C0204,P044,2026-02-10,completed,267.05,1
O0003261,E0003261,C0010,P018,2026-02-10,completed,314.12,1
O0003262,E0003262,C0221,P003,2026-02-10,completed,205.32,1
O0003263,E0003263,C0419,P002,2026-02-10,completed,303.94,1
O0003264,E0003264,C0468,P057,2026-02-10,completed,875.37,1
O0003265,E0003265,C0356,P002,2026-02-10,completed,450.82,1
O0003266,E0003266,C0285,P041,2026-02-10,completed,258.34,1
O0003267,E0003267,C0237,P048,2026-02-10,completed,255.35,1
O0003268,E0003268,C0175,P075,2026-02-10,completed,675.58,1
O0003269,E0003269,C0048,P004,2026-02-10,completed,475.69,1
O0003270,E0003270,C0094,P070,2026-02-10,completed,54.38,1
O0003271,E0003271,C0300,P021,2026-02-10,cancelled,329.17,1
O0003272,E0003272,C0266,P048,2026-02-10,completed,731.41,1
O0003273,E0003273,C0488,P070,2026-02-10,completed,77.13,1
O0003274,E0003274,C0188,P064,2026-02-10,completed,24.12,1
O0003275,E0003275,C0550,P034,2026-02-10,completed,362.53,1
O0003276,E0003276,C0348,P057,2026-02-10,completed,434.92,1
O0003277,E0003277,C0599,P009,2026-02-10,completed,185.75,1
O0003278,E0003278,C0261,P044,2026-02-10,completed,401.7,1
O0003279,E0003279,C0498,P065,2026-02-10,completed,93.73,1
O0003280,E0003280,C0191,P025,2026-02-11,completed,200.5,1
O0003281,E0003281,C0544,P017,2026-02-11,completed,245.7,1
O0003282,E0003282,C0052,P066,2026-02-11,completed,990.2,1
O0003283,E0003283,C0299,P010,2026-02-11,completed,749.74,1
O0003284,E0003284,C0361,P005,2026-02-11,completed,72.63,1
O0003285,E0003285,C0183,P076,2026-02-11,cancelled,240.01,1
O0003286,E0003286,C0506,P041,2026-02-11,completed,137.28,1
O0003287,E0003287,C0261,P023,2026-02-11,completed,394.97,1
O0003288,E0003288,C0370,P029,2026-02-11,completed,112.84,1
O0003289,E0003289,C0386,P038,2026-02-11,completed,377.3,1
O0003290,E0003290,C0197,P042,2026-02-11,completed,513.87,1
O0003291,E0003291,C0208,P025,2026-02-11,completed,272.39,1
O0003292,E0003292,C0313,P038,2026-02-11,completed,271.6,1
O0003293,E0003293,C0013,P067,2026-02-11,completed,107.3,1
O0003294,E0003294,C0387,P060,2026-02-11,completed,157.68,1
O0003295,E0003295,C0195,P065,2026-02-11,completed,134.56,1
O0003296,E0003296,C0407,P058,2026-02-11,completed,474.83,1
O0003297,E0003297,C0425,P027,2026-02-11,completed,640.7,1
O0003298,E0003298,C0327,P035,2026-02-11,completed,1100.81,1
O0003299,E0003299,C0018,P022,2026-02-11,completed,288.6,1
O0003300,E0003300,C0146,P011,2026-02-11,returned,34.87,1
O0003301,E0003301,C0155,P078,2026-02-11,completed,413.52,1
O0003302,E0003302,C0224,P037,2026-02-11,completed,757.47,1
O0003303,E0003303,C0239,P020,2026-02-11,completed,229.23,1
O0003304,E0003304,C0419,P032,2026-02-11,completed,509.15,1
O0003305,E0003305,C0044,P080,2026-02-11,completed,93.03,1
O0003306,E0003306,C0565,P049,2026-02-11,completed,48.42,1
O0003307,E0003307,C0552,P013,2026-02-11,completed,522.53,1
O0003308,E0003308,C0161,P006,2026-02-11,completed,486.82,1
O0003309,E0003309,C0079,P011,2026-02-11,completed,62.77,1
O0003310,E0003310,C0382,P038,2026-02-11,completed,275.34,1
O0003311,E0003311,C0412,P020,2026-02-11,completed,256.12,1
O0003312,E0003312,C0269,P002,2026-02-11,completed,363.82,1
O0003313,E0003313,C0137,P069,2026-02-11,completed,68.15,1
O0003314,E0003314,C0453,P001,2026-02-11,completed,443.69,1
O0003315,E0003315,C0398,P068,2026-02-11,completed,546.61,1
O0003316,E0003316,C0122,P052,2026-02-11,completed,749.28,1
O0003317,E0003317,C0115,P056,2026-02-11,completed,368.16,1
O0003318,E0003318,C0184,P019,2026-02-11,completed,290.63,1
O0003319,E0003319,C0047,P025,2026-02-11,completed,161.66,1
O0003320,E0003320,C0289,P021,2026-02-11,completed,155.23,1
O0003321,E0003321,C0093,P063,2026-02-11,returned,162.43,1
O0003322,E0003322,C0285,P079,2026-02-11,completed,746.95,1
O0003323,E0003323,C0114,P068,2026-02-11,completed,264.88,1
O0003324,E0003324,C0433,P071,2026-02-11,completed,660.3,1
O0003325,E0003325,C0064,P003,2026-02-11,completed,240.16,1
O0003326,E0003326,C0199,P045,2026-02-11,returned,733.6,1
O0003327,E0003327,C0048,P051,2026-02-11,completed,96.38,1
O0003328,E0003328,C0564,P023,2026-02-11,completed,196.0,1
O0003329,E0003329,C0428,P001,2026-02-11,returned,240.01,1
O0003330,E0003330,C0062,P079,2026-02-11,completed,183.15,1
O0003331,E0003331,C0447,P051,2026-02-11,completed,153.58,1
O0003332,E0003332,C0514,P032,2026-02-11,completed,391.29,1
O0003333,E0003333,C0220,P050,2026-02-11,completed,193.32,1
O0003334,E0003334,C0117,P062,2026-02-11,completed,120.17,1
O0003335,E0003335,C0182,P070,2026-02-11,returned,305.15,1
O0003336,E0003336,C0112,P059,2026-02-11,completed,60.88,1
O0003337,E0003337,C0206,P010,2026-02-11,completed,512.4,1
O0003338,E0003338,C0358,P029,2026-02-11,completed,222.01,1
O0003339,E0003339,C0542,P024,2026-02-11,completed,22.07,1
O0003340,E0003340,C0416,P042,2026-02-11,completed,162.78,1
O0003341,E0003341,C0433,P062,2026-02-11,completed,29.05,1
O0003342,E0003342,C0273,P048,2026-02-11,completed,134.33,1
O0003343,E0003343,C0420,P010,2026-02-11,completed,936.72,1
O0003344,E0003344,C0430,P059,2026-02-11,returned,68.59,1
O0003345,E0003345,C0359,P069,2026-02-11,completed,76.31,1
O0003346,E0003346,C0401,P064,2026-02-11,completed,58.86,1
O0003347,E0003347,C0175,P048,2026-02-11,completed,733.7,1
O0003348,E0003348,C0459,P046,2026-02-11,completed,385.75,1
O0003349,E0003349,C0352,P040,2026-02-11,completed,34.92,1
O0003350,E0003350,C0456,P029,2026-02-11,completed,143.41,1
O0003351,E0003351,C0456,P039,2026-02-11,returned,35.13,1
O0003352,E0003352,C0312,P061,2026-02-11,completed,957.71,1
O0003353,E0003353,C0576,P057,2026-02-11,completed,190.9,1
O0003354,E0003354,C0262,P071,2026-02-11,completed,745.49,1
O0003355,E0003355,C0416,P046,2026-02-11,completed,555.47,1
O0003356,E0003356,C0116,P010,2026-02-11,cancelled,610.68,1
O0003357,E0003357,C0212,P060,2026-02-11,completed,216.9,1
O0003358,E0003358,C0300,P075,2026-02-11,completed,774.2,1
O0003359,E0003359,C0011,P075,2026-02-11,completed,508.55,1
O0003360,E0003360,C0011,P078,2026-02-12,completed,821.93,1
O0003361,E0003361,C0168,P022,2026-02-12,completed,182.78,1
O0003362,E0003362,C0297,P018,2026-02-12,cancelled,587.89,1
O0003363,E0003363,C0278,P078,2026-02-12,returned,298.12,1
O0003364,E0003364,C0001,P033,2026-02-12,completed,294.82,1
O0003365,E0003365,C0338,P070,2026-02-12,completed,58.3,1
O0003366,E0003366,C0486,P040,2026-02-12,completed,34.1,1
O0003367,E0003367,C0015,P014,2026-02-12,completed,35.59,1
O0003368,E0003368,C0001,P058,2026-02-12,completed,268.16,1
O0003369,E0003369,C0105,P006,2026-02-12,completed,1038.42,1
O0003370,E0003370,C0397,P077,2026-02-12,completed,607.07,1
O0003371,E0003371,C0449,P013,2026-02-12,completed,532.19,1
O0003372,E0003372,C0020,P038,2026-02-12,completed,952.79,1
O0003373,E0003373,C0032,P016,2026-02-12,completed,183.27,1
O0003374,E0003374,C0049,P027,2026-02-12,completed,214.5,1
O0003375,E0003375,C0135,P035,2026-02-12,returned,625.14,1
O0003376,E0003376,C0352,P077,2026-02-12,returned,670.19,1
O0003377,E0003377,C0169,P072,2026-02-12,returned,82.95,1
O0003378,E0003378,C0120,P005,2026-02-12,completed,68.51,1
O0003379,E0003379,C0141,P045,2026-02-12,completed,849.61,1
O0003380,E0003380,C0128,P055,2026-02-12,completed,247.59,1
O0003381,E0003381,C0451,P002,2026-02-12,completed,303.28,1
O0003382,E0003382,C0311,P004,2026-02-12,completed,785.04,1
O0003383,E0003383,C0448,P037,2026-02-12,completed,379.34,1
O0003384,E0003384,C0548,P022,2026-02-12,completed,356.31,1
O0003385,E0003385,C0295,P041,2026-02-12,completed,267.27,1
O0003386,E0003386,C0004,P045,2026-02-12,completed,184.58,1
O0003387,E0003387,C0070,P032,2026-02-12,completed,247.87,1
O0003388,E0003388,C0475,P061,2026-02-12,completed,513.34,1
O0003389,E0003389,C0355,P021,2026-02-12,completed,272.86,1
O0003390,E0003390,C0176,P042,2026-02-12,completed,397.78,1
O0003391,E0003391,C0144,P075,2026-02-12,completed,483.01,1
O0003392,E0003392,C0501,P041,2026-02-12,completed,284.2,1
O0003393,E0003393,C0054,P079,2026-02-12,completed,386.73,1
O0003394,E0003394,C0459,P007,2026-02-12,completed,492.94,1
O0003395,E0003395,C0220,P040,2026-02-12,completed,43.82,1
O0003396,E0003396,C0115,P019,2026-02-12,completed,528.54,1
O0003397,E0003397,C0205,P060,2026-02-12,completed,258.88,1
O0003398,E0003398,C0342,P038,2026-02-12,completed,241.84,1
O0003399,E0003399,C0128,P063,2026-02-12,completed,211.53,1
O0003400,E0003400,C0206,P028,2026-02-12,completed,68.97,1
O0003401,E0003401,C0039,P067,2026-02-12,returned,167.58,1
O0003402,E0003402,C0362,P061,2026-02-12,completed,268.5,1
O0003403,E0003403,C0293,P023,2026-02-12,completed,81.96,1
O0003404,E0003404,C0321,P072,2026-02-12,completed,26.49,1
O0003405,E0003405,C0218,P016,2026-02-12,completed,594.05,1
O0003406,E0003406,C0104,P042,2026-02-12,completed,143.59,1
O0003407,E0003407,C0193,P073,2026-02-12,completed,541.43,1
O0003408,E0003408,C0454,P036,2026-02-12,completed,730.16,1
O0003409,E0003409,C0067,P049,2026-02-12,returned,187.69,1
O0003410,E0003410,C0386,P029,2026-02-12,completed,378.68,1
O0003411,E0003411,C0589,P056,2026-02-12,completed,252.84,1
O0003412,E0003412,C0492,P004,2026-02-12,completed,529.32,1
O0003413,E0003413,C0168,P074,2026-02-12,completed,312.03,1
O0003414,E0003414,C0295,P011,2026-02-12,completed,107.82,1
O0003415,E0003415,C0469,P038,2026-02-12,completed,768.86,1
O0003416,E0003416,C0503,P048,2026-02-12,completed,491.6,1
O0003417,E0003417,C0053,P074,2026-02-12,completed,88.15,1
O0003418,E0003418,C0552,P019,2026-02-12,completed,668.43,1
O0003419,E0003419,C0463,P010,2026-02-12,completed,430.78,1
O0003420,E0003420,C0269,P011,2026-02-12,completed,135.19,1
O0003421,E0003421,C0436,P043,2026-02-12,completed,86.16,1
O0003422,E0003422,C0085,P021,2026-02-12,completed,145.1,1
O0003423,E0003423,C0445,P028,2026-02-12,completed,151.93,1
O0003424,E0003424,C0504,P069,2026-02-12,completed,40.09,1
O0003425,E0003425,C0591,P069,2026-02-12,completed,90.56,1
O0003426,E0003426,C0108,P003,2026-02-12,completed,454.39,1
O0003427,E0003427,C0574,P060,2026-02-12,completed,117.11,1
O0003428,E0003428,C0383,P055,2026-02-12,returned,302.46,1
O0003429,E0003429,C0476,P041,2026-02-12,completed,117.74,1
O0003430,E0003430,C0130,P002,2026-02-12,completed,252.0,1
O0003431,E0003431,C0590,P051,2026-02-12,completed,44.22,1
O0003432,E0003432,C0588,P075,2026-02-12,completed,336.05,1
O0003433,E0003433,C0125,P040,2026-02-12,completed,58.83,1
O0003434,E0003434,C0548,P055,2026-02-12,completed,345.69,1
O0003435,E0003435,C0291,P013,2026-02-12,completed,260.53,1
O0003436,E0003436,C0212,P008,2026-02-12,returned,610.37,1
O0003437,E0003437,C0211,P009,2026-02-12,returned,978.71,1
O0003438,E0003438,C0358,P052,2026-02-12,completed,413.37,1
O0003439,E0003439,C0248,P077,2026-02-12,completed,621.03,1
O0003440,E0003440,C0558,P080,2026-02-13,completed,99.49,1
O0003441,E0003441,C0462,P056,2026-02-13,completed,676.66,1
O0003442,E0003442,C0385,P032,2026-02-13,completed,850.75,1
O0003443,E0003443,C0119,P075,2026-02-13,completed,487.21,1
O0003444,E0003444,C0138,P049,2026-02-13,completed,42.7,1
O0003445,E0003445,C0468,P066,2026-02-13,returned,447.05,1
O0003446,E0003446,C0420,P021,2026-02-13,completed,589.22,1
O0003447,E0003447,C0387,P044,2026-02-13,returned,107.87,1
O0003448,E0003448,C0079,P033,2026-02-13,completed,832.62,1
O0003449,E0003449,C0210,P014,2026-02-13,completed,60.73,1
O0003450,E0003450,C0420,P069,2026-02-13,returned,79.62,1
O0003451,E0003451,C0039,P034,2026-02-13,completed,182.5,1
O0003452,E0003452,C0009,P072,2026-02-13,completed,48.05,1
O0003453,E0003453,C0522,P019,2026-02-13,completed,258.54,1
O0003454,E0003454,C0465,P014,2026-02-13,completed,49.29,1
O0003455,E0003455,C0217,P068,2026-02-13,completed,412.68,1
O0003456,E0003456,C0429,P003,2026-02-13,completed,222.94,1
O0003457,E0003457,C0584,P052,2026-02-13,completed,238.35,1
O0003458,E0003458,C0522,P023,2026-02-13,completed,279.63,1
O0003459,E0003459,C0115,P035,2026-02-13,returned,771.5,1
O0003460,E0003460,C0140,P031,2026-02-13,completed,984.71,1
O0003461,E0003461,C0022,P063,2026-02-13,completed,241.64,1
O0003462,E0003462,C0109,P055,2026-02-13,completed,176.87,1
O0003463,E0003463,C0208,P050,2026-02-13,completed,94.27,1
O0003464,E0003464,C0520,P027,2026-02-13,completed,203.53,1
O0003465,E0003465,C0525,P027,2026-02-13,completed,529.47,1
O0003466,E0003466,C0461,P030,2026-02-13,completed,718.5,1
O0003467,E0003467,C0116,P033,2026-02-13,completed,199.67,1
O0003468,E0003468,C0024,P025,2026-02-13,completed,757.62,1
O0003469,E0003469,C0171,P070,2026-02-13,completed,169.42,1
O0003470,E0003470,C0088,P034,2026-02-13,completed,451.6,1
O0003471,E0003471,C0138,P005,2026-02-13,completed,112.53,1
O0003472,E0003472,C0507,P035,2026-02-13,completed,182.79,1
O0003473,E0003473,C0164,P076,2026-02-13,completed,135.38,1
O0003474,E0003474,C0061,P048,2026-02-13,cancelled,139.82,1
O0003475,E0003475,C0148,P062,2026-02-13,completed,65.34,1
O0003476,E0003476,C0155,P036,2026-02-13,completed,719.51,1
O0003477,E0003477,C0210,P050,2026-02-13,cancelled,383.98,1
O0003478,E0003478,C0148,P023,2026-02-13,completed,306.36,1
O0003479,E0003479,C0177,P038,2026-02-13,completed,533.47,1
O0003480,E0003480,C0037,P013,2026-02-13,completed,272.9,1
O0003481,E0003481,C0221,P040,2026-02-13,completed,64.76,1
O0003482,E0003482,C0174,P061,2026-02-13,completed,927.31,1
O0003483,E0003483,C0243,P020,2026-02-13,completed,146.77,1
O0003484,E0003484,C0202,P054,2026-02-13,completed,392.58,1
O0003485,E0003485,C0488,P070,2026-02-13,completed,210.06,1
O0003486,E0003486,C0140,P041,2026-02-13,completed,187.3,1
O0003487,E0003487,C0222,P073,2026-02-13,cancelled,451.18,1
O0003488,E0003488,C0463,P060,2026-02-13,completed,69.77,1
O0003489,E0003489,C0580,P021,2026-02-13,completed,526.57,1
O0003490,E0003490,C0508,P066,2026-02-13,completed,725.23,1
O0003491,E0003491,C0324,P024,2026-02-13,completed,72.29,1
O0003492,E0003492,C0114,P036,2026-02-13,completed,831.95,1
O0003494,E0003494,C0056,P001,2026-02-13,completed,425.65,1
O0003495,E0003495,C0189,P029,2026-02-13,completed,239.6,1
O0003496,E0003496,C0351,P019,2026-02-13,completed,285.16,1
O0003497,E0003497,C0146,P028,2026-02-13,returned,52.3,1
O0003498,E0003498,C0486,P003,2026-02-13,completed,782.29,1
O0003499,E0003499,C0431,P024,2026-02-13,completed,32.69,1
O0003500,E0003500,C0482,P046,2026-02-13,completed,276.68,1
O0003501,E0003501,C0571,P011,2026-02-13,completed,118.05,1
O0003502,E0003502,C0599,P018,2026-02-13,completed,521.96,1
O0003503,E0003503,C0109,P045,2026-02-13,completed,171.27,1
O0003504,E0003504,C0175,P015,2026-02-13,completed,90.41,1
O0003505,E0003505,C0549,P056,2026-02-13,completed,608.25,1
O0003506,E0003506,C0130,P053,2026-02-13,completed,413.87,1
O0003507,E0003507,C0513,P060,2026-02-13,completed,49.41,1
O0003508,E0003508,C0449,P035,2026-02-13,completed,407.21,1
O0003509,E0003509,C0586,P072,2026-02-13,cancelled,35.51,1
O0003510,E0003510,C0088,P063,2026-02-13,completed,315.82,1
O0003511,E0003511,C0403,P039,2026-02-13,completed,64.66,1
O0003512,E0003512,C0286,P017,2026-02-13,completed,454.82,1
O0003513,E0003513,C0517,P035,2026-02-13,completed,204.86,1
O0003514,E0003514,C0327,P016,2026-02-13,completed,1062.71,1
O0003515,E0003515,C0173,P056,2026-02-13,completed,233.7,1
O0003516,E0003516,C0015,P022,2026-02-13,completed,342.17,1
O0003517,E0003517,C0003,P043,2026-02-13,completed,65.41,1
O0003518,E0003518,C0299,P003,2026-02-13,completed,434.49,1
O0003519,E0003519,C0004,P052,2026-02-13,completed,222.09,1
O0003520,E0003520,C0125,P067,2026-02-14,completed,38.64,1
O0003521,E0003521,C0394,P016,2026-02-14,completed,166.93,1
O0003522,E0003522,C0207,P020,2026-02-14,completed,208.33,1
O0003523,E0003523,C0046,P059,2026-02-14,completed,87.01,1
O0003524,E0003524,C0557,P002,2026-02-14,completed,388.57,1
O0003525,E0003525,C0492,P011,2026-02-14,returned,176.05,1
O0003526,E0003526,C0225,P050,2026-02-14,completed,193.76,1
O0003527,E0003527,C0457,P056,2026-02-14,completed,344.0,1
O0003528,E0003528,C0569,P013,2026-02-14,completed,190.22,1
O0003529,E0003529,C0588,P048,2026-02-14,completed,293.05,1
O0003530,E0003530,C0013,P040,2026-02-14,completed,38.81,1
O0003531,E0003531,C0423,P047,2026-02-14,completed,733.71,1
O0003532,E0003532,C0291,P004,2026-02-14,completed,609.43,1
O0003533,E0003533,C0055,P035,2026-02-14,completed,444.63,1
O0003534,E0003534,C0143,P008,2026-02-14,completed,150.03,1
O0003535,E0003535,C0142,P070,2026-02-14,returned,148.63,1
O0003536,E0003536,C0002,P029,2026-02-14,completed,416.23,1
O0003537,E0003537,C0509,P051,2026-02-14,completed,40.24,1
O0003538,E0003538,C0198,P042,2026-02-14,returned,427.69,1
O0003539,E0003539,C0466,P040,2026-02-14,completed,60.35,1
O0003540,E0003540,C0574,P002,2026-02-14,completed,98.02,1
O0003541,E0003541,C0429,P071,2026-02-14,completed,155.04,1
O0003542,E0003542,C0579,P023,2026-02-14,completed,304.33,1
O0003543,E0003543,C0033,P037,2026-02-14,completed,244.76,1
O0003544,E0003544,C0437,P060,2026-02-14,completed,162.34,1
O0003545,E0003545,C0535,P004,2026-02-14,completed,356.05,1
O0003546,E0003546,C0206,P059,2026-02-14,completed,33.8,1
O0003547,E0003547,C0071,P017,2026-02-14,completed,986.92,1
O0003548,E0003548,C0546,P012,2026-02-14,completed,456.83,1
O0003549,E0003549,C0333,P048,2026-02-14,completed,707.75,1
O0003550,E0003550,C0182,P034,2026-02-14,completed,643.97,1
O0003551,E0003551,C0308,P019,2026-02-14,cancelled,288.21,1
O0003552,E0003552,C0008,P004,2026-02-14,completed,347.99,1
O0003553,E0003553,C0317,P064,2026-02-14,completed,62.0,1
O0003554,E0003554,C0086,P020,2026-02-14,completed,233.24,1
O0003555,E0003555,C0104,P053,2026-02-14,completed,254.49,1
O0003556,E0003556,C0404,P017,2026-02-14,completed,432.7,1
O0003557,E0003557,C0360,P001,2026-02-14,completed,544.86,1
O0003558,E0003558,C0079,P052,2026-02-14,cancelled,744.99,1
O0003559,E0003559,C0559,P080,2026-02-14,returned,203.92,1
O0003560,E0003560,C0485,P066,2026-02-14,completed,605.97,1
O0003561,E0003561,C0371,P011,2026-02-14,completed,77.83,1
O0003562,E0003562,C0513,P005,2026-02-14,completed,108.96,1
O0003563,E0003563,C0241,P062,2026-02-14,cancelled,87.77,1
O0003564,E0003564,C0430,P035,2026-02-14,completed,626.63,1
O0003565,E0003565,C0089,P049,2026-02-14,completed,108.87,1
O0003566,E0003566,C0168,P056,2026-02-14,completed,668.18,1
O0003567,E0003567,C0284,P033,2026-02-14,completed,612.73,1
O0003568,E0003568,C0104,P037,2026-02-14,completed,166.55,1
O0003569,E0003569,C0544,P079,2026-02-14,completed,138.74,1
O0003570,E0003570,C0240,P060,2026-02-14,completed,291.35,1
O0003571,E0003571,C0513,P029,2026-02-14,completed,414.41,1
O0003572,E0003572,C0430,P065,2026-02-14,completed,186.32,1
O0003573,E0003573,C0356,P003,2026-02-14,cancelled,205.71,1
O0003574,E0003574,C0094,P013,2026-02-14,completed,582.4,1
O0003575,E0003575,C0085,P048,2026-02-14,completed,513.07,1
O0003576,E0003576,C0053,P024,2026-02-14,completed,65.64,1
O0003577,E0003577,C0246,P079,2026-02-14,completed,164.07,1
O0003578,E0003578,C0055,P019,2026-02-14,completed,664.14,1
O0003579,E0003579,C0108,P026,2026-02-14,completed,537.79,1
O0003580,E0003580,C0083,P058,2026-02-14,completed,234.07,1
O0003581,E0003581,C0487,P036,2026-02-14,completed,422.85,1
O0003582,E0003582,C0102,P015,2026-02-14,completed,336.18,1
O0003583,E0003583,C0108,P060,2026-02-14,completed,63.96,1
O0003584,E0003584,C0053,P050,2026-02-14,returned,205.89,1
O0003585,E0003585,C0478,P065,2026-02-14,completed,175.05,1
O0003586,E0003586,C0124,P068,2026-02-14,completed,147.55,1
O0003587,E0003587,C0543,P027,2026-02-14,cancelled,503.24,1
O0003588,E0003588,C0536,P016,2026-02-14,completed,1045.14,1
O0003589,E0003589,C0233,P001,2026-02-14,completed,132.47,1
O0003590,E0003590,C0566,P015,2026-02-14,returned,61.24,1
O0003591,E0003591,C0133,P066,2026-02-14,completed,477.76,1
O0003592,E0003592,C0258,P026,2026-02-14,completed,1026.25,1
O0003593,E0003593,C0347,P063,2026-02-14,completed,552.18,1
O0003594,E0003594,C0008,P030,2026-02-14,completed,235.55,1
O0003595,E0003595,C0361,P037,2026-02-14,completed,670.53,1
O0003596,E0003596,C0301,P065,2026-02-14,completed,142.36,1
O0003597,E0003597,C0167,P018,2026-02-14,completed,356.86,1
O0003598,E0003598,C0392,P016,2026-02-14,completed,682.25,1
O0003599,E0003599,C0021,P046,2026-02-14,completed,563.81,1
O0003600,E0003600,C0122,P057,2026-02-15,completed,748.53,1
O0003601,E0003601,C0146,P074,2026-02-15,completed,313.08,1
O0003602,E0003602,C0306,P042,2026-02-15,completed,474.29,1
O0003603,E0003603,C0223,P019,2026-02-15,completed,114.88,1
O0003604,E0003604,C0161,P047,2026-02-15,completed,788.53,1
O0003605,E0003605,C0592,P028,2026-02-15,completed,128.06,1
O0003606,E0003606,C0226,P037,2026-02-15,completed,186.47,1
O0003607,E0003607,C0077,P002,2026-02-15,completed,380.57,1
O0003608,E0003608,C0104,P002,2026-02-15,completed,203.63,1
O0003609,E0003609,C0298,P010,2026-02-15,completed,1049.82,1
O0003610,E0003610,C0239,P032,2026-02-15,completed,811.77,1
O0003611,E0003611,C0122,P071,2026-02-15,completed,145.73,1
O0003612,E0003612,C0503,P036,2026-02-15,returned,352.01,1
O0003613,E0003613,C0328,P075,2026-02-15,completed,222.45,1
O0003614,E0003614,C0141,P032,2026-02-15,completed,211.24,1
O0003615,E0003615,C0101,P010,2026-02-15,returned,850.47,1
O0003616,E0003616,C0519,P030,2026-02-15,completed,899.59,1
O0003617,E0003617,C0473,P044,2026-02-15,completed,99.99,1
O0003618,E0003618,C0300,P030,2026-02-15,completed,464.04,1
O0003619,E0003619,C0480,P048,2026-02-15,completed,614.03,1
O0003620,E0003620,C0472,P005,2026-02-15,completed,29.34,1
O0003621,E0003621,C0394,P008,2026-02-15,completed,496.91,1
O0003622,E0003622,C0493,P034,2026-02-15,completed,384.62,1
O0003623,E0003623,C0234,P008,2026-02-15,completed,502.34,1
O0003624,E0003624,C0075,P003,2026-02-15,completed,764.11,1
O0003625,E0003625,C0186,P039,2026-02-15,completed,124.26,1
O0003626,E0003626,C0404,P007,2026-02-15,completed,398.41,1
O0003627,E0003627,C0191,P068,2026-02-15,completed,525.79,1
O0003628,E0003628,C0427,P067,2026-02-15,completed,168.65,1
O0003629,E0003629,C0212,P033,2026-02-15,completed,705.9,1
O0003630,E0003630,C0347,P062,2026-02-15,returned,83.92,1
O0003631,E0003631,C0142,P071,2026-02-15,cancelled,725.3,1
O0003632,E0003632,C0517,P078,2026-02-15,completed,913.77,1
O0003633,E0003633,C0270,P061,2026-02-15,completed,216.91,1
O0003634,E0003634,C0181,P067,2026-02-15,cancelled,71.28,1
O0003635,E0003635,C0007,P043,2026-02-15,completed,128.58,1
O0003636,E0003636,C0486,P004,2026-02-15,completed,521.77,1
O0003637,E0003637,C0461,P074,2026-02-15,completed,210.68,1
O0003638,E0003638,C0422,P033,2026-02-15,completed,495.91,1
O0003639,E0003639,C0512,P008,2026-02-15,completed,674.08,1
O0003640,E0003640,C0029,P044,2026-02-15,completed,100.22,1
O0003641,E0003641,C0216,P068,2026-02-15,completed,732.72,1
O0003642,E0003642,C0185,P052,2026-02-15,completed,351.38,1
O0003643,E0003643,C0106,P023,2026-02-15,completed,354.1,1
O0003644,E0003644,C0437,P010,2026-02-15,completed,1099.27,1
O0003645,E0003645,C0059,P016,2026-02-15,cancelled,355.19,1
O0003646,E0003646,C0117,P038,2026-02-15,completed,816.7,1
O0003647,E0003647,C0034,P035,2026-02-15,completed,438.62,1
O0003648,E0003648,C0213,P023,2026-02-15,returned,96.02,1
O0003649,E0003649,C0583,P023,2026-02-15,completed,393.91,1
O0003650,E0003650,C0189,P071,2026-02-15,completed,704.01,1
O0003651,E0003651,C0433,P051,2026-02-15,completed,45.8,1
O0003652,E0003652,C0222,P004,2026-02-15,completed,210.81,1
O0003653,E0003653,C0351,P011,2026-02-15,completed,32.13,1
O0003654,E0003654,C0214,P002,2026-02-15,returned,210.51,1
O0003655,E0003655,C0386,P053,2026-02-15,completed,257.39,1
O0003656,E0003656,C0164,P029,2026-02-15,completed,621.57,1
O0003657,E0003657,C0569,P036,2026-02-15,completed,354.18,1
O0003658,E0003658,C0333,P070,2026-02-15,completed,281.09,1
O0003659,E0003659,C0112,P008,2026-02-15,completed,469.78,1
O0003660,E0003660,C0474,P078,2026-02-15,completed,404.56,1
O0003661,E0003661,C0164,P021,2026-02-15,cancelled,152.45,1
O0003662,E0003662,C0049,P074,2026-02-15,completed,248.13,1
O0003663,E0003663,C0430,P073,2026-02-15,completed,460.34,1
O0003664,E0003664,C0171,P051,2026-02-15,completed,182.84,1
O0003665,E0003665,C0272,P039,2026-02-15,completed,116.68,1
O0003666,E0003666,C0518,P076,2026-02-15,completed,74.13,1
O0003667,E0003667,C0508,P070,2026-02-15,completed,313.63,1
O0003668,E0003668,C0559,P053,2026-02-15,completed,78.12,1
O0003669,E0003669,C0048,P014,2026-02-15,completed,43.03,1
O0003670,E0003670,C0244,P024,2026-02-15,completed,75.27,1
O0003671,E0003671,C0599,P005,2026-02-15,completed,30.77,1
O0003672,E0003672,C0254,P023,2026-02-15,returned,154.03,1
O0003673,E0003673,C0069,P023,2026-02-15,completed,209.88,1
O0003674,E0003674,C0353,P020,2026-02-15,completed,224.19,1
O0003675,E0003675,C0346,P008,2026-02-15,completed,398.02,1
O0003676,E0003676,C0232,P043,2026-02-15,completed,41.17,1
O0003677,E0003677,C0214,P052,2026-02-15,completed,732.15,1
O0003678,E0003678,C0302,P025,2026-02-15,completed,313.27,1
O0003679,E0003679,C0136,P032,2026-02-15,completed,776.46,1
O0003680,E0003680,C0126,P069,2026-02-16,completed,51.42,1
O0003681,E0003681,C0455,P035,2026-02-16,completed,185.41,1
O0003682,E0003682,C0058,P043,2026-02-16,completed,72.0,1
O0003683,E0003683,C0078,P019,2026-02-16,completed,299.14,1
O0003684,E0003684,C0068,P059,2026-02-16,completed,39.36,1
O0003685,E0003685,C0096,P002,2026-02-16,completed,365.87,1
O0003686,E0003686,C0136,P027,2026-02-16,returned,167.85,1
O0003687,E0003687,C0494,P051,2026-02-16,completed,43.45,1
O0003688,E0003688,C0281,P030,2026-02-16,completed,659.84,1
O0003689,E0003689,C0258,P041,2026-02-16,completed,539.46,1
O0003690,E0003690,C0436,P014,2026-02-16,returned,15.41,1
O0003691,E0003691,C0585,P058,2026-02-16,completed,195.68,1
O0003692,E0003692,C0323,P021,2026-02-16,completed,540.7,1
O0003693,E0003693,C0065,P018,2026-02-16,completed,160.39,1
O0003694,E0003694,C0097,P030,2026-02-16,completed,558.82,1
O0003695,E0003695,C0307,P027,2026-02-16,completed,150.58,1
O0003696,E0003696,C0144,P007,2026-02-16,completed,610.66,1
O0003697,E0003697,C0135,P060,2026-02-16,completed,154.22,1
O0003698,E0003698,C0330,P012,2026-02-16,completed,372.95,1
O0003699,E0003699,C0310,P070,2026-02-16,completed,71.17,1
O0003700,E0003700,C0392,P070,2026-02-16,completed,214.11,1
O0003701,E0003701,C0175,P074,2026-02-16,completed,150.74,1
O0003702,E0003702,C0367,P076,2026-02-16,cancelled,73.32,1
O0003703,E0003703,C0556,P080,2026-02-16,returned,145.57,1
O0003704,E0003704,C0516,P038,2026-02-16,cancelled,618.68,1
O0003705,E0003705,C0329,P046,2026-02-16,completed,322.41,1
O0003706,E0003706,C0177,P056,2026-02-16,completed,840.26,1
O0003707,E0003707,C0372,P066,2026-02-16,completed,449.33,1
O0003708,E0003708,C0383,P028,2026-02-16,completed,187.35,1
O0003709,E0003709,C0188,P075,2026-02-16,completed,391.09,1
O0003710,E0003710,C0362,P045,2026-02-16,completed,356.81,1
O0003711,E0003711,C0458,P052,2026-02-16,completed,753.1,1
O0003712,E0003712,C0185,P071,2026-02-16,completed,594.48,1
O0003713,E0003713,C0252,P002,2026-02-16,completed,282.41,1
O0003714,E0003714,C0012,P036,2026-02-16,completed,377.67,1
O0003715,E0003715,C0175,P002,2026-02-16,completed,500.97,1
O0003716,E0003716,C0269,P057,2026-02-16,completed,192.18,1
O0003717,E0003717,C0441,P044,2026-02-16,completed,282.77,1
O0003718,E0003718,C0020,P024,2026-02-16,completed,24.41,1
O0003719,E0003719,C0589,P030,2026-02-16,completed,157.6,1
O0003720,E0003720,C0138,P032,2026-02-16,completed,396.39,1
O0003721,E0003721,C0392,P039,2026-02-16,completed,54.78,1
O0003722,E0003722,C0542,P001,2026-02-16,completed,112.66,1
O0003723,E0003723,C0288,P060,2026-02-16,completed,195.11,1
O0003724,E0003724,C0486,P015,2026-02-16,returned,83.98,1
O0003725,E0003725,C0011,P017,2026-02-16,completed,521.74,1
O0003726,E0003726,C0278,P074,2026-02-16,completed,171.62,1
O0003727,E0003727,C0229,P012,2026-02-16,completed,273.93,1
O0003728,E0003728,C0421,P015,2026-02-16,completed,176.38,1
O0003729,E0003729,C0290,P002,2026-02-16,completed,398.38,1
O0003730,E0003730,C0102,P012,2026-02-16,cancelled,257.11,1
O0003731,E0003731,C0202,P045,2026-02-16,completed,251.66,1
O0003732,E0003732,C0536,P023,2026-02-16,completed,356.44,1
O0003733,E0003733,C0433,P062,2026-02-16,cancelled,42.55,1
O0003734,E0003734,C0047,P027,2026-02-16,completed,380.5,1
O0003735,E0003735,C0336,P036,2026-02-16,returned,837.63,1
O0003736,E0003736,C0089,P044,2026-02-16,completed,122.23,1
O0003737,E0003737,C0307,P064,2026-02-16,completed,56.02,1
O0003738,E0003738,C0456,P024,2026-02-16,completed,35.59,1
O0003739,E0003739,C0173,P035,2026-02-16,completed,736.14,1
O0003740,E0003740,C0514,P035,2026-02-16,completed,520.06,1
O0003741,E0003741,C0170,P050,2026-02-16,completed,79.93,1
O0003742,E0003742,C0388,P038,2026-02-16,completed,433.03,1
O0003743,E0003743,C0479,P018,2026-02-16,completed,581.01,1
O0003744,E0003744,C0065,P026,2026-02-16,completed,725.06,1
O0003745,E0003745,C0233,P002,2026-02-16,cancelled,268.3,1
O0003746,E0003746,C0179,P044,2026-02-16,completed,326.65,1
O0003747,E0003747,C0034,P051,2026-02-16,completed,34.7,1
O0003748,E0003748,C0052,P029,2026-02-16,completed,425.36,1
O0003749,E0003749,C0301,P063,2026-02-16,completed,144.41,1
O0003750,E0003750,C0283,P059,2026-02-16,completed,74.85,1
O0003751,E0003751,C0556,P059,2026-02-16,completed,23.19,1
O0003752,E0003752,C0426,P058,2026-02-16,completed,819.64,1
O0003753,E0003753,C0240,P054,2026-02-16,completed,542.37,1
O0003754,E0003754,C0377,P071,2026-02-16,returned,226.12,1
O0003755,E0003755,C0530,P039,2026-02-16,returned,81.85,1
O0003756,E0003756,C0464,P078,2026-02-16,completed,465.1,1
O0003757,E0003757,C0343,P022,2026-02-16,completed,378.63,1
O0003758,E0003758,C0021,P059,2026-02-16,completed,97.09,1
O0003759,E0003759,C0035,P031,2026-02-16,completed,978.93,1
O0003760,E0003760,C0436,P005,2026-02-17,completed,79.79,1
O0003761,E0003761,C0451,P066,2026-02-17,completed,704.54,1
O0003762,E0003762,C0562,P028,2026-02-17,completed,56.02,1
O0003763,E0003763,C0487,P018,2026-02-17,completed,638.88,1
O0003764,E0003764,C0525,P074,2026-02-17,completed,98.68,1
O0003765,E0003765,C0515,P066,2026-02-17,completed,438.39,1
O0003766,E0003766,C0397,P043,2026-02-17,completed,43.41,1
O0003767,E0003767,C0528,P027,2026-02-17,completed,312.22,1
O0003768,E0003768,C0410,P080,2026-02-17,completed,173.02,1
O0003769,E0003769,C0310,P041,2026-02-17,completed,123.14,1
O0003770,E0003770,C0061,P018,2026-02-17,completed,615.75,1
O0003771,E0003771,C0559,P072,2026-02-17,completed,31.73,1
O0003772,E0003772,C0401,P052,2026-02-17,completed,827.91,1
O0003773,E0003773,C0167,P024,2026-02-17,completed,94.74,1
O0003774,E0003774,C0522,P002,2026-02-17,completed,282.17,1
O0003775,E0003775,C0503,P079,2026-02-17,completed,399.36,1
O0003776,E0003776,C0239,P072,2026-02-17,completed,63.53,1
O0003777,E0003777,C0547,P012,2026-02-17,completed,169.61,1
O0003778,E0003778,C0162,P040,2026-02-17,completed,42.43,1
O0003779,E0003779,C0090,P027,2026-02-17,completed,378.27,1
O0003780,E0003780,C0116,P031,2026-02-17,cancelled,198.38,1
O0003781,E0003781,C0461,P046,2026-02-17,completed,668.79,1
O0003782,E0003782,C0552,P049,2026-02-17,completed,107.19,1
O0003783,E0003783,C0279,P025,2026-02-17,completed,315.43,1
O0003784,E0003784,C0252,P072,2026-02-17,returned,96.93,1
O0003785,E0003785,C0478,P007,2026-02-17,completed,177.87,1
O0003786,E0003786,C0396,P069,2026-02-17,completed,24.62,1
O0003787,E0003787,C0117,P049,2026-02-17,cancelled,80.24,1
O0003788,E0003788,C0106,P068,2026-02-17,completed,176.55,1
O0003789,E0003789,C0524,P033,2026-02-17,returned,376.07,1
O0003790,E0003790,C0118,P043,2026-02-17,completed,45.75,1
O0003791,E0003791,C0306,P007,2026-02-17,returned,768.96,1
O0003792,E0003792,C0531,P058,2026-02-17,returned,193.04,1
O0003793,E0003793,C0425,P009,2026-02-17,completed,387.84,1
O0003794,E0003794,C0540,P023,2026-02-17,completed,280.43,1
O0003795,E0003795,C0529,P004,2026-02-17,completed,334.0,1
O0003796,E0003796,C0479,P075,2026-02-17,cancelled,462.1,1
O0003797,E0003797,C0434,P036,2026-02-17,completed,175.86,1
O0003798,E0003798,C0113,P076,2026-02-17,completed,334.57,1
O0003799,E0003799,C0544,P061,2026-02-17,completed,187.65,1
O0003800,E0003800,C0180,P003,2026-02-17,completed,176.82,1
O0003801,E0003801,C0288,P054,2026-02-17,completed,585.1,1
O0003802,E0003802,C0260,P028,2026-02-17,completed,122.54,1
O0003803,E0003803,C0084,P067,2026-02-17,completed,40.2,1
O0003804,E0003804,C0306,P002,2026-02-17,completed,210.95,1
O0003805,E0003805,C0160,P048,2026-02-17,completed,166.54,1
O0003806,E0003806,C0584,P059,2026-02-17,completed,48.31,1
O0003807,E0003807,C0256,P052,2026-02-17,completed,255.43,1
O0003808,E0003808,C0301,P049,2026-02-17,completed,87.77,1
O0003809,E0003809,C0044,P049,2026-02-17,completed,156.76,1
O0003810,E0003810,C0514,P046,2026-02-17,completed,536.06,1
O0003811,E0003811,C0286,P011,2026-02-17,completed,129.31,1
O0003812,E0003812,C0523,P003,2026-02-17,cancelled,759.57,1
O0003813,E0003813,C0511,P019,2026-02-17,completed,704.84,1
O0003814,E0003814,C0421,P067,2026-02-17,completed,164.92,1
O0003815,E0003815,C0391,P026,2026-02-17,cancelled,190.14,1
O0003816,E0003816,C0291,P060,2026-02-17,completed,264.09,1
O0003817,E0003817,C0179,P010,2026-02-17,completed,987.94,1
O0003818,E0003818,C0189,P007,2026-02-17,cancelled,535.13,1
O0003819,E0003819,C0427,P053,2026-02-17,completed,332.8,1
O0003820,E0003820,C0182,P010,2026-02-17,cancelled,1152.33,1
O0003821,E0003821,C0562,P045,2026-02-17,completed,537.97,1
O0003822,E0003822,C0410,P028,2026-02-17,completed,240.43,1
O0003823,E0003823,C0382,P066,2026-02-17,completed,452.14,1
O0003824,E0003824,C0538,P056,2026-02-17,completed,523.38,1
O0003825,E0003825,C0253,P007,2026-02-17,completed,552.25,1
O0003826,E0003826,C0087,P042,2026-02-17,completed,293.34,1
O0003827,E0003827,C0297,P017,2026-02-17,completed,156.08,1
O0003828,E0003828,C0409,P007,2026-02-17,completed,674.67,1
O0003829,E0003829,C0233,P079,2026-02-17,completed,587.31,1
O0003830,E0003830,C0223,P005,2026-02-17,returned,33.46,1
O0003831,E0003831,C0330,P016,2026-02-17,completed,878.56,1
O0003832,E0003832,C0336,P070,2026-02-17,completed,213.04,1
O0003833,E0003833,C0304,P050,2026-02-17,completed,182.49,1
O0003834,E0003834,C0057,P002,2026-02-17,completed,285.03,1
O0003835,E0003835,C0584,P024,2026-02-17,completed,24.37,1
O0003836,E0003836,C0268,P063,2026-02-17,cancelled,131.19,1
O0003837,E0003837,C0379,P080,2026-02-17,completed,51.62,1
O0003838,E0003838,C0374,P069,2026-02-17,completed,76.54,1
O0003839,E0003839,C0539,P001,2026-02-17,completed,112.04,1
O0003840,E0003840,C0007,P074,2026-02-18,completed,259.56,1
O0003841,E0003841,C0124,P032,2026-02-18,completed,629.28,1
O0003842,E0003842,C0494,P021,2026-02-18,completed,372.7,1
O0003843,E0003843,C0054,P080,2026-02-18,completed,41.24,1
O0003844,E0003844,C0509,P063,2026-02-18,completed,144.88,1
O0003845,E0003845,C0047,P008,2026-02-18,completed,271.38,1
O0003846,E0003846,C0204,P043,2026-02-18,completed,42.27,1
O0003847,E0003847,C0306,P062,2026-02-18,completed,70.41,1
O0003848,E0003848,C0282,P024,2026-02-18,completed,73.71,1
O0003849,E0003849,C0506,P058,2026-02-18,completed,707.5,1
O0003850,E0003850,C0132,P004,2026-02-18,completed,1049.71,1
O0003851,E0003851,C0482,P029,2026-02-18,completed,105.59,1
O0003852,E0003852,C0483,P042,2026-02-18,completed,162.28,1
O0003853,E0003853,C0092,P005,2026-02-18,cancelled,98.54,1
O0003854,E0003854,C0081,P031,2026-02-18,cancelled,553.13,1
O0003855,E0003855,C0076,P046,2026-02-18,completed,194.2,1
O0003856,E0003856,C0098,P046,2026-02-18,completed,147.29,1
O0003857,E0003857,C0375,P058,2026-02-18,completed,989.52,1
O0003858,E0003858,C0504,P078,2026-02-18,completed,231.05,1
O0003859,E0003859,C0013,P061,2026-02-18,completed,407.9,1
O0003860,E0003860,C0019,P040,2026-02-18,completed,45.74,1
O0003861,E0003861,C0183,P032,2026-02-18,completed,523.97,1
O0003862,E0003862,C0404,P070,2026-02-18,completed,235.63,1
O0003863,E0003863,C0245,P021,2026-02-18,completed,170.09,1
O0003864,E0003864,C0286,P048,2026-02-18,returned,650.35,1
O0003865,E0003865,C0156,P003,2026-02-18,completed,218.79,1
O0003866,E0003866,C0392,P042,2026-02-18,completed,158.25,1
O0003867,E0003867,C0243,P056,2026-02-18,completed,365.95,1
O0003868,E0003868,C0480,P054,2026-02-18,completed,259.47,1
O0003869,E0003869,C0443,P034,2026-02-18,completed,194.36,1
O0003870,E0003870,C0044,P006,2026-02-18,completed,1146.79,1
O0003871,E0003871,C0095,P022,2026-02-18,completed,167.64,1
O0003872,E0003872,C0149,P037,2026-02-18,completed,331.34,1
O0003873,E0003873,C0567,P050,2026-02-18,completed,199.03,1
O0003874,E0003874,C0247,P072,2026-02-18,completed,97.61,1
O0003875,E0003875,C0303,P016,2026-02-18,completed,233.96,1
O0003876,E0003876,C0008,P021,2026-02-18,completed,558.05,1
O0003877,E0003877,C0304,P062,2026-02-18,cancelled,100.74,1
O0003878,E0003878,C0202,P008,2026-02-18,completed,365.38,1
O0003879,E0003879,C0587,P057,2026-02-18,completed,180.78,1
O0003880,E0003880,C0397,P032,2026-02-18,completed,888.49,1
O0003881,E0003881,C0591,P017,2026-02-18,returned,510.82,1
O0003882,E0003882,C0394,P001,2026-02-18,completed,286.63,1
O0003883,E0003883,C0569,P069,2026-02-18,completed,82.43,1
O0003884,E0003884,C0050,P058,2026-02-18,completed,1069.13,1
O0003885,E0003885,C0245,P007,2026-02-18,completed,492.44,1
O0003886,E0003886,C0440,P002,2026-02-18,completed,96.36,1
O0003887,E0003887,C0222,P002,2026-02-18,completed,121.54,1
O0003888,E0003888,C0243,P006,2026-02-18,completed,289.3,1
O0003889,E0003889,C0348,P004,2026-02-18,completed,536.36,1
O0003890,E0003890,C0583,P026,2026-02-18,completed,640.88,1
O0003891,E0003891,C0402,P077,2026-02-18,completed,549.52,1
O0003892,E0003892,C0137,P007,2026-02-18,completed,159.45,1
O0003893,E0003893,C0303,P060,2026-02-18,completed,286.37,1
O0003894,E0003894,C0045,P042,2026-02-18,completed,258.66,1
O0003895,E0003895,C0293,P037,2026-02-18,completed,754.81,1
O0003896,E0003896,C0575,P043,2026-02-18,completed,30.61,1
O0003897,E0003897,C0543,P071,2026-02-18,completed,529.74,1
O0003898,E0003898,C0408,P037,2026-02-18,returned,720.57,1
O0003899,E0003899,C0153,P021,2026-02-18,completed,479.76,1
O0003900,E0003900,C0390,P064,2026-02-18,completed,85.83,1
O0003901,E0003901,C0143,P031,2026-02-18,cancelled,837.11,1
O0003902,E0003902,C0460,P070,2026-02-18,completed,199.72,1
O0003903,E0003903,C0017,P020,2026-02-18,completed,298.45,1
O0003904,E0003904,C0517,P026,2026-02-18,completed,805.09,1
O0003905,E0003905,C0070,P004,2026-02-18,completed,262.03,1
O0003906,E0003906,C0434,P030,2026-02-18,completed,212.64,1
O0003907,E0003907,C0586,P013,2026-02-18,completed,747.02,1
O0003908,E0003908,C0215,P048,2026-02-18,completed,140.97,1
O0003909,E0003909,C0058,P076,2026-02-18,completed,221.29,1
O0003910,E0003910,C0219,P049,2026-02-18,cancelled,149.62,1
O0003911,E0003911,C0598,P041,2026-02-18,completed,568.73,1
O0003912,E0003912,C0538,P041,2026-02-18,completed,95.14,1
O0003913,E0003913,C0415,P074,2026-02-18,completed,253.94,1
O0003914,E0003914,C0568,P028,2026-02-18,completed,55.57,1
O0003915,E0003915,C0271,P025,2026-02-18,returned,783.26,1
O0003916,E0003916,C0384,P072,2026-02-18,completed,29.64,1
O0003917,E0003917,C0490,P060,2026-02-18,completed,106.27,1
O0003918,E0003918,C0251,P061,2026-02-18,completed,548.95,1
O0003919,E0003919,C0168,P001,2026-02-18,completed,190.11,1
O0003920,E0003920,C0195,P078,2026-02-19,completed,383.54,1
O0003921,E0003921,C0218,P019,2026-02-19,completed,628.53,1
O0003922,E0003922,C0297,P018,2026-02-19,completed,926.76,1
O0003923,E0003923,C0330,P006,2026-02-19,completed,483.89,1
O0003924,E0003924,C0386,P021,2026-02-19,completed,736.89,1
O0003925,E0003925,C0485,P076,2026-02-19,completed,268.78,1
O0003926,E0003926,C0548,P031,2026-02-19,completed,480.45,1
O0003927,E0003927,C0187,P044,2026-02-19,completed,187.85,1
O0003928,E0003928,C0067,P074,2026-02-19,completed,95.09,1
O0003929,E0003929,C0529,P079,2026-02-19,completed,363.69,1
O0003930,E0003930,C0073,P038,2026-02-19,completed,1123.01,1
O0003931,E0003931,C0495,P076,2026-02-19,completed,89.72,1
O0003932,E0003932,C0351,P042,2026-02-19,completed,399.21,1
O0003933,E0003933,C0447,P050,2026-02-19,completed,294.98,1
O0003934,E0003934,C0128,P078,2026-02-19,completed,331.44,1
O0003935,E0003935,C0252,P001,2026-02-19,completed,333.61,1
O0003936,E0003936,C0132,P020,2026-02-19,completed,140.75,1
O0003937,E0003937,C0425,P058,2026-02-19,completed,194.6,1
O0003938,E0003938,C0412,P065,2026-02-19,completed,175.43,1
O0003939,E0003939,C0004,P039,2026-02-19,completed,105.39,1
O0003940,E0003940,C0344,P072,2026-02-19,completed,25.43,1
O0003941,E0003941,C0139,P041,2026-02-19,completed,347.51,1
O0003942,E0003942,C0305,P037,2026-02-19,completed,952.52,1
O0003943,E0003943,C0445,P007,2026-02-19,completed,156.69,1
O0003944,E0003944,C0142,P047,2026-02-19,completed,841.18,1
O0003945,E0003945,C0164,P073,2026-02-19,returned,674.14,1
O0003946,E0003946,C0414,P006,2026-02-19,completed,674.08,1
O0003947,E0003947,C0588,P034,2026-02-19,returned,644.94,1
O0003948,E0003948,C0107,P035,2026-02-19,completed,456.25,1
O0003949,E0003949,C0589,P028,2026-02-19,cancelled,256.57,1
O0003950,E0003950,C0264,P070,2026-02-19,completed,79.24,1
O0003951,E0003951,C0322,P065,2026-02-19,completed,175.64,1
O0003952,E0003952,C0147,P037,2026-02-19,completed,471.66,1
O0003953,E0003953,C0131,P054,2026-02-19,completed,318.3,1
O0003954,E0003954,C0104,P029,2026-02-19,cancelled,470.23,1
O0003955,E0003955,C0107,P013,2026-02-19,completed,241.71,1
O0003956,E0003956,C0258,P079,2026-02-19,completed,389.85,1
O0003957,E0003957,C0448,P001,2026-02-19,completed,398.33,1
O0003958,E0003958,C0510,P021,2026-02-19,completed,392.54,1
O0003959,E0003959,C0350,P023,2026-02-19,completed,199.35,1
O0003960,E0003960,C0526,P060,2026-02-19,completed,68.11,1
O0003961,E0003961,C0210,P065,2026-02-19,completed,134.0,1
O0003962,E0003962,C0338,P068,2026-02-19,completed,168.63,1
O0003963,E0003963,C0535,P070,2026-02-19,cancelled,246.06,1
O0003964,E0003964,C0262,P050,2026-02-19,completed,201.39,1
O0003965,E0003965,C0401,P048,2026-02-19,completed,470.57,1
O0003966,E0003966,C0581,P042,2026-02-19,completed,472.47,1
O0003967,E0003967,C0004,P050,2026-02-19,completed,177.55,1
O0003968,E0003968,C0405,P080,2026-02-19,completed,84.12,1
O0003969,E0003969,C0428,P016,2026-02-19,completed,444.7,1
O0003970,E0003970,C0331,P050,2026-02-19,completed,251.68,1
O0003971,E0003971,C0285,P041,2026-02-19,completed,502.74,1
O0003972,E0003972,C0331,P064,2026-02-19,completed,109.9,1
O0003973,E0003973,C0261,P046,2026-02-19,returned,295.74,1
O0003974,E0003974,C0537,P056,2026-02-19,completed,652.06,1
O0003975,E0003975,C0299,P044,2026-02-19,completed,273.54,1
O0003976,E0003976,C0262,P008,2026-02-19,completed,485.23,1
O0003977,E0003977,C0267,P014,2026-02-19,completed,65.84,1
O0003978,E0003978,C0006,P066,2026-02-19,completed,670.82,1
O0003979,E0003979,C0018,P026,2026-02-19,completed,832.57,1
O0003980,E0003980,C0066,P030,2026-02-19,completed,230.12,1
O0003981,E0003981,C0306,P003,2026-02-19,cancelled,206.02,1
O0003982,E0003982,C0063,P035,2026-02-19,completed,794.24,1
O0003983,E0003983,C0554,P006,2026-02-19,completed,216.72,1
O0003984,E0003984,C0071,P069,2026-02-19,completed,91.89,1
O0003985,E0003985,C0068,P035,2026-02-19,completed,707.76,1
O0003986,E0003986,C0139,P078,2026-02-19,completed,765.6,1
O0003987,E0003987,C0113,P035,2026-02-19,completed,576.45,1
O0003988,E0003988,C0306,P047,2026-02-19,completed,194.14,1
O0003989,E0003989,C0504,P006,2026-02-19,completed,876.24,1
O0003990,E0003990,C0511,P066,2026-02-19,cancelled,524.28,1
O0003991,E0003991,C0599,P029,2026-02-19,completed,431.29,1
O0003993,E0003993,C0239,P079,2026-02-19,completed,135.05,1
O0003994,E0003994,C0341,P046,2026-02-19,returned,332.89,1
O0003995,E0003995,C0196,P036,2026-02-19,completed,859.02,1
O0003996,E0003996,C0471,P040,2026-02-19,completed,58.33,1
O0003997,E0003997,C0117,P037,2026-02-19,completed,608.27,1
O0003998,E0003998,C0536,P040,2026-02-19,completed,59.62,1
O0003999,E0003999,C0328,P021,2026-02-19,completed,305.99,1
O0004000,E0004000,C0109,P067,2026-02-20,returned,111.98,1
O0004001,E0004001,C0173,P054,2026-02-20,completed,350.75,1
O0004002,E0004002,C0287,P055,2026-02-20,completed,620.69,1
O0004003,E0004003,C0102,P059,2026-02-20,completed,41.5,1
O0004004,E0004004,C0187,P057,2026-02-20,completed,614.8,1
O0004005,E0004005,C0381,P076,2026-02-20,completed,92.47,1
O0004006,E0004006,C0480,P068,2026-02-20,returned,179.71,1
O0004007,E0004007,C0371,P065,2026-02-20,completed,254.24,1
O0004008,E0004008,C0431,P044,2026-02-20,completed,114.58,1
O0004009,E0004009,C0226,P020,2026-02-20,completed,123.14,1
O0004010,E0004010,C0156,P061,2026-02-20,completed,240.21,1
O0004011,E0004011,C0037,P022,2026-02-20,completed,167.62,1
O0004012,E0004012,C0057,P055,2026-02-20,completed,519.4,1
O0004013,E0004013,C0595,P071,2026-02-20,completed,748.62,1
O0004014,E0004014,C0509,P034,2026-02-20,completed,882.62,1
O0004015,E0004015,C0464,P041,2026-02-20,completed,117.0,1
O0004016,E0004016,C0329,P027,2026-02-20,completed,144.33,1
O0004017,E0004017,C0523,P078,2026-02-20,completed,600.39,1
O0004018,E0004018,C0518,P050,2026-02-20,completed,189.0,1
O0004019,E0004019,C0160,P071,2026-02-20,completed,182.23,1
O0004020,E0004020,C0112,P062,2026-02-20,completed,119.97,1
O0004021,E0004021,C0342,P015,2026-02-20,returned,85.32,1
O0004022,E0004022,C0159,P012,2026-02-20,completed,162.46,1
O0004023,E0004023,C0101,P073,2026-02-20,completed,591.66,1
O0004024,E0004024,C0008,P018,2026-02-20,completed,583.46,1
O0004025,E0004025,C0122,P052,2026-02-20,completed,238.77,1
O0004026,E0004026,C0569,P059,2026-02-20,completed,36.36,1
O0004027,E0004027,C0282,P050,2026-02-20,completed,194.14,1
O0004028,E0004028,C0466,P066,2026-02-20,completed,791.48,1
O0004029,E0004029,C0503,P006,2026-02-20,completed,859.52,1
O0004030,E0004030,C0196,P059,2026-02-20,completed,40.19,1
O0004031,E0004031,C0453,P046,2026-02-20,completed,490.12,1
O0004032,E0004032,C0103,P013,2026-02-20,completed,548.34,1
O0004033,E0004033,C0451,P043,2026-02-20,completed,89.26,1
O0004034,E0004034,C0228,P005,2026-02-20,completed,128.86,1
O0004035,E0004035,C0319,P036,2026-02-20,completed,163.92,1
O0004036,E0004036,C0319,P066,2026-02-20,completed,184.41,1
O0004037,E0004037,C0157,P040,2026-02-20,returned,20.28,1
O0004038,E0004038,C0204,P030,2026-02-20,cancelled,227.55,1
O0004039,E0004039,C0547,P069,2026-02-20,cancelled,81.68,1
O0004040,E0004040,C0462,P010,2026-02-20,completed,988.52,1
O0004041,E0004041,C0238,P058,2026-02-20,completed,527.57,1
O0004042,E0004042,C0437,P039,2026-02-20,completed,107.69,1
O0004043,E0004043,C0026,P038,2026-02-20,completed,847.08,1
O0004044,E0004044,C0306,P030,2026-02-20,completed,770.93,1
O0004045,E0004045,C0327,P003,2026-02-20,completed,373.48,1
O0004046,E0004046,C0122,P028,2026-02-20,completed,117.63,1
O0004047,E0004047,C0151,P075,2026-02-20,returned,357.11,1
O0004048,E0004048,C0039,P057,2026-02-20,completed,403.08,1
O0004049,E0004049,C0312,P073,2026-02-20,completed,400.99,1
O0004050,E0004050,C0308,P021,2026-02-20,cancelled,266.54,1
O0004051,E0004051,C0564,P049,2026-02-20,completed,49.97,1
O0004052,E0004052,C0025,P033,2026-02-20,completed,752.87,1
O0004053,E0004053,C0261,P027,2026-02-20,completed,825.95,1
O0004054,E0004054,C0558,P023,2026-02-20,completed,230.68,1
O0004055,E0004055,C0435,P011,2026-02-20,returned,37.31,1
O0004056,E0004056,C0170,P057,2026-02-20,completed,309.41,1
O0004057,E0004057,C0294,P066,2026-02-20,completed,216.38,1
O0004058,E0004058,C0492,P013,2026-02-20,completed,796.94,1
O0004059,E0004059,C0499,P008,2026-02-20,completed,298.18,1
O0004060,E0004060,C0129,P058,2026-02-20,completed,498.48,1
O0004061,E0004061,C0207,P052,2026-02-20,completed,452.82,1
O0004062,E0004062,C0031,P004,2026-02-20,completed,624.57,1
O0004063,E0004063,C0572,P075,2026-02-20,completed,219.19,1
O0004064,E0004064,C0387,P025,2026-02-20,completed,173.95,1
O0004065,E0004065,C0321,P053,2026-02-20,completed,161.58,1
O0004066,E0004066,C0138,P051,2026-02-20,returned,35.52,1
O0004067,E0004067,C0276,P017,2026-02-20,completed,438.5,1
O0004068,E0004068,C0449,P076,2026-02-20,completed,121.12,1
O0004069,E0004069,C0017,P071,2026-02-20,completed,549.37,1
O0004070,E0004070,C0154,P061,2026-02-20,completed,717.3,1
O0004071,E0004071,C0301,P039,2026-02-20,completed,96.98,1
O0004072,E0004072,C0065,P079,2026-02-20,completed,427.6,1
O0004073,E0004073,C0315,P039,2026-02-20,completed,161.46,1
O0004074,E0004074,C0253,P049,2026-02-20,completed,146.85,1
O0004075,E0004075,C0391,P017,2026-02-20,completed,478.74,1
O0004076,E0004076,C0188,P079,2026-02-20,completed,301.94,1
O0004077,E0004077,C0306,P057,2026-02-20,completed,236.65,1
O0004078,E0004078,C0003,P006,2026-02-20,completed,847.59,1
O0004079,E0004079,C0278,P043,2026-02-20,completed,83.98,1
O0004080,E0004080,C0493,P037,2026-02-21,returned,731.5,1
O0004081,E0004081,C0308,P024,2026-02-21,completed,21.44,1
O0004082,E0004082,C0283,P031,2026-02-21,cancelled,522.15,1
O0004083,E0004083,C0153,P011,2026-02-21,completed,74.44,1
O0004084,E0004084,C0539,P012,2026-02-21,completed,620.28,1
O0004085,E0004085,C0138,P060,2026-02-21,completed,56.98,1
O0004086,E0004086,C0250,P002,2026-02-21,completed,363.87,1
O0004087,E0004087,C0054,P064,2026-02-21,completed,52.45,1
O0004088,E0004088,C0103,P068,2026-02-21,completed,157.74,1
O0004089,E0004089,C0212,P069,2026-02-21,completed,65.82,1
O0004090,E0004090,C0235,P011,2026-02-21,completed,135.84,1
O0004091,E0004091,C0016,P062,2026-02-21,completed,30.33,1
O0004092,E0004092,C0416,P071,2026-02-21,completed,186.27,1
O0004093,E0004093,C0466,P068,2026-02-21,completed,428.54,1
O0004094,E0004094,C0147,P007,2026-02-21,completed,160.52,1
O0004095,E0004095,C0074,P055,2026-02-21,completed,312.22,1
O0004096,E0004096,C0414,P034,2026-02-21,completed,216.27,1
O0004097,E0004097,C0344,P007,2026-02-21,completed,496.19,1
O0004098,E0004098,C0142,P043,2026-02-21,returned,87.98,1
O0004099,E0004099,C0028,P037,2026-02-21,completed,334.64,1
O0004100,E0004100,C0263,P053,2026-02-21,completed,81.98,1
O0004101,E0004101,C0435,P076,2026-02-21,completed,234.64,1
O0004102,E0004102,C0132,P032,2026-02-21,completed,513.49,1
O0004103,E0004103,C0238,P018,2026-02-21,completed,438.91,1
O0004104,E0004104,C0382,P076,2026-02-21,completed,81.7,1
O0004105,E0004105,C0078,P018,2026-02-21,completed,151.96,1
O0004106,E0004106,C0590,P027,2026-02-21,completed,329.7,1
O0004107,E0004107,C0530,P025,2026-02-21,completed,301.33,1
O0004108,E0004108,C0344,P015,2026-02-21,completed,189.3,1
O0004109,E0004109,C0312,P053,2026-02-21,completed,185.8,1
O0004110,E0004110,C0454,P065,2026-02-21,completed,190.17,1
O0004111,E0004111,C0440,P001,2026-02-21,completed,486.75,1
O0004112,E0004112,C0254,P035,2026-02-21,completed,544.56,1
O0004113,E0004113,C0284,P059,2026-02-21,completed,41.37,1
O0004114,E0004114,C0484,P074,2026-02-21,completed,184.94,1
O0004115,E0004115,C0343,P030,2026-02-21,completed,231.46,1
O0004116,E0004116,C0380,P023,2026-02-21,cancelled,406.92,1
O0004117,E0004117,C0400,P043,2026-02-21,completed,120.69,1
O0004118,E0004118,C0427,P048,2026-02-21,completed,187.2,1
O0004119,E0004119,C0225,P039,2026-02-21,completed,100.29,1
O0004120,E0004120,C0296,P052,2026-02-21,completed,465.04,1
O0004121,E0004121,C0445,P057,2026-02-21,completed,972.34,1
O0004122,E0004122,C0131,P041,2026-02-21,completed,427.35,1
O0004123,E0004123,C0158,P074,2026-02-21,completed,161.43,1
O0004124,E0004124,C0506,P026,2026-02-21,returned,955.74,1
O0004125,E0004125,C0084,P076,2026-02-21,completed,246.66,1
O0004126,E0004126,C0202,P059,2026-02-21,completed,91.58,1
O0004127,E0004127,C0294,P071,2026-02-21,returned,348.88,1
O0004128,E0004128,C0592,P071,2026-02-21,completed,424.98,1
O0004129,E0004129,C0304,P053,2026-02-21,completed,191.5,1
O0004130,E0004130,C0426,P061,2026-02-21,completed,198.75,1
O0004131,E0004131,C0104,P046,2026-02-21,completed,171.93,1
O0004132,E0004132,C0030,P066,2026-02-21,completed,247.31,1
O0004133,E0004133,C0389,P003,2026-02-21,completed,371.51,1
O0004134,E0004134,C0098,P061,2026-02-21,completed,256.26,1
O0004135,E0004135,C0570,P069,2026-02-21,completed,28.65,1
O0004136,E0004136,C0121,P018,2026-02-21,completed,335.63,1
O0004137,E0004137,C0305,P016,2026-02-21,cancelled,415.01,1
O0004138,E0004138,C0148,P057,2026-02-21,completed,552.0,1
O0004139,E0004139,C0304,P075,2026-02-21,cancelled,809.93,1
O0004140,E0004140,C0472,P052,2026-02-21,completed,244.33,1
O0004141,E0004141,C0012,P075,2026-02-21,completed,595.56,1
O0004142,E0004142,C0113,P051,2026-02-21,completed,35.22,1
O0004143,E0004143,C0581,P053,2026-02-21,completed,285.82,1
O0004144,E0004144,C0422,P012,2026-02-21,completed,138.69,1
O0004145,E0004145,C0034,P071,2026-02-21,completed,174.86,1
O0004146,E0004146,C0117,P050,2026-02-21,completed,76.12,1
O0004147,E0004147,C0084,P032,2026-02-21,completed,205.93,1
O0004148,E0004148,C0488,P029,2026-02-21,completed,324.4,1
O0004149,E0004149,C0281,P054,2026-02-21,completed,352.31,1
O0004150,E0004150,C0091,P013,2026-02-21,completed,817.73,1
O0004151,E0004151,C0222,P008,2026-02-21,cancelled,789.78,1
O0004152,E0004152,C0107,P010,2026-02-21,cancelled,283.61,1
O0004153,E0004153,C0026,P002,2026-02-21,cancelled,121.03,1
O0004154,E0004154,C0155,P040,2026-02-21,completed,20.06,1
O0004155,E0004155,C0122,P072,2026-02-21,completed,111.49,1
O0004156,E0004156,C0041,P070,2026-02-21,cancelled,76.22,1
O0004157,E0004157,C0265,P038,2026-02-21,completed,560.04,1
O0004158,E0004158,C0062,P043,2026-02-21,completed,67.3,1
O0004159,E0004159,C0580,P041,2026-02-21,completed,446.38,1
O0004160,E0004160,C0211,P013,2026-02-22,completed,285.22,1
O0004161,E0004161,C0102,P070,2026-02-22,completed,219.04,1
O0004162,E0004162,C0101,P012,2026-02-22,completed,232.57,1
O0004163,E0004163,C0311,P040,2026-02-22,returned,38.45,1
O0004164,E0004164,C0297,P060,2026-02-22,completed,47.81,1
O0004165,E0004165,C0325,P016,2026-02-22,completed,664.16,1
O0004166,E0004166,C0447,P063,2026-02-22,returned,217.26,1
O0004167,E0004167,C0193,P066,2026-02-22,completed,855.3,1
O0004168,E0004168,C0039,P010,2026-02-22,completed,270.17,1
O0004169,E0004169,C0126,P064,2026-02-22,completed,132.81,1
O0004170,E0004170,C0122,P074,2026-02-22,cancelled,147.48,1
O0004171,E0004171,C0085,P037,2026-02-22,returned,330.81,1
O0004172,E0004172,C0190,P043,2026-02-22,completed,119.63,1
O0004173,E0004173,C0346,P009,2026-02-22,completed,539.05,1
O0004174,E0004174,C0077,P042,2026-02-22,completed,466.2,1
O0004175,E0004175,C0478,P018,2026-02-22,completed,168.51,1
O0004176,E0004176,C0437,P070,2026-02-22,completed,215.71,1
O0004177,E0004177,C0060,P078,2026-02-22,completed,398.3,1
O0004178,E0004178,C0444,P048,2026-02-22,completed,588.15,1
O0004179,E0004179,C0375,P045,2026-02-22,returned,523.9,1
O0004180,E0004180,C0460,P065,2026-02-22,completed,93.63,1
O0004181,E0004181,C0371,P012,2026-02-22,completed,269.13,1
O0004182,E0004182,C0488,P047,2026-02-22,completed,205.66,1
O0004183,E0004183,C0114,P006,2026-02-22,completed,824.91,1
O0004184,E0004184,C0185,P029,2026-02-22,completed,610.42,1
O0004185,E0004185,C0006,P006,2026-02-22,completed,236.55,1
O0004186,E0004186,C0103,P053,2026-02-22,completed,316.59,1
O0004187,E0004187,C0173,P018,2026-02-22,completed,576.8,1
O0004188,E0004188,C0144,P065,2026-02-22,completed,92.37,1
O0004189,E0004189,C0291,P019,2026-02-22,completed,254.66,1
O0004190,E0004190,C0539,P069,2026-02-22,completed,45.84,1
O0004191,E0004191,C0033,P046,2026-02-22,cancelled,497.23,1
O0004192,E0004192,C0464,P035,2026-02-22,completed,762.38,1
O0004193,E0004193,C0119,P015,2026-02-22,completed,88.99,1
O0004194,E0004194,C0199,P032,2026-02-22,completed,538.86,1
O0004195,E0004195,C0008,P057,2026-02-22,returned,338.04,1
O0004196,E0004196,C0502,P056,2026-02-22,completed,678.66,1
O0004197,E0004197,C0030,P006,2026-02-22,completed,462.57,1
O0004198,E0004198,C0105,P070,2026-02-22,completed,163.6,1
O0004199,E0004199,C0249,P037,2026-02-22,returned,681.78,1
O0004200,E0004200,C0523,P010,2026-02-22,completed,558.92,1
O0004201,E0004201,C0570,P013,2026-02-22,returned,839.86,1
O0004202,E0004202,C0564,P059,2026-02-22,completed,49.45,1
O0004203,E0004203,C0024,P023,2026-02-22,completed,166.63,1
O0004204,E0004204,C0233,P029,2026-02-22,completed,132.58,1
O0004205,E0004205,C0100,P072,2026-02-22,completed,47.51,1
O0004206,E0004206,C0246,P080,2026-02-22,completed,142.87,1
O0004207,E0004207,C0566,P052,2026-02-22,completed,492.09,1
O0004208,E0004208,C0022,P045,2026-02-22,returned,744.8,1
O0004209,E0004209,C0430,P036,2026-02-22,completed,216.8,1
O0004210,E0004210,C0368,P056,2026-02-22,completed,501.63,1
O0004211,E0004211,C0016,P020,2026-02-22,completed,286.54,1
O0004212,E0004212,C0471,P009,2026-02-22,completed,770.48,1
O0004213,E0004213,C0045,P030,2026-02-22,completed,714.52,1
O0004214,E0004214,C0229,P052,2026-02-22,completed,207.11,1
O0004215,E0004215,C0144,P072,2026-02-22,completed,30.2,1
O0004216,E0004216,C0491,P029,2026-02-22,completed,266.94,1
O0004217,E0004217,C0303,P052,2026-02-22,completed,714.98,1
O0004218,E0004218,C0331,P039,2026-02-22,completed,78.48,1
O0004219,E0004219,C0145,P002,2026-02-22,completed,252.7,1
O0004220,E0004220,C0033,P033,2026-02-22,completed,164.21,1
O0004221,E0004221,C0339,P011,2026-02-22,completed,30.93,1
O0004222,E0004222,C0336,P032,2026-02-22,returned,219.64,1
O0004223,E0004223,C0394,P044,2026-02-22,completed,107.13,1
O0004224,E0004224,C0285,P064,2026-02-22,completed,51.27,1
O0004225,E0004225,C0227,P048,2026-02-22,completed,279.48,1
O0004226,E0004226,C0368,P019,2026-02-22,completed,415.18,1
O0004227,E0004227,C0538,P029,2026-02-22,completed,243.22,1
O0004228,E0004228,C0446,P029,2026-02-22,completed,205.51,1
O0004229,E0004229,C0454,P024,2026-02-22,returned,22.97,1
O0004230,E0004230,C0135,P013,2026-02-22,completed,573.13,1
O0004231,E0004231,C0123,P039,2026-02-22,completed,66.58,1
O0004232,E0004232,C0215,P031,2026-02-22,completed,1039.43,1
O0004233,E0004233,C0034,P001,2026-02-22,completed,431.6,1
O0004234,E0004234,C0310,P016,2026-02-22,completed,226.8,1
O0004235,E0004235,C0098,P046,2026-02-22,completed,531.39,1
O0004236,E0004236,C0217,P075,2026-02-22,completed,394.85,1
O0004237,E0004237,C0064,P080,2026-02-22,completed,45.3,1
O0004238,E0004238,C0441,P008,2026-02-22,completed,430.29,1
O0004239,E0004239,C0288,P049,2026-02-22,completed,208.78,1
O0004240,E0004240,C0317,P064,2026-02-23,completed,90.76,1
O0004241,E0004241,C0233,P058,2026-02-23,completed,474.35,1
O0004242,E0004242,C0140,P037,2026-02-23,completed,382.92,1
O0004243,E0004243,C0477,P030,2026-02-23,completed,756.56,1
O0004244,E0004244,C0297,P069,2026-02-23,completed,89.72,1
O0004245,E0004245,C0303,P037,2026-02-23,completed,201.17,1
O0004246,E0004246,C0083,P046,2026-02-23,completed,167.48,1
O0004247,E0004247,C0439,P058,2026-02-23,cancelled,866.89,1
O0004248,E0004248,C0069,P008,2026-02-23,completed,724.4,1
O0004249,E0004249,C0329,P004,2026-02-23,completed,181.31,1
O0004250,E0004250,C0160,P071,2026-02-23,completed,204.71,1
O0004251,E0004251,C0561,P032,2026-02-23,completed,755.03,1
O0004252,E0004252,C0438,P057,2026-02-23,completed,851.55,1
O0004253,E0004253,C0127,P043,2026-02-23,completed,126.75,1
O0004254,E0004254,C0388,P046,2026-02-23,completed,253.79,1
O0004255,E0004255,C0425,P067,2026-02-23,completed,109.61,1
O0004256,E0004256,C0320,P064,2026-02-23,completed,48.89,1
O0004257,E0004257,C0465,P003,2026-02-23,completed,519.6,1
O0004258,E0004258,C0250,P044,2026-02-23,completed,210.2,1
O0004259,E0004259,C0515,P010,2026-02-23,completed,632.88,1
O0004260,E0004260,C0549,P049,2026-02-23,completed,155.2,1
O0004261,E0004261,C0509,P034,2026-02-23,completed,417.21,1
O0004262,E0004262,C0216,P044,2026-02-23,completed,422.62,1
O0004263,E0004263,C0032,P068,2026-02-23,completed,382.5,1
O0004264,E0004264,C0403,P050,2026-02-23,completed,275.77,1
O0004265,E0004265,C0378,P024,2026-02-23,completed,49.42,1
O0004266,E0004266,C0354,P019,2026-02-23,completed,553.83,1
O0004267,E0004267,C0322,P032,2026-02-23,completed,1067.9,1
O0004268,E0004268,C0542,P050,2026-02-23,completed,300.92,1
O0004269,E0004269,C0286,P066,2026-02-23,completed,437.31,1
O0004270,E0004270,C0023,P074,2026-02-23,completed,81.89,1
O0004271,E0004271,C0593,P053,2026-02-23,completed,368.12,1
O0004272,E0004272,C0113,P073,2026-02-23,completed,411.58,1
O0004273,E0004273,C0428,P007,2026-02-23,completed,706.49,1
O0004274,E0004274,C0023,P064,2026-02-23,completed,98.61,1
O0004275,E0004275,C0142,P057,2026-02-23,completed,521.45,1
O0004276,E0004276,C0005,P017,2026-02-23,completed,545.17,1
O0004277,E0004277,C0473,P019,2026-02-23,completed,540.82,1
O0004278,E0004278,C0581,P001,2026-02-23,completed,434.13,1
O0004279,E0004279,C0054,P018,2026-02-23,completed,659.49,1
O0004280,E0004280,C0096,P004,2026-02-23,completed,462.08,1
O0004281,E0004281,C0249,P058,2026-02-23,completed,520.64,1
O0004282,E0004282,C0582,P057,2026-02-23,completed,236.65,1
O0004283,E0004283,C0500,P035,2026-02-23,completed,1012.83,1
O0004284,E0004284,C0144,P057,2026-02-23,completed,344.16,1
O0004285,E0004285,C0142,P067,2026-02-23,completed,26.2,1
O0004286,E0004286,C0531,P020,2026-02-23,completed,76.01,1
O0004287,E0004287,C0557,P065,2026-02-23,returned,138.93,1
O0004288,E0004288,C0591,P027,2026-02-23,cancelled,627.23,1
O0004289,E0004289,C0511,P003,2026-02-23,returned,865.14,1
O0004290,E0004290,C0260,P011,2026-02-23,completed,106.31,1
O0004291,E0004291,C0025,P037,2026-02-23,returned,486.49,1
O0004292,E0004292,C0117,P048,2026-02-23,returned,142.79,1
O0004293,E0004293,C0578,P025,2026-02-23,completed,188.12,1
O0004294,E0004294,C0080,P028,2026-02-23,completed,67.62,1
O0004295,E0004295,C0544,P043,2026-02-23,completed,92.84,1
O0004296,E0004296,C0293,P008,2026-02-23,completed,132.72,1
O0004297,E0004297,C0066,P009,2026-02-23,completed,322.66,1
O0004298,E0004298,C0219,P052,2026-02-23,completed,213.6,1
O0004299,E0004299,C0282,P043,2026-02-23,completed,40.31,1
O0004300,E0004300,C0518,P028,2026-02-23,completed,172.48,1
O0004301,E0004301,C0413,P026,2026-02-23,completed,231.98,1
O0004302,E0004302,C0462,P041,2026-02-23,completed,451.15,1
O0004303,E0004303,C0159,P034,2026-02-23,completed,236.27,1
O0004304,E0004304,C0540,P060,2026-02-23,completed,267.86,1
O0004305,E0004305,C0447,P072,2026-02-23,completed,24.97,1
O0004306,E0004306,C0530,P014,2026-02-23,completed,89.04,1
O0004307,E0004307,C0450,P015,2026-02-23,completed,310.85,1
O0004308,E0004308,C0164,P075,2026-02-23,completed,384.96,1
O0004309,E0004309,C0029,P009,2026-02-23,completed,478.33,1
O0004310,E0004310,C0553,P069,2026-02-23,completed,63.93,1
O0004311,E0004311,C0559,P076,2026-02-23,completed,139.31,1
O0004312,E0004312,C0593,P032,2026-02-23,completed,404.77,1
O0004313,E0004313,C0164,P076,2026-02-23,completed,228.44,1
O0004314,E0004314,C0344,P052,2026-02-23,completed,688.37,1
O0004315,E0004315,C0436,P006,2026-02-23,completed,649.32,1
O0004316,E0004316,C0208,P071,2026-02-23,completed,223.22,1
O0004317,E0004317,C0474,P020,2026-02-23,completed,116.1,1
O0004318,E0004318,C0262,P062,2026-02-23,completed,69.41,1
O0004319,E0004319,C0169,P009,2026-02-23,completed,233.04,1
O0004320,E0004320,C0437,P017,2026-02-24,returned,564.82,1
O0004321,E0004321,C0008,P031,2026-02-24,completed,446.54,1
O0004322,E0004322,C0468,P073,2026-02-24,returned,119.56,1
O0004323,E0004323,C0496,P029,2026-02-24,completed,292.3,1
O0004324,E0004324,C0124,P061,2026-02-24,completed,271.73,1
O0004325,E0004325,C0517,P065,2026-02-24,completed,205.6,1
O0004326,E0004326,C0009,P050,2026-02-24,completed,92.71,1
O0004327,E0004327,C0286,P011,2026-02-24,completed,59.11,1
O0004328,E0004328,C0054,P025,2026-02-24,completed,320.75,1
O0004329,E0004329,C0481,P062,2026-02-24,completed,156.5,1
O0004330,E0004330,C0124,P080,2026-02-24,completed,195.78,1
O0004331,E0004331,C0374,P075,2026-02-24,completed,753.22,1
O0004332,E0004332,C0467,P079,2026-02-24,completed,730.65,1
O0004333,E0004333,C0537,P038,2026-02-24,completed,970.12,1
O0004334,E0004334,C0018,P031,2026-02-24,completed,247.42,1
O0004335,E0004335,C0142,P047,2026-02-24,completed,787.04,1
O0004336,E0004336,C0206,P049,2026-02-24,completed,168.39,1
O0004337,E0004337,C0265,P024,2026-02-24,completed,17.0,1
O0004338,E0004338,C0292,P080,2026-02-24,completed,127.02,1
O0004339,E0004339,C0505,P032,2026-02-24,completed,777.43,1
O0004340,E0004340,C0039,P076,2026-02-24,completed,271.12,1
O0004341,E0004341,C0430,P013,2026-02-24,completed,449.81,1
O0004342,E0004342,C0574,P004,2026-02-24,completed,536.14,1
O0004343,E0004343,C0467,P027,2026-02-24,completed,632.26,1
O0004344,E0004344,C0296,P072,2026-02-24,returned,74.86,1
O0004345,E0004345,C0192,P065,2026-02-24,completed,52.43,1
O0004346,E0004346,C0259,P037,2026-02-24,completed,203.89,1
O0004347,E0004347,C0397,P032,2026-02-24,cancelled,1014.26,1
O0004348,E0004348,C0024,P037,2026-02-24,completed,362.69,1
O0004349,E0004349,C0143,P027,2026-02-24,completed,894.29,1
O0004350,E0004350,C0318,P053,2026-02-24,completed,168.06,1
O0004351,E0004351,C0511,P069,2026-02-24,completed,58.33,1
O0004352,E0004352,C0145,P017,2026-02-24,completed,157.03,1
O0004353,E0004353,C0387,P070,2026-02-24,completed,161.37,1
O0004354,E0004354,C0287,P003,2026-02-24,completed,673.09,1
O0004355,E0004355,C0059,P019,2026-02-24,completed,245.29,1
O0004356,E0004356,C0223,P026,2026-02-24,cancelled,797.22,1
O0004357,E0004357,C0014,P077,2026-02-24,completed,544.02,1
O0004358,E0004358,C0539,P008,2026-02-24,completed,131.85,1
O0004359,E0004359,C0534,P077,2026-02-24,completed,748.62,1
O0004360,E0004360,C0178,P001,2026-02-24,completed,106.6,1
O0004361,E0004361,C0344,P030,2026-02-24,completed,242.47,1
O0004362,E0004362,C0236,P077,2026-02-24,completed,249.03,1
O0004363,E0004363,C0435,P034,2026-02-24,completed,825.0,1
O0004364,E0004364,C0525,P032,2026-02-24,completed,219.16,1
O0004365,E0004365,C0533,P011,2026-02-24,completed,124.5,1
O0004366,E0004366,C0470,P045,2026-02-24,completed,769.84,1
O0004367,E0004367,C0226,P033,2026-02-24,completed,632.09,1
O0004368,E0004368,C0251,P012,2026-02-24,completed,263.67,1
O0004369,E0004369,C0516,P079,2026-02-24,completed,778.81,1
O0004370,E0004370,C0316,P018,2026-02-24,completed,195.15,1
O0004371,E0004371,C0365,P055,2026-02-24,completed,574.59,1
O0004372,E0004372,C0438,P004,2026-02-24,completed,702.38,1
O0004373,E0004373,C0544,P013,2026-02-24,completed,468.0,1
O0004374,E0004374,C0026,P028,2026-02-24,completed,154.11,1
O0004375,E0004375,C0471,P051,2026-02-24,returned,89.86,1
O0004376,E0004376,C0443,P052,2026-02-24,completed,714.25,1
O0004377,E0004377,C0584,P057,2026-02-24,completed,218.74,1
O0004378,E0004378,C0333,P025,2026-02-24,completed,677.28,1
O0004379,E0004379,C0475,P024,2026-02-24,completed,22.48,1
O0004380,E0004380,C0139,P075,2026-02-24,completed,218.23,1
O0004381,E0004381,C0445,P044,2026-02-24,completed,236.57,1
O0004382,E0004382,C0563,P078,2026-02-24,completed,181.91,1
O0004383,E0004383,C0325,P025,2026-02-24,returned,167.0,1
O0004384,E0004384,C0128,P010,2026-02-24,returned,861.75,1
O0004385,E0004385,C0338,P057,2026-02-24,completed,971.68,1
O0004386,E0004386,C0361,P071,2026-02-24,completed,393.22,1
O0004387,E0004387,C0083,P051,2026-02-24,completed,128.25,1
O0004388,E0004388,C0041,P015,2026-02-24,completed,273.64,1
O0004389,E0004389,C0269,P047,2026-02-24,completed,333.8,1
O0004390,E0004390,C0575,P077,2026-02-24,completed,799.53,1
O0004391,E0004391,C0239,P063,2026-02-24,completed,133.42,1
O0004392,E0004392,C0127,P003,2026-02-24,completed,224.41,1
O0004393,E0004393,C0037,P020,2026-02-24,completed,193.49,1
O0004394,E0004394,C0412,P036,2026-02-24,completed,204.71,1
O0004395,E0004395,C0233,P077,2026-02-24,completed,580.07,1
O0004396,E0004396,C0575,P025,2026-02-24,completed,153.72,1
O0004397,E0004397,C0201,P050,2026-02-24,completed,256.99,1
O0004398,E0004398,C0434,P018,2026-02-24,completed,851.58,1
O0004399,E0004399,C0245,P034,2026-02-24,completed,602.55,1
O0004400,E0004400,C0507,P037,2026-02-25,cancelled,677.4,1
O0004401,E0004401,C0401,P012,2026-02-25,completed,478.43,1
O0004402,E0004402,C0262,P077,2026-02-25,completed,900.05,1
O0004403,E0004403,C0371,P049,2026-02-25,completed,89.63,1
O0004404,E0004404,C0339,P039,2026-02-25,completed,95.5,1
O0004405,E0004405,C0363,P009,2026-02-25,completed,872.58,1
O0004406,E0004406,C0519,P066,2026-02-25,completed,758.85,1
O0004407,E0004407,C0561,P038,2026-02-25,completed,807.94,1
O0004408,E0004408,C0445,P021,2026-02-25,completed,353.67,1
O0004409,E0004409,C0472,P039,2026-02-25,completed,29.73,1
O0004410,E0004410,C0250,P047,2026-02-25,completed,500.76,1
O0004411,E0004411,C0258,P053,2026-02-25,completed,212.06,1
O0004412,E0004412,C0549,P032,2026-02-25,returned,766.53,1
O0004413,E0004413,C0327,P046,2026-02-25,completed,527.07,1
O0004414,E0004414,C0545,P008,2026-02-25,completed,372.01,1
O0004415,E0004415,C0053,P052,2026-02-25,completed,236.01,1
O0004416,E0004416,C0581,P026,2026-02-25,completed,521.04,1
O0004417,E0004417,C0146,P060,2026-02-25,completed,298.1,1
O0004418,E0004418,C0005,P076,2026-02-25,completed,241.9,1
O0004419,E0004419,C0344,P072,2026-02-25,returned,46.09,1
O0004420,E0004420,C0005,P045,2026-02-25,completed,342.83,1
O0004421,E0004421,C0320,P044,2026-02-25,completed,101.69,1
O0004422,E0004422,C0272,P044,2026-02-25,completed,379.74,1
O0004423,E0004423,C0193,P030,2026-02-25,completed,670.6,1
O0004424,E0004424,C0590,P013,2026-02-25,completed,622.01,1
O0004425,E0004425,C0190,P036,2026-02-25,cancelled,462.52,1
O0004426,E0004426,C0390,P059,2026-02-25,completed,69.94,1
O0004427,E0004427,C0537,P024,2026-02-25,completed,19.53,1
O0004428,E0004428,C0357,P064,2026-02-25,completed,69.75,1
O0004429,E0004429,C0042,P044,2026-02-25,cancelled,423.52,1
O0004430,E0004430,C0332,P078,2026-02-25,completed,408.39,1
O0004431,E0004431,C0353,P011,2026-02-25,completed,133.9,1
O0004432,E0004432,C0033,P046,2026-02-25,completed,690.86,1
O0004433,E0004433,C0426,P054,2026-02-25,completed,139.85,1
O0004434,E0004434,C0144,P026,2026-02-25,completed,192.12,1
O0004435,E0004435,C0434,P012,2026-02-25,completed,492.01,1
O0004436,E0004436,C0178,P022,2026-02-25,completed,136.93,1
O0004437,E0004437,C0524,P055,2026-02-25,completed,128.81,1
O0004438,E0004438,C0435,P057,2026-02-25,completed,154.8,1
O0004439,E0004439,C0021,P030,2026-02-25,completed,462.44,1
O0004440,E0004440,C0447,P031,2026-02-25,returned,228.76,1
O0004441,E0004441,C0338,P064,2026-02-25,returned,24.76,1
O0004442,E0004442,C0429,P079,2026-02-25,completed,329.96,1
O0004443,E0004443,C0221,P030,2026-02-25,completed,324.62,1
O0004444,E0004444,C0316,P030,2026-02-25,completed,202.87,1
O0004445,E0004445,C0156,P045,2026-02-25,completed,530.32,1
O0004446,E0004446,C0305,P019,2026-02-25,completed,688.38,1
O0004447,E0004447,C0244,P006,2026-02-25,completed,391.81,1
O0004448,E0004448,C0453,P032,2026-02-25,completed,682.7,1
O0004449,E0004449,C0340,P060,2026-02-25,completed,65.57,1
O0004450,E0004450,C0199,P076,2026-02-25,completed,204.47,1
O0004451,E0004451,C0255,P011,2026-02-25,completed,123.59,1
O0004452,E0004452,C0040,P079,2026-02-25,completed,193.6,1
O0004453,E0004453,C0122,P021,2026-02-25,completed,636.27,1
O0004454,E0004454,C0479,P014,2026-02-25,completed,17.73,1
O0004455,E0004455,C0066,P017,2026-02-25,completed,681.33,1
O0004456,E0004456,C0438,P058,2026-02-25,completed,188.62,1
O0004457,E0004457,C0235,P079,2026-02-25,completed,511.68,1
O0004458,E0004458,C0407,P080,2026-02-25,completed,70.02,1
O0004459,E0004459,C0446,P010,2026-02-25,completed,925.78,1
O0004460,E0004460,C0579,P062,2026-02-25,completed,55.79,1
O0004461,E0004461,C0355,P058,2026-02-25,completed,654.65,1
O0004462,E0004462,C0383,P077,2026-02-25,completed,272.88,1
O0004463,E0004463,C0011,P026,2026-02-25,completed,194.58,1
O0004464,E0004464,C0534,P023,2026-02-25,completed,374.8,1
O0004465,E0004465,C0318,P072,2026-02-25,completed,61.09,1
O0004466,E0004466,C0516,P045,2026-02-25,returned,554.94,1
O0004467,E0004467,C0279,P058,2026-02-25,completed,176.53,1
O0004468,E0004468,C0418,P078,2026-02-25,completed,656.91,1
O0004469,E0004469,C0550,P059,2026-02-25,completed,18.95,1
O0004470,E0004470,C0046,P019,2026-02-25,completed,144.46,1
O0004471,E0004471,C0177,P032,2026-02-25,completed,994.35,1
O0004472,E0004472,C0251,P007,2026-02-25,returned,286.41,1
O0004473,E0004473,C0153,P049,2026-02-25,completed,91.86,1
O0004474,E0004474,C0371,P013,2026-02-25,completed,507.78,1
O0004475,E0004475,C0079,P031,2026-02-25,completed,493.18,1
O0004476,E0004476,C0228,P050,2026-02-25,completed,362.11,1
O0004477,E0004477,C0491,P002,2026-02-25,completed,120.31,1
O0004478,E0004478,C0498,P049,2026-02-25,completed,132.73,1
O0004479,E0004479,C0133,P062,2026-02-25,completed,84.49,1
O0004480,E0004480,C0486,P033,2026-02-26,completed,147.02,1
O0004481,E0004481,C0575,P002,2026-02-26,completed,339.24,1
O0004482,E0004482,C0107,P004,2026-02-26,completed,699.69,1
O0004483,E0004483,C0113,P028,2026-02-26,completed,59.45,1
O0004484,E0004484,C0371,P075,2026-02-26,completed,604.59,1
O0004485,E0004485,C0353,P047,2026-02-26,completed,859.45,1
O0004486,E0004486,C0439,P050,2026-02-26,completed,343.05,1
O0004487,E0004487,C0514,P011,2026-02-26,completed,36.58,1
O0004488,E0004488,C0599,P054,2026-02-26,completed,381.59,1
O0004489,E0004489,C0452,P052,2026-02-26,completed,947.78,1
O0004490,E0004490,C0213,P029,2026-02-26,returned,498.96,1
O0004492,E0004492,C0390,P006,2026-02-26,completed,586.07,1
O0004493,E0004493,C0181,P039,2026-02-26,completed,128.51,1
O0004494,E0004494,C0114,P055,2026-02-26,completed,378.4,1
O0004495,E0004495,C0179,P059,2026-02-26,completed,50.91,1
O0004496,E0004496,C0116,P014,2026-02-26,completed,33.49,1
O0004497,E0004497,C0426,P051,2026-02-26,cancelled,88.17,1
O0004498,E0004498,C0387,P062,2026-02-26,completed,95.01,1
O0004499,E0004499,C0023,P073,2026-02-26,completed,583.59,1
O0004500,E0004500,C0004,P049,2026-02-26,completed,101.75,1
O0004501,E0004501,C0412,P036,2026-02-26,completed,363.33,1
O0004502,E0004502,C0591,P030,2026-02-26,completed,480.95,1
O0004503,E0004503,C0172,P019,2026-02-26,completed,164.41,1
O0004504,E0004504,C0066,P008,2026-02-26,completed,528.9,1
O0004505,E0004505,C0593,P034,2026-02-26,completed,432.5,1
O0004506,E0004506,C0288,P011,2026-02-26,completed,63.43,1
O0004507,E0004507,C0458,P016,2026-02-26,completed,168.75,1
O0004508,E0004508,C0492,P075,2026-02-26,completed,230.57,1
O0004509,E0004509,C0591,P058,2026-02-26,completed,745.55,1
O0004510,E0004510,C0324,P037,2026-02-26,completed,201.64,1
O0004511,E0004511,C0560,P018,2026-02-26,completed,463.48,1
O0004512,E0004512,C0530,P053,2026-02-26,completed,371.86,1
O0004513,E0004513,C0010,P013,2026-02-26,completed,240.21,1
O0004514,E0004514,C0417,P010,2026-02-26,completed,757.87,1
O0004515,E0004515,C0173,P032,2026-02-26,completed,220.68,1
O0004516,E0004516,C0460,P060,2026-02-26,cancelled,175.32,1
O0004517,E0004517,C0429,P023,2026-02-26,completed,92.81,1
O0004518,E0004518,C0091,P040,2026-02-26,completed,14.51,1
O0004519,E0004519,C0402,P028,2026-02-26,completed,63.89,1
O0004520,E0004520,C0014,P022,2026-02-26,completed,252.98,1
O0004521,E0004521,C0176,P010,2026-02-26,completed,474.33,1
O0004522,E0004522,C0432,P050,2026-02-26,completed,201.1,1
O0004523,E0004523,C0540,P016,2026-02-26,completed,765.95,1
O0004524,E0004524,C0318,P035,2026-02-26,completed,257.16,1
O0004525,E0004525,C0366,P078,2026-02-26,completed,338.87,1
O0004526,E0004526,C0350,P038,2026-02-26,completed,521.34,1
O0004527,E0004527,C0562,P054,2026-02-26,returned,377.56,1
O0004528,E0004528,C0158,P016,2026-02-26,completed,507.8,1
O0004529,E0004529,C0449,P042,2026-02-26,completed,171.48,1
O0004530,E0004530,C0331,P035,2026-02-26,completed,481.0,1
O0004531,E0004531,C0506,P009,2026-02-26,completed,708.31,1
O0004532,E0004532,C0187,P054,2026-02-26,returned,195.29,1
O0004533,E0004533,C0239,P025,2026-02-26,completed,556.78,1
O0004534,E0004534,C0569,P077,2026-02-26,completed,416.87,1
O0004535,E0004535,C0054,P041,2026-02-26,completed,211.05,1
O0004536,E0004536,C0410,P032,2026-02-26,completed,1040.72,1
O0004537,E0004537,C0314,P044,2026-02-26,completed,504.93,1
O0004538,E0004538,C0033,P075,2026-02-26,completed,473.67,1
O0004539,E0004539,C0472,P079,2026-02-26,completed,137.24,1
O0004540,E0004540,C0429,P025,2026-02-26,completed,215.26,1
O0004541,E0004541,C0482,P066,2026-02-26,completed,533.58,1
O0004542,E0004542,C0124,P055,2026-02-26,completed,287.82,1
O0004543,E0004543,C0313,P029,2026-02-26,completed,324.72,1
O0004544,E0004544,C0097,P022,2026-02-26,completed,515.02,1
O0004545,E0004545,C0063,P079,2026-02-26,completed,368.38,1
O0004546,E0004546,C0316,P032,2026-02-26,completed,605.62,1
O0004547,E0004547,C0298,P002,2026-02-26,completed,357.46,1
O0004548,E0004548,C0160,P022,2026-02-26,completed,566.75,1
O0004549,E0004549,C0008,P004,2026-02-26,completed,580.31,1
O0004550,E0004550,C0121,P077,2026-02-26,completed,225.38,1
O0004551,E0004551,C0427,P066,2026-02-26,completed,540.58,1
O0004552,E0004552,C0317,P002,2026-02-26,completed,120.89,1
O0004553,E0004553,C0198,P045,2026-02-26,completed,223.01,1
O0004554,E0004554,C0308,P005,2026-02-26,completed,69.75,1
O0004555,E0004555,C0521,P042,2026-02-26,cancelled,157.33,1
O0004556,E0004556,C0028,P023,2026-02-26,completed,66.38,1
O0004557,E0004557,C0186,P026,2026-02-26,completed,597.68,1
O0004558,E0004558,C0248,P074,2026-02-26,completed,147.98,1
O0004559,E0004559,C0178,P049,2026-02-26,completed,174.17,1
O0004560,E0004560,C0096,P022,2026-02-27,completed,540.85,1
O0004561,E0004561,C0017,P033,2026-02-27,completed,288.18,1
O0004562,E0004562,C0130,P080,2026-02-27,completed,146.82,1
O0004563,E0004563,C0525,P020,2026-02-27,completed,118.32,1
O0004564,E0004564,C0530,P025,2026-02-27,completed,456.27,1
O0004565,E0004565,C0484,P078,2026-02-27,completed,338.05,1
O0004566,E0004566,C0447,P014,2026-02-27,returned,82.41,1
O0004567,E0004567,C0371,P079,2026-02-27,completed,506.72,1
O0004568,E0004568,C0393,P037,2026-02-27,completed,364.44,1
O0004569,E0004569,C0276,P018,2026-02-27,completed,695.44,1
O0004570,E0004570,C0168,P044,2026-02-27,completed,277.56,1
O0004571,E0004571,C0279,P072,2026-02-27,completed,104.86,1
O0004572,E0004572,C0583,P062,2026-02-27,completed,84.12,1
O0004573,E0004573,C0215,P078,2026-02-27,returned,557.1,1
O0004574,E0004574,C0337,P077,2026-02-27,completed,1100.99,1
O0004575,E0004575,C0005,P034,2026-02-27,completed,443.41,1
O0004576,E0004576,C0564,P076,2026-02-27,completed,140.24,1
O0004577,E0004577,C0412,P059,2026-02-27,completed,56.17,1
O0004578,E0004578,C0552,P049,2026-02-27,completed,174.24,1
O0004579,E0004579,C0469,P075,2026-02-27,completed,147.2,1
O0004580,E0004580,C0599,P003,2026-02-27,returned,1009.85,1
O0004581,E0004581,C0083,P011,2026-02-27,completed,39.68,1
O0004582,E0004582,C0106,P028,2026-02-27,completed,208.18,1
O0004583,E0004583,C0334,P051,2026-02-27,completed,148.08,1
O0004584,E0004584,C0021,P044,2026-02-27,completed,528.8,1
O0004585,E0004585,C0577,P013,2026-02-27,completed,763.22,1
O0004586,E0004586,C0446,P024,2026-02-27,completed,69.02,1
O0004587,E0004587,C0332,P067,2026-02-27,completed,120.98,1
O0004588,E0004588,C0591,P003,2026-02-27,completed,975.4,1
O0004589,E0004589,C0271,P030,2026-02-27,completed,364.31,1
O0004590,E0004590,C0550,P023,2026-02-27,completed,321.5,1
O0004591,E0004591,C0308,P022,2026-02-27,returned,176.52,1
O0004592,E0004592,C0552,P017,2026-02-27,completed,491.6,1
O0004593,E0004593,C0309,P063,2026-02-27,completed,459.39,1
O0004594,E0004594,C0530,P010,2026-02-27,completed,534.07,1
O0004595,E0004595,C0573,P037,2026-02-27,completed,927.1,1
O0004596,E0004596,C0227,P007,2026-02-27,completed,403.53,1
O0004597,E0004597,C0450,P011,2026-02-27,completed,60.22,1
O0004598,E0004598,C0002,P074,2026-02-27,completed,160.97,1
O0004599,E0004599,C0151,P038,2026-02-27,completed,693.18,1
O0004600,E0004600,C0050,P063,2026-02-27,completed,549.3,1
O0004601,E0004601,C0199,P028,2026-02-27,completed,56.3,1
O0004602,E0004602,C0217,P055,2026-02-27,completed,395.98,1
O0004603,E0004603,C0251,P077,2026-02-27,completed,944.62,1
O0004604,E0004604,C0201,P014,2026-02-27,completed,40.1,1
O0004605,E0004605,C0049,P048,2026-02-27,completed,613.68,1
O0004606,E0004606,C0287,P029,2026-02-27,completed,470.46,1
O0004607,E0004607,C0424,P046,2026-02-27,completed,375.63,1
O0004608,E0004608,C0552,P018,2026-02-27,completed,907.29,1
O0004609,E0004609,C0508,P006,2026-02-27,completed,1118.8,1
O0004610,E0004610,C0294,P064,2026-02-27,cancelled,95.31,1
O0004611,E0004611,C0142,P031,2026-02-27,returned,760.88,1
O0004612,E0004612,C0260,P046,2026-02-27,completed,619.61,1
O0004613,E0004613,C0399,P004,2026-02-27,cancelled,978.71,1
O0004614,E0004614,C0154,P054,2026-02-27,completed,441.52,1
O0004615,E0004615,C0456,P062,2026-02-27,completed,100.3,1
O0004616,E0004616,C0213,P026,2026-02-27,completed,697.12,1
O0004617,E0004617,C0048,P027,2026-02-27,completed,188.88,1
O0004618,E0004618,C0408,P036,2026-02-27,completed,624.99,1
O0004619,E0004619,C0352,P065,2026-02-27,completed,187.98,1
O0004620,E0004620,C0375,P068,2026-02-27,cancelled,719.5,1
O0004621,E0004621,C0422,P044,2026-02-27,cancelled,285.28,1
O0004622,E0004622,C0038,P005,2026-02-27,completed,36.07,1
O0004623,E0004623,C0072,P060,2026-02-27,completed,77.01,1
O0004624,E0004624,C0432,P032,2026-02-27,completed,719.67,1
O0004625,E0004625,C0322,P011,2026-02-27,completed,168.89,1
O0004626,E0004626,C0515,P012,2026-02-27,completed,462.44,1
O0004627,E0004627,C0079,P058,2026-02-27,completed,803.03,1
O0004628,E0004628,C0523,P040,2026-02-27,completed,16.14,1
O0004629,E0004629,C0473,P053,2026-02-27,completed,326.47,1
O0004630,E0004630,C0561,P075,2026-02-27,completed,823.7,1
O0004631,E0004631,C0137,P019,2026-02-27,completed,347.05,1
O0004632,E0004632,C0018,P052,2026-02-27,completed,668.26,1
O0004633,E0004633,C0238,P080,2026-02-27,completed,95.23,1
O0004634,E0004634,C0293,P024,2026-02-27,completed,71.86,1
O0004635,E0004635,C0548,P003,2026-02-27,completed,499.18,1
O0004636,E0004636,C0364,P023,2026-02-27,returned,66.03,1
O0004637,E0004637,C0034,P028,2026-02-27,returned,238.13,1
O0004638,E0004638,C0566,P063,2026-02-27,completed,318.54,1
O0004639,E0004639,C0172,P012,2026-02-27,completed,472.53,1
O0004640,E0004640,C0003,P059,2026-02-28,completed,37.99,1
O0004641,E0004641,C0171,P042,2026-02-28,completed,129.92,1
O0004642,E0004642,C0366,P029,2026-02-28,completed,263.05,1
O0004643,E0004643,C0424,P069,2026-02-28,returned,108.37,1
O0004644,E0004644,C0209,P064,2026-02-28,completed,22.01,1
O0004645,E0004645,C0145,P047,2026-02-28,completed,235.52,1
O0004646,E0004646,C0326,P066,2026-02-28,completed,807.1,1
O0004647,E0004647,C0172,P011,2026-02-28,completed,136.5,1
O0004648,E0004648,C0060,P016,2026-02-28,completed,685.3,1
O0004649,E0004649,C0175,P074,2026-02-28,completed,95.79,1
O0004650,E0004650,C0386,P049,2026-02-28,completed,51.47,1
O0004651,E0004651,C0100,P045,2026-02-28,completed,371.55,1
O0004652,E0004652,C0561,P029,2026-02-28,completed,149.1,1
O0004653,E0004653,C0265,P006,2026-02-28,completed,289.77,1
O0004654,E0004654,C0320,P050,2026-02-28,completed,135.07,1
O0004655,E0004655,C0589,P021,2026-02-28,completed,482.17,1
O0004656,E0004656,C0178,P031,2026-02-28,cancelled,254.42,1
O0004657,E0004657,C0303,P066,2026-02-28,completed,447.19,1
O0004658,E0004658,C0256,P012,2026-02-28,completed,270.72,1
O0004659,E0004659,C0056,P043,2026-02-28,returned,70.69,1
O0004660,E0004660,C0304,P042,2026-02-28,completed,370.92,1
O0004661,E0004661,C0049,P058,2026-02-28,completed,180.83,1
O0004662,E0004662,C0328,P053,2026-02-28,completed,309.41,1
O0004663,E0004663,C0313,P053,2026-02-28,completed,221.35,1
O0004664,E0004664,C0101,P039,2026-02-28,completed,69.59,1
O0004665,E0004665,C0350,P053,2026-02-28,returned,353.34,1
O0004666,E0004666,C0024,P008,2026-02-28,completed,183.13,1
O0004667,E0004667,C0096,P014,2026-02-28,returned,82.78,1
O0004668,E0004668,C0164,P008,2026-02-28,returned,398.57,1
O0004669,E0004669,C0549,P033,2026-02-28,completed,806.39,1
O0004670,E0004670,C0086,P054,2026-02-28,completed,393.73,1
O0004671,E0004671,C0391,P064,2026-02-28,completed,57.9,1
O0004672,E0004672,C0032,P080,2026-02-28,completed,81.54,1
O0004673,E0004673,C0004,P025,2026-02-28,completed,177.65,1
O0004674,E0004674,C0505,P045,2026-02-28,completed,545.38,1
O0004675,E0004675,C0162,P017,2026-02-28,completed,392.63,1
O0004676,E0004676,C0274,P004,2026-02-28,completed,922.4,1
O0004677,E0004677,C0196,P044,2026-02-28,completed,397.79,1
O0004678,E0004678,C0091,P060,2026-02-28,returned,155.79,1
O0004679,E0004679,C0340,P043,2026-02-28,completed,41.79,1
O0004680,E0004680,C0151,P066,2026-02-28,returned,258.85,1
O0004681,E0004681,C0295,P067,2026-02-28,completed,39.09,1
O0004682,E0004682,C0269,P004,2026-02-28,completed,520.09,1
O0004683,E0004683,C0270,P054,2026-02-28,completed,763.41,1
O0004684,E0004684,C0043,P052,2026-02-28,completed,670.24,1
O0004685,E0004685,C0447,P075,2026-02-28,completed,671.42,1
O0004686,E0004686,C0338,P034,2026-02-28,completed,627.89,1
O0004687,E0004687,C0544,P046,2026-02-28,completed,526.4,1
O0004688,E0004688,C0436,P066,2026-02-28,completed,801.24,1
O0004689,E0004689,C0399,P079,2026-02-28,completed,283.9,1
O0004690,E0004690,C0024,P007,2026-02-28,completed,258.99,1
O0004691,E0004691,C0570,P012,2026-02-28,cancelled,323.86,1
O0004692,E0004692,C0458,P002,2026-02-28,returned,347.2,1
O0004693,E0004693,C0522,P011,2026-02-28,completed,79.15,1
O0004694,E0004694,C0534,P027,2026-02-28,completed,610.56,1
O0004695,E0004695,C0316,P042,2026-02-28,completed,446.6,1
O0004696,E0004696,C0577,P076,2026-02-28,completed,249.34,1
O0004697,E0004697,C0132,P007,2026-02-28,cancelled,549.12,1
O0004698,E0004698,C0486,P031,2026-02-28,completed,1032.37,1
O0004699,E0004699,C0130,P008,2026-02-28,completed,310.27,1
O0004700,E0004700,C0523,P051,2026-02-28,completed,136.22,1
O0004701,E0004701,C0340,P067,2026-02-28,completed,144.84,1
O0004702,E0004702,C0163,P020,2026-02-28,completed,105.82,1
O0004703,E0004703,C0540,P022,2026-02-28,completed,183.76,1
O0004704,E0004704,C0523,P020,2026-02-28,completed,216.7,1
O0004705,E0004705,C0497,P044,2026-02-28,completed,528.69,1
O0004706,E0004706,C0286,P053,2026-02-28,completed,403.69,1
O0004707,E0004707,C0589,P071,2026-02-28,completed,697.75,1
O0004708,E0004708,C0366,P074,2026-02-28,completed,145.61,1
O0004709,E0004709,C0338,P026,2026-02-28,completed,646.26,1
O0004710,E0004710,C0282,P021,2026-02-28,returned,669.31,1
O0004711,E0004711,C0299,P059,2026-02-28,cancelled,16.87,1
O0004712,E0004712,C0439,P050,2026-02-28,completed,201.03,1
O0004713,E0004713,C0505,P042,2026-02-28,completed,167.87,1
O0004714,E0004714,C0365,P033,2026-02-28,completed,645.51,1
O0004715,E0004715,C0319,P041,2026-02-28,completed,431.73,1
O0004716,E0004716,C0244,P015,2026-02-28,completed,292.36,1
O0004717,E0004717,C0360,P002,2026-02-28,returned,183.99,1
O0004718,E0004718,C0406,P065,2026-02-28,completed,44.58,1
O0004719,E0004719,C0590,P025,2026-02-28,completed,429.78,1
O0004720,E0004720,C0537,P020,2026-03-01,completed,112.55,1
O0004721,E0004721,C0492,P070,2026-03-01,completed,118.2,1
O0004722,E0004722,C0447,P053,2026-03-01,completed,312.07,1
O0004723,E0004723,C0282,P007,2026-03-01,cancelled,179.47,1
O0004724,E0004724,C0074,P027,2026-03-01,completed,164.27,1
O0004725,E0004725,C0384,P043,2026-03-01,returned,73.63,1
O0004726,E0004726,C0107,P068,2026-03-01,completed,774.75,1
O0004727,E0004727,C0354,P045,2026-03-01,completed,195.54,1
O0004728,E0004728,C0497,P075,2026-03-01,completed,723.88,1
O0004729,E0004729,C0142,P035,2026-03-01,returned,1059.05,1
O0004730,E0004730,C0405,P018,2026-03-01,completed,345.82,1
O0004731,E0004731,C0544,P039,2026-03-01,completed,53.8,1
O0004732,E0004732,C0514,P045,2026-03-01,completed,487.19,1
O0004733,E0004733,C0329,P006,2026-03-01,completed,568.03,1
O0004734,E0004734,C0465,P028,2026-03-01,completed,274.44,1
O0004735,E0004735,C0396,P041,2026-03-01,completed,186.6,1
O0004736,E0004736,C0408,P054,2026-03-01,completed,594.61,1
O0004737,E0004737,C0457,P066,2026-03-01,completed,253.04,1
O0004738,E0004738,C0352,P079,2026-03-01,completed,502.17,1
O0004739,E0004739,C0468,P073,2026-03-01,completed,175.11,1
O0004740,E0004740,C0307,P048,2026-03-01,completed,399.88,1
O0004741,E0004741,C0103,P040,2026-03-01,completed,28.19,1
O0004742,E0004742,C0530,P036,2026-03-01,completed,310.23,1
O0004743,E0004743,C0456,P044,2026-03-01,completed,472.14,1
O0004744,E0004744,C0493,P045,2026-03-01,completed,200.35,1
O0004745,E0004745,C0216,P047,2026-03-01,completed,722.23,1
O0004746,E0004746,C0505,P040,2026-03-01,completed,75.28,1
O0004747,E0004747,C0145,P044,2026-03-01,completed,272.57,1
O0004748,E0004748,C0499,P001,2026-03-01,completed,104.17,1
O0004749,E0004749,C0369,P031,2026-03-01,completed,357.66,1
O0004750,E0004750,C0113,P060,2026-03-01,completed,76.86,1
O0004751,E0004751,C0295,P043,2026-03-01,completed,74.48,1
O0004752,E0004752,C0550,P034,2026-03-01,completed,464.88,1
O0004753,E0004753,C0513,P018,2026-03-01,completed,907.08,1
O0004754,E0004754,C0500,P052,2026-03-01,completed,555.01,1
O0004755,E0004755,C0479,P013,2026-03-01,completed,651.97,1
O0004756,E0004756,C0550,P080,2026-03-01,completed,72.2,1
O0004757,E0004757,C0498,P048,2026-03-01,completed,369.4,1
O0004758,E0004758,C0419,P077,2026-03-01,completed,233.84,1
O0004759,E0004759,C0121,P006,2026-03-01,completed,837.83,1
O0004760,E0004760,C0455,P025,2026-03-01,completed,468.08,1
O0004761,E0004761,C0456,P039,2026-03-01,completed,110.07,1
O0004762,E0004762,C0252,P013,2026-03-01,completed,1158.62,1
O0004763,E0004763,C0043,P016,2026-03-01,completed,719.55,1
O0004764,E0004764,C0038,P028,2026-03-01,completed,210.69,1
O0004765,E0004765,C0104,P060,2026-03-01,completed,262.16,1
O0004766,E0004766,C0041,P010,2026-03-01,completed,250.82,1
O0004767,E0004767,C0472,P014,2026-03-01,completed,57.91,1
O0004768,E0004768,C0183,P035,2026-03-01,completed,913.87,1
O0004769,E0004769,C0113,P041,2026-03-01,completed,187.53,1
O0004770,E0004770,C0456,P047,2026-03-01,completed,985.64,1
O0004771,E0004771,C0499,P032,2026-03-01,completed,791.54,1
O0004772,E0004772,C0047,P048,2026-03-01,returned,725.79,1
O0004773,E0004773,C0277,P008,2026-03-01,completed,278.78,1
O0004774,E0004774,C0110,P011,2026-03-01,cancelled,98.33,1
O0004775,E0004775,C0049,P025,2026-03-01,completed,284.6,1
O0004776,E0004776,C0318,P060,2026-03-01,returned,227.11,1
O0004777,E0004777,C0322,P030,2026-03-01,completed,465.98,1
O0004778,E0004778,C0275,P073,2026-03-01,completed,163.53,1
O0004779,E0004779,C0053,P003,2026-03-01,completed,242.44,1
O0004780,E0004780,C0448,P059,2026-03-01,completed,54.8,1
O0004781,E0004781,C0526,P047,2026-03-01,completed,182.16,1
O0004782,E0004782,C0243,P044,2026-03-01,completed,588.06,1
O0004783,E0004783,C0145,P061,2026-03-01,completed,274.52,1
O0004784,E0004784,C0598,P065,2026-03-01,completed,227.18,1
O0004785,E0004785,C0171,P012,2026-03-01,completed,306.87,1
O0004786,E0004786,C0387,P034,2026-03-01,completed,327.21,1
O0004787,E0004787,C0342,P014,2026-03-01,completed,42.11,1
O0004788,E0004788,C0463,P080,2026-03-01,completed,123.1,1
O0004789,E0004789,C0186,P035,2026-03-01,completed,431.74,1
O0004790,E0004790,C0534,P041,2026-03-01,completed,138.76,1
O0004791,E0004791,C0088,P069,2026-03-01,completed,84.19,1
O0004792,E0004792,C0347,P049,2026-03-01,returned,38.35,1
O0004793,E0004793,C0222,P008,2026-03-01,completed,194.32,1
O0004794,E0004794,C0509,P055,2026-03-01,completed,493.75,1
O0004795,E0004795,C0077,P034,2026-03-01,completed,160.7,1
O0004796,E0004796,C0062,P067,2026-03-01,completed,90.11,1
O0004797,E0004797,C0399,P013,2026-03-01,completed,460.04,1
O0004798,E0004798,C0299,P026,2026-03-01,completed,863.37,1
O0004799,E0004799,C0495,P062,2026-03-01,completed,148.48,1
O0004800,E0004800,C0387,P014,2026-03-02,cancelled,64.95,1
O0004801,E0004801,C0068,P078,2026-03-02,completed,765.02,1
O0004802,E0004802,C0043,P054,2026-03-02,completed,265.38,1
O0004803,E0004803,C0307,P070,2026-03-02,completed,68.77,1
O0004804,E0004804,C0232,P065,2026-03-02,completed,58.15,1
O0004805,E0004805,C0411,P021,2026-03-02,completed,415.05,1
O0004806,E0004806,C0411,P079,2026-03-02,completed,146.59,1
O0004807,E0004807,C0021,P042,2026-03-02,completed,314.71,1
O0004808,E0004808,C0016,P033,2026-03-02,completed,748.11,1
O0004809,E0004809,C0462,P039,2026-03-02,completed,38.87,1
O0004810,E0004810,C0573,P007,2026-03-02,completed,375.45,1
O0004811,E0004811,C0594,P013,2026-03-02,completed,582.52,1
O0004812,E0004812,C0121,P060,2026-03-02,cancelled,122.5,1
O0004813,E0004813,C0142,P032,2026-03-02,completed,813.69,1
O0004814,E0004814,C0144,P044,2026-03-02,cancelled,113.86,1
O0004815,E0004815,C0564,P015,2026-03-02,completed,83.51,1
O0004816,E0004816,C0145,P066,2026-03-02,completed,257.76,1
O0004817,E0004817,C0559,P078,2026-03-02,completed,652.56,1
O0004818,E0004818,C0005,P065,2026-03-02,completed,48.04,1
O0004819,E0004819,C0087,P047,2026-03-02,completed,771.43,1
O0004820,E0004820,C0354,P040,2026-03-02,completed,29.58,1
O0004821,E0004821,C0049,P004,2026-03-02,returned,718.92,1
O0004822,E0004822,C0089,P012,2026-03-02,completed,289.62,1
O0004823,E0004823,C0580,P043,2026-03-02,completed,183.86,1
O0004824,E0004824,C0103,P002,2026-03-02,returned,431.49,1
O0004825,E0004825,C0197,P064,2026-03-02,completed,27.0,1
O0004826,E0004826,C0587,P045,2026-03-02,completed,214.02,1
O0004827,E0004827,C0005,P010,2026-03-02,completed,1135.07,1
O0004828,E0004828,C0569,P012,2026-03-02,cancelled,250.92,1
O0004829,E0004829,C0119,P042,2026-03-02,completed,423.73,1
O0004830,E0004830,C0476,P072,2026-03-02,completed,134.17,1
O0004831,E0004831,C0230,P056,2026-03-02,completed,489.81,1
O0004832,E0004832,C0239,P042,2026-03-02,returned,621.61,1
O0004833,E0004833,C0046,P011,2026-03-02,completed,74.1,1
O0004834,E0004834,C0463,P029,2026-03-02,completed,550.9,1
O0004835,E0004835,C0120,P064,2026-03-02,returned,72.49,1
O0004836,E0004836,C0311,P001,2026-03-02,completed,105.01,1
O0004837,E0004837,C0555,P057,2026-03-02,completed,173.98,1
O0004838,E0004838,C0167,P045,2026-03-02,completed,767.12,1
O0004839,E0004839,C0594,P007,2026-03-02,completed,532.86,1
O0004840,E0004840,C0108,P039,2026-03-02,completed,32.49,1
O0004841,E0004841,C0402,P007,2026-03-02,completed,773.66,1
O0004842,E0004842,C0429,P058,2026-03-02,completed,727.98,1
O0004843,E0004843,C0156,P060,2026-03-02,completed,257.09,1
O0004844,E0004844,C0275,P050,2026-03-02,completed,212.19,1
O0004845,E0004845,C0390,P004,2026-03-02,completed,671.86,1
O0004846,E0004846,C0389,P045,2026-03-02,completed,674.51,1
O0004847,E0004847,C0070,P076,2026-03-02,completed,257.89,1
O0004848,E0004848,C0035,P067,2026-03-02,completed,130.88,1
O0004849,E0004849,C0384,P057,2026-03-02,returned,950.21,1
O0004850,E0004850,C0148,P006,2026-03-02,completed,810.35,1
O0004851,E0004851,C0072,P029,2026-03-02,completed,553.18,1
O0004852,E0004852,C0367,P011,2026-03-02,completed,72.87,1
O0004853,E0004853,C0034,P017,2026-03-02,completed,385.76,1
O0004854,E0004854,C0295,P070,2026-03-02,cancelled,146.35,1
O0004855,E0004855,C0054,P021,2026-03-02,completed,332.41,1
O0004856,E0004856,C0259,P019,2026-03-02,completed,312.25,1
O0004857,E0004857,C0387,P049,2026-03-02,completed,42.87,1
O0004858,E0004858,C0409,P034,2026-03-02,completed,210.52,1
O0004859,E0004859,C0551,P045,2026-03-02,completed,748.43,1
O0004860,E0004860,C0093,P051,2026-03-02,completed,98.86,1
O0004861,E0004861,C0034,P065,2026-03-02,completed,55.72,1
O0004862,E0004862,C0295,P049,2026-03-02,completed,119.97,1
O0004863,E0004863,C0120,P062,2026-03-02,completed,33.2,1
O0004864,E0004864,C0359,P067,2026-03-02,completed,90.74,1
O0004865,E0004865,C0455,P019,2026-03-02,completed,230.05,1
O0004866,E0004866,C0492,P039,2026-03-02,cancelled,31.72,1
O0004867,E0004867,C0558,P055,2026-03-02,completed,619.25,1
O0004868,E0004868,C0173,P004,2026-03-02,completed,338.64,1
O0004869,E0004869,C0096,P032,2026-03-02,returned,275.94,1
O0004870,E0004870,C0591,P042,2026-03-02,completed,352.83,1
O0004871,E0004871,C0164,P017,2026-03-02,completed,791.35,1
O0004872,E0004872,C0258,P067,2026-03-02,completed,39.42,1
O0004873,E0004873,C0178,P021,2026-03-02,completed,631.13,1
O0004874,E0004874,C0318,P015,2026-03-02,completed,324.33,1
O0004875,E0004875,C0555,P015,2026-03-02,completed,131.59,1
O0004876,E0004876,C0081,P065,2026-03-02,completed,129.25,1
O0004877,E0004877,C0082,P006,2026-03-02,completed,701.59,1
O0004878,E0004878,C0085,P003,2026-03-02,completed,180.79,1
O0004879,E0004879,C0069,P063,2026-03-02,completed,381.76,1
O0004880,E0004880,C0057,P036,2026-03-03,completed,193.12,1
O0004881,E0004881,C0328,P035,2026-03-03,completed,759.42,1
O0004882,E0004882,C0585,P003,2026-03-03,completed,802.73,1
O0004883,E0004883,C0408,P033,2026-03-03,completed,417.72,1
O0004884,E0004884,C0556,P062,2026-03-03,completed,121.19,1
O0004885,E0004885,C0520,P025,2026-03-03,completed,552.12,1
O0004886,E0004886,C0408,P019,2026-03-03,returned,326.26,1
O0004887,E0004887,C0344,P002,2026-03-03,completed,398.88,1
O0004888,E0004888,C0078,P077,2026-03-03,completed,779.0,1
O0004889,E0004889,C0008,P069,2026-03-03,completed,109.39,1
O0004890,E0004890,C0509,P047,2026-03-03,completed,709.59,1
O0004891,E0004891,C0359,P062,2026-03-03,completed,55.82,1
O0004892,E0004892,C0563,P074,2026-03-03,completed,143.36,1
O0004893,E0004893,C0579,P046,2026-03-03,completed,277.01,1
O0004894,E0004894,C0489,P001,2026-03-03,completed,242.46,1
O0004895,E0004895,C0352,P044,2026-03-03,completed,124.64,1
O0004896,E0004896,C0440,P048,2026-03-03,returned,182.57,1
O0004897,E0004897,C0290,P028,2026-03-03,completed,62.68,1
O0004898,E0004898,C0343,P022,2026-03-03,cancelled,735.89,1
O0004899,E0004899,C0188,P059,2026-03-03,completed,73.45,1
O0004900,E0004900,C0163,P072,2026-03-03,completed,133.84,1
O0004901,E0004901,C0072,P017,2026-03-03,completed,321.66,1
O0004902,E0004902,C0461,P039,2026-03-03,completed,164.3,1
O0004903,E0004903,C0265,P056,2026-03-03,completed,416.78,1
O0004904,E0004904,C0312,P025,2026-03-03,completed,457.84,1
O0004905,E0004905,C0371,P060,2026-03-03,completed,210.08,1
O0004906,E0004906,C0229,P015,2026-03-03,completed,215.61,1
O0004907,E0004907,C0586,P067,2026-03-03,completed,73.09,1
O0004908,E0004908,C0304,P029,2026-03-03,completed,134.84,1
O0004909,E0004909,C0032,P038,2026-03-03,completed,270.18,1
O0004910,E0004910,C0430,P007,2026-03-03,completed,120.74,1
O0004911,E0004911,C0295,P046,2026-03-03,completed,314.56,1
O0004912,E0004912,C0129,P022,2026-03-03,completed,337.46,1
O0004913,E0004913,C0423,P034,2026-03-03,completed,465.38,1
O0004914,E0004914,C0275,P077,2026-03-03,completed,245.76,1
O0004915,E0004915,C0478,P008,2026-03-03,returned,365.36,1
O0004916,E0004916,C0189,P014,2026-03-03,returned,60.64,1
O0004917,E0004917,C0504,P024,2026-03-03,completed,75.48,1
O0004918,E0004918,C0012,P043,2026-03-03,completed,46.29,1
O0004919,E0004919,C0223,P009,2026-03-03,completed,334.99,1
O0004920,E0004920,C0314,P079,2026-03-03,completed,720.0,1
O0004921,E0004921,C0428,P021,2026-03-03,completed,488.46,1
O0004922,E0004922,C0085,P054,2026-03-03,returned,650.43,1
O0004923,E0004923,C0171,P032,2026-03-03,completed,357.11,1
O0004924,E0004924,C0413,P021,2026-03-03,completed,300.82,1
O0004925,E0004925,C0589,P002,2026-03-03,completed,100.4,1
O0004926,E0004926,C0070,P008,2026-03-03,completed,782.63,1
O0004927,E0004927,C0256,P040,2026-03-03,completed,65.39,1
O0004928,E0004928,C0291,P042,2026-03-03,completed,155.58,1
O0004929,E0004929,C0063,P032,2026-03-03,completed,487.23,1
O0004930,E0004930,C0585,P056,2026-03-03,completed,595.98,1
O0004931,E0004931,C0020,P080,2026-03-03,completed,209.78,1
O0004932,E0004932,C0356,P041,2026-03-03,completed,257.35,1
O0004933,E0004933,C0468,P066,2026-03-03,completed,741.7,1
O0004934,E0004934,C0227,P032,2026-03-03,completed,266.06,1
O0004935,E0004935,C0255,P003,2026-03-03,returned,564.63,1
O0004936,E0004936,C0318,P027,2026-03-03,completed,891.17,1
O0004937,E0004937,C0023,P023,2026-03-03,completed,279.0,1
O0004938,E0004938,C0162,P073,2026-03-03,completed,496.24,1
O0004939,E0004939,C0410,P031,2026-03-03,completed,171.86,1
O0004940,E0004940,C0030,P017,2026-03-03,completed,165.77,1
O0004941,E0004941,C0056,P012,2026-03-03,completed,529.39,1
O0004942,E0004942,C0280,P076,2026-03-03,cancelled,67.5,1
O0004943,E0004943,C0350,P020,2026-03-03,returned,216.39,1
O0004944,E0004944,C0381,P040,2026-03-03,completed,34.93,1
O0004945,E0004945,C0523,P048,2026-03-03,completed,263.35,1
O0004946,E0004946,C0094,P005,2026-03-03,returned,34.02,1
O0004947,E0004947,C0022,P032,2026-03-03,completed,767.82,1
O0004948,E0004948,C0071,P029,2026-03-03,completed,362.57,1
O0004949,E0004949,C0367,P061,2026-03-03,completed,742.2,1
O0004950,E0004950,C0178,P016,2026-03-03,returned,413.8,1
O0004951,E0004951,C0441,P017,2026-03-03,cancelled,191.95,1
O0004952,E0004952,C0443,P053,2026-03-03,completed,352.54,1
O0004953,E0004953,C0470,P041,2026-03-03,completed,136.01,1
O0004954,E0004954,C0322,P010,2026-03-03,completed,214.26,1
O0004955,E0004955,C0431,P072,2026-03-03,completed,87.05,1
O0004956,E0004956,C0221,P058,2026-03-03,completed,359.43,1
O0004957,E0004957,C0039,P055,2026-03-03,completed,175.05,1
O0004958,E0004958,C0099,P006,2026-03-03,completed,845.51,1
O0004959,E0004959,C0526,P007,2026-03-03,completed,657.43,1
O0004960,E0004960,C0040,P065,2026-03-04,completed,114.38,1
O0004961,E0004961,C0569,P051,2026-03-04,completed,75.06,1
O0004962,E0004962,C0091,P015,2026-03-04,completed,226.45,1
O0004963,E0004963,C0359,P046,2026-03-04,returned,191.17,1
O0004964,E0004964,C0571,P005,2026-03-04,completed,113.99,1
O0004965,E0004965,C0013,P021,2026-03-04,completed,129.62,1
O0004966,E0004966,C0568,P020,2026-03-04,completed,52.61,1
O0004967,E0004967,C0216,P038,2026-03-04,completed,980.05,1
O0004968,E0004968,C0030,P054,2026-03-04,completed,322.87,1
O0004969,E0004969,C0533,P029,2026-03-04,completed,505.98,1
O0004970,E0004970,C0106,P077,2026-03-04,completed,867.83,1
O0004971,E0004971,C0422,P033,2026-03-04,completed,325.46,1
O0004972,E0004972,C0446,P011,2026-03-04,completed,37.2,1
O0004973,E0004973,C0071,P068,2026-03-04,completed,454.49,1
O0004974,E0004974,C0087,P072,2026-03-04,completed,28.88,1
O0004975,E0004975,C0412,P039,2026-03-04,completed,79.86,1
O0004976,E0004976,C0450,P039,2026-03-04,completed,37.86,1
O0004977,E0004977,C0138,P076,2026-03-04,returned,58.56,1
O0004978,E0004978,C0220,P068,2026-03-04,completed,438.53,1
O0004979,E0004979,C0019,P061,2026-03-04,completed,449.98,1
O0004980,E0004980,C0111,P026,2026-03-04,completed,868.88,1
O0004981,E0004981,C0561,P021,2026-03-04,completed,374.1,1
O0004982,E0004982,C0059,P020,2026-03-04,completed,153.12,1
O0004983,E0004983,C0025,P048,2026-03-04,cancelled,430.66,1
O0004984,E0004984,C0520,P008,2026-03-04,cancelled,152.31,1
O0004985,E0004985,C0582,P005,2026-03-04,completed,62.8,1
O0004986,E0004986,C0139,P064,2026-03-04,completed,106.6,1
O0004987,E0004987,C0289,P049,2026-03-04,completed,77.85,1
O0004988,E0004988,C0031,P068,2026-03-04,completed,170.29,1
O0004989,E0004989,C0232,P011,2026-03-04,completed,102.69,1
O0004991,E0004991,C0424,P073,2026-03-04,cancelled,417.66,1
O0004992,E0004992,C0368,P050,2026-03-04,completed,173.0,1
O0004993,E0004993,C0345,P067,2026-03-04,completed,64.4,1
O0004994,E0004994,C0005,P058,2026-03-04,completed,238.25,1
O0004995,E0004995,C0040,P017,2026-03-04,completed,496.62,1
O0004996,E0004996,C0189,P049,2026-03-04,completed,43.94,1
O0004997,E0004997,C0269,P011,2026-03-04,completed,37.87,1
O0004998,E0004998,C0345,P067,2026-03-04,completed,28.8,1
O0004999,E0004999,C0185,P053,2026-03-04,completed,79.15,1
O0005000,E0005000,C0283,P075,2026-03-04,completed,579.03,1
O0005001,E0005001,C0427,P079,2026-03-04,completed,332.55,1
O0005002,E0005002,C0565,P042,2026-03-04,completed,412.02,1
O0005003,E0005003,C0164,P037,2026-03-04,completed,346.2,1
O0005004,E0005004,C0196,P034,2026-03-04,completed,648.13,1
O0005005,E0005005,C0079,P010,2026-03-04,completed,934.21,1
O0005006,E0005006,C0546,P047,2026-03-04,completed,263.05,1
O0005007,E0005007,C0270,P020,2026-03-04,completed,59.22,1
O0005008,E0005008,C0007,P016,2026-03-04,completed,768.6,1
O0005009,E0005009,C0514,P011,2026-03-04,completed,36.73,1
O0005010,E0005010,C0323,P016,2026-03-04,completed,500.41,1
O0005011,E0005011,C0312,P049,2026-03-04,cancelled,97.4,1
O0005012,E0005012,C0297,P063,2026-03-04,completed,278.23,1
O0005013,E0005013,C0203,P006,2026-03-04,completed,188.57,1
O0005014,E0005014,C0320,P009,2026-03-04,completed,166.06,1
O0005015,E0005015,C0161,P044,2026-03-04,returned,260.96,1
O0005016,E0005016,C0318,P015,2026-03-04,completed,78.28,1
O0005017,E0005017,C0587,P058,2026-03-04,completed,209.67,1
O0005018,E0005018,C0465,P036,2026-03-04,completed,836.88,1
O0005019,E0005019,C0071,P038,2026-03-04,completed,462.03,1
O0005020,E0005020,C0400,P026,2026-03-04,completed,748.23,1
O0005021,E0005021,C0469,P041,2026-03-04,completed,279.89,1
O0005022,E0005022,C0275,P061,2026-03-04,completed,1031.7,1
O0005023,E0005023,C0272,P029,2026-03-04,completed,654.07,1
O0005024,E0005024,C0004,P080,2026-03-04,completed,181.94,1
O0005025,E0005025,C0403,P030,2026-03-04,completed,325.86,1
O0005026,E0005026,C0308,P079,2026-03-04,completed,552.0,1
O0005027,E0005027,C0437,P001,2026-03-04,completed,180.93,1
O0005028,E0005028,C0357,P058,2026-03-04,completed,270.81,1
O0005029,E0005029,C0084,P051,2026-03-04,completed,43.12,1
O0005030,E0005030,C0417,P069,2026-03-04,completed,79.94,1
O0005031,E0005031,C0398,P013,2026-03-04,completed,205.87,1
O0005032,E0005032,C0534,P037,2026-03-04,completed,555.94,1
O0005033,E0005033,C0598,P060,2026-03-04,completed,293.65,1
O0005034,E0005034,C0479,P067,2026-03-04,completed,34.31,1
O0005035,E0005035,C0467,P032,2026-03-04,completed,187.96,1
O0005036,E0005036,C0228,P060,2026-03-04,completed,199.17,1
O0005037,E0005037,C0207,P062,2026-03-04,completed,85.54,1
O0005038,E0005038,C0453,P005,2026-03-04,completed,24.54,1
O0005039,E0005039,C0038,P074,2026-03-04,completed,84.17,1
O0005040,E0005040,C0294,P079,2026-03-05,completed,582.29,1
O0005041,E0005041,C0434,P012,2026-03-05,returned,487.95,1
O0005042,E0005042,C0579,P036,2026-03-05,completed,479.66,1
O0005043,E0005043,C0166,P053,2026-03-05,cancelled,363.0,1
O0005044,E0005044,C0217,P073,2026-03-05,cancelled,143.82,1
O0005045,E0005045,C0319,P030,2026-03-05,completed,238.24,1
O0005046,E0005046,C0357,P075,2026-03-05,completed,720.93,1
O0005047,E0005047,C0468,P050,2026-03-05,completed,398.12,1
O0005048,E0005048,C0438,P014,2026-03-05,cancelled,48.17,1
O0005049,E0005049,C0201,P020,2026-03-05,completed,125.22,1
O0005050,E0005050,C0338,P072,2026-03-05,completed,134.89,1
O0005051,E0005051,C0398,P032,2026-03-05,completed,772.21,1
O0005052,E0005052,C0248,P059,2026-03-05,completed,18.59,1
O0005053,E0005053,C0400,P074,2026-03-05,completed,287.57,1
O0005054,E0005054,C0490,P005,2026-03-05,completed,28.26,1
O0005055,E0005055,C0122,P030,2026-03-05,completed,392.85,1
O0005056,E0005056,C0571,P016,2026-03-05,completed,805.71,1
O0005057,E0005057,C0403,P025,2026-03-05,returned,501.41,1
O0005058,E0005058,C0016,P052,2026-03-05,completed,887.86,1
O0005059,E0005059,C0370,P038,2026-03-05,completed,733.78,1
O0005060,E0005060,C0257,P001,2026-03-05,completed,204.49,1
O0005061,E0005061,C0554,P017,2026-03-05,completed,232.55,1
O0005062,E0005062,C0371,P051,2026-03-05,cancelled,82.43,1
O0005063,E0005063,C0338,P017,2026-03-05,completed,233.71,1
O0005064,E0005064,C0008,P080,2026-03-05,returned,40.93,1
O0005065,E0005065,C0057,P011,2026-03-05,completed,42.77,1
O0005066,E0005066,C0198,P042,2026-03-05,completed,556.0,1
O0005067,E0005067,C0143,P034,2026-03-05,completed,236.81,1
O0005068,E0005068,C0198,P030,2026-03-05,completed,432.39,1
O0005069,E0005069,C0575,P039,2026-03-05,completed,31.88,1
O0005070,E0005070,C0076,P052,2026-03-05,completed,364.68,1
O0005071,E0005071,C0478,P034,2026-03-05,completed,786.96,1
O0005072,E0005072,C0325,P032,2026-03-05,completed,663.59,1
O0005073,E0005073,C0544,P054,2026-03-05,completed,136.14,1
O0005074,E0005074,C0084,P018,2026-03-05,returned,290.75,1
O0005075,E0005075,C0065,P051,2026-03-05,completed,130.39,1
O0005076,E0005076,C0269,P029,2026-03-05,completed,444.82,1
O0005077,E0005077,C0434,P015,2026-03-05,completed,145.88,1
O0005078,E0005078,C0424,P025,2026-03-05,completed,188.46,1
O0005079,E0005079,C0151,P060,2026-03-05,completed,96.25,1
O0005080,E0005080,C0184,P074,2026-03-05,completed,192.17,1
O0005081,E0005081,C0466,P018,2026-03-05,completed,762.61,1
O0005082,E0005082,C0473,P014,2026-03-05,completed,43.83,1
O0005083,E0005083,C0170,P034,2026-03-05,completed,616.36,1
O0005084,E0005084,C0264,P024,2026-03-05,completed,100.47,1
O0005085,E0005085,C0440,P039,2026-03-05,completed,60.67,1
O0005086,E0005086,C0077,P070,2026-03-05,completed,55.82,1
O0005087,E0005087,C0533,P029,2026-03-05,completed,128.1,1
O0005088,E0005088,C0325,P042,2026-03-05,completed,430.0,1
O0005089,E0005089,C0398,P045,2026-03-05,completed,235.46,1
O0005090,E0005090,C0176,P022,2026-03-05,completed,156.81,1
O0005091,E0005091,C0273,P046,2026-03-05,completed,173.0,1
O0005092,E0005092,C0407,P031,2026-03-05,completed,358.41,1
O0005093,E0005093,C0075,P003,2026-03-05,completed,551.81,1
O0005094,E0005094,C0480,P001,2026-03-05,completed,428.53,1
O0005095,E0005095,C0368,P030,2026-03-05,completed,488.39,1
O0005096,E0005096,C0261,P075,2026-03-05,completed,353.56,1
O0005097,E0005097,C0491,P058,2026-03-05,completed,180.56,1
O0005098,E0005098,C0013,P028,2026-03-05,cancelled,285.73,1
O0005099,E0005099,C0475,P068,2026-03-05,completed,767.2,1
O0005100,E0005100,C0165,P056,2026-03-05,completed,535.04,1
O0005101,E0005101,C0371,P027,2026-03-05,completed,139.9,1
O0005102,E0005102,C0592,P032,2026-03-05,completed,558.55,1
O0005103,E0005103,C0229,P033,2026-03-05,cancelled,744.53,1
O0005104,E0005104,C0535,P022,2026-03-05,completed,484.28,1
O0005105,E0005105,C0438,P026,2026-03-05,completed,463.44,1
O0005106,E0005106,C0484,P038,2026-03-05,completed,192.59,1
O0005107,E0005107,C0564,P001,2026-03-05,completed,114.28,1
O0005108,E0005108,C0448,P018,2026-03-05,completed,165.9,1
O0005109,E0005109,C0406,P021,2026-03-05,completed,334.39,1
O0005110,E0005110,C0362,P009,2026-03-05,completed,676.26,1
O0005111,E0005111,C0083,P012,2026-03-05,completed,329.52,1
O0005112,E0005112,C0132,P066,2026-03-05,completed,616.85,1
O0005113,E0005113,C0014,P055,2026-03-05,returned,125.42,1
O0005114,E0005114,C0247,P054,2026-03-05,completed,320.66,1
O0005115,E0005115,C0003,P005,2026-03-05,completed,64.73,1
O0005116,E0005116,C0203,P025,2026-03-05,completed,579.74,1
O0005117,E0005117,C0587,P043,2026-03-05,completed,156.94,1
O0005118,E0005118,C0406,P072,2026-03-05,completed,121.8,1
O0005119,E0005119,C0395,P016,2026-03-05,completed,1035.8,1
O0005120,E0005120,C0255,P072,2026-03-06,completed,31.4,1
O0005121,E0005121,C0066,P001,2026-03-06,completed,314.62,1
O0005122,E0005122,C0005,P050,2026-03-06,completed,310.81,1
O0005123,E0005123,C0566,P070,2026-03-06,completed,232.59,1
O0005124,E0005124,C0417,P013,2026-03-06,completed,1014.83,1
O0005125,E0005125,C0529,P019,2026-03-06,completed,287.36,1
O0005126,E0005126,C0007,P076,2026-03-06,completed,184.2,1
O0005127,E0005127,C0587,P003,2026-03-06,completed,1049.48,1
O0005128,E0005128,C0126,P054,2026-03-06,completed,361.89,1
O0005129,E0005129,C0167,P021,2026-03-06,completed,287.51,1
O0005130,E0005130,C0467,P071,2026-03-06,returned,348.95,1
O0005131,E0005131,C0059,P057,2026-03-06,completed,526.98,1
O0005132,E0005132,C0204,P040,2026-03-06,completed,47.93,1
O0005133,E0005133,C0338,P047,2026-03-06,completed,177.36,1
O0005134,E0005134,C0186,P021,2026-03-06,completed,559.72,1
O0005135,E0005135,C0412,P058,2026-03-06,completed,459.68,1
O0005136,E0005136,C0244,P029,2026-03-06,completed,129.29,1
O0005137,E0005137,C0483,P033,2026-03-06,returned,169.09,1
O0005138,E0005138,C0135,P070,2026-03-06,completed,233.6,1
O0005139,E0005139,C0303,P078,2026-03-06,cancelled,502.19,1
O0005140,E0005140,C0362,P047,2026-03-06,completed,554.99,1
O0005141,E0005141,C0110,P053,2026-03-06,completed,98.2,1
O0005142,E0005142,C0019,P025,2026-03-06,completed,437.85,1
O0005143,E0005143,C0453,P040,2026-03-06,completed,32.95,1
O0005144,E0005144,C0090,P033,2026-03-06,completed,212.5,1
O0005145,E0005145,C0544,P001,2026-03-06,completed,430.39,1
O0005146,E0005146,C0357,P060,2026-03-06,returned,48.83,1
O0005147,E0005147,C0389,P022,2026-03-06,completed,349.4,1
O0005148,E0005148,C0527,P067,2026-03-06,completed,32.18,1
O0005149,E0005149,C0134,P035,2026-03-06,completed,249.21,1
O0005150,E0005150,C0008,P065,2026-03-06,completed,132.89,1
O0005151,E0005151,C0253,P064,2026-03-06,completed,32.33,1
O0005152,E0005152,C0478,P074,2026-03-06,completed,186.09,1
O0005153,E0005153,C0217,P043,2026-03-06,completed,91.34,1
O0005154,E0005154,C0150,P063,2026-03-06,completed,480.55,1
O0005155,E0005155,C0525,P047,2026-03-06,completed,1060.47,1
O0005156,E0005156,C0590,P014,2026-03-06,completed,41.72,1
O0005157,E0005157,C0005,P051,2026-03-06,completed,31.28,1
O0005158,E0005158,C0284,P031,2026-03-06,completed,589.6,1
O0005159,E0005159,C0318,P060,2026-03-06,completed,199.62,1
O0005160,E0005160,C0596,P015,2026-03-06,completed,236.11,1
O0005161,E0005161,C0292,P022,2026-03-06,completed,384.18,1
O0005162,E0005162,C0582,P030,2026-03-06,completed,586.29,1
O0005163,E0005163,C0256,P051,2026-03-06,completed,135.8,1
O0005164,E0005164,C0582,P075,2026-03-06,completed,575.85,1
O0005165,E0005165,C0373,P007,2026-03-06,completed,659.22,1
O0005166,E0005166,C0338,P041,2026-03-06,completed,518.41,1
O0005167,E0005167,C0224,P071,2026-03-06,completed,564.4,1
O0005168,E0005168,C0059,P005,2026-03-06,completed,73.28,1
O0005169,E0005169,C0398,P013,2026-03-06,completed,1096.84,1
O0005170,E0005170,C0504,P025,2026-03-06,completed,138.21,1
O0005171,E0005171,C0196,P069,2026-03-06,completed,51.88,1
O0005172,E0005172,C0419,P065,2026-03-06,completed,86.65,1
O0005173,E0005173,C0045,P076,2026-03-06,completed,187.84,1
O0005174,E0005174,C0403,P024,2026-03-06,completed,47.42,1
O0005175,E0005175,C0122,P026,2026-03-06,completed,572.59,1
O0005176,E0005176,C0193,P080,2026-03-06,completed,38.35,1
O0005177,E0005177,C0300,P017,2026-03-06,completed,198.79,1
O0005178,E0005178,C0366,P079,2026-03-06,completed,252.76,1
O0005179,E0005179,C0153,P048,2026-03-06,completed,155.65,1
O0005180,E0005180,C0200,P006,2026-03-06,completed,231.94,1
O0005181,E0005181,C0578,P040,2026-03-06,completed,60.42,1
O0005182,E0005182,C0111,P061,2026-03-06,completed,370.76,1
O0005183,E0005183,C0152,P073,2026-03-06,completed,156.29,1
O0005184,E0005184,C0415,P002,2026-03-06,completed,428.42,1
O0005185,E0005185,C0028,P020,2026-03-06,completed,104.79,1
O0005186,E0005186,C0255,P050,2026-03-06,completed,236.38,1
O0005187,E0005187,C0349,P001,2026-03-06,returned,329.91,1
O0005188,E0005188,C0341,P043,2026-03-06,completed,92.57,1
O0005189,E0005189,C0222,P001,2026-03-06,completed,349.14,1
O0005190,E0005190,C0591,P018,2026-03-06,completed,438.57,1
O0005191,E0005191,C0037,P077,2026-03-06,completed,1019.75,1
O0005192,E0005192,C0410,P067,2026-03-06,completed,76.12,1
O0005193,E0005193,C0435,P049,2026-03-06,completed,110.37,1
O0005194,E0005194,C0154,P073,2026-03-06,completed,351.43,1
O0005195,E0005195,C0411,P073,2026-03-06,completed,175.85,1
O0005196,E0005196,C0025,P059,2026-03-06,completed,65.53,1
O0005197,E0005197,C0040,P009,2026-03-06,cancelled,440.67,1
O0005198,E0005198,C0034,P027,2026-03-06,completed,469.46,1
O0005199,E0005199,C0392,P056,2026-03-06,completed,251.64,1
O0005200,E0005200,C0237,P010,2026-03-07,completed,407.14,1
O0005201,E0005201,C0151,P010,2026-03-07,completed,798.13,1
O0005202,E0005202,C0088,P001,2026-03-07,completed,407.56,1
O0005203,E0005203,C0573,P023,2026-03-07,returned,65.06,1
O0005204,E0005204,C0287,P019,2026-03-07,completed,642.25,1
O0005205,E0005205,C0503,P059,2026-03-07,completed,57.38,1
O0005206,E0005206,C0561,P070,2026-03-07,completed,132.97,1
O0005207,E0005207,C0531,P019,2026-03-07,completed,256.43,1
O0005208,E0005208,C0432,P004,2026-03-07,cancelled,529.34,1
O0005209,E0005209,C0430,P071,2026-03-07,completed,686.01,1
O0005210,E0005210,C0503,P065,2026-03-07,completed,139.79,1
O0005211,E0005211,C0437,P002,2026-03-07,completed,112.16,1
O0005212,E0005212,C0351,P034,2026-03-07,completed,635.58,1
O0005213,E0005213,C0257,P047,2026-03-07,completed,851.43,1
O0005214,E0005214,C0453,P064,2026-03-07,completed,27.65,1
O0005215,E0005215,C0470,P078,2026-03-07,completed,705.11,1
O0005216,E0005216,C0157,P007,2026-03-07,cancelled,505.7,1
O0005217,E0005217,C0525,P040,2026-03-07,completed,33.81,1
O0005218,E0005218,C0387,P019,2026-03-07,returned,163.01,1
O0005219,E0005219,C0505,P016,2026-03-07,completed,333.59,1
O0005220,E0005220,C0408,P067,2026-03-07,returned,106.66,1
O0005221,E0005221,C0388,P066,2026-03-07,completed,778.84,1
O0005222,E0005222,C0066,P061,2026-03-07,cancelled,705.44,1
O0005223,E0005223,C0179,P060,2026-03-07,completed,53.29,1
O0005224,E0005224,C0383,P034,2026-03-07,completed,421.88,1
O0005225,E0005225,C0087,P035,2026-03-07,completed,218.74,1
O0005226,E0005226,C0570,P078,2026-03-07,completed,610.13,1
O0005227,E0005227,C0483,P067,2026-03-07,completed,41.1,1
O0005228,E0005228,C0106,P066,2026-03-07,completed,985.2,1
O0005229,E0005229,C0057,P022,2026-03-07,completed,152.21,1
O0005230,E0005230,C0562,P037,2026-03-07,completed,719.94,1
O0005231,E0005231,C0156,P048,2026-03-07,completed,666.28,1
O0005232,E0005232,C0069,P038,2026-03-07,completed,747.22,1
O0005233,E0005233,C0053,P005,2026-03-07,returned,31.18,1
O0005234,E0005234,C0029,P061,2026-03-07,completed,554.53,1
O0005235,E0005235,C0296,P023,2026-03-07,completed,195.87,1
O0005236,E0005236,C0180,P061,2026-03-07,completed,509.88,1
O0005237,E0005237,C0374,P011,2026-03-07,completed,162.48,1
O0005238,E0005238,C0342,P080,2026-03-07,completed,170.56,1
O0005239,E0005239,C0317,P030,2026-03-07,completed,770.56,1
O0005240,E0005240,C0170,P022,2026-03-07,completed,438.34,1
O0005241,E0005241,C0217,P037,2026-03-07,completed,556.91,1
O0005242,E0005242,C0096,P038,2026-03-07,completed,787.49,1
O0005243,E0005243,C0455,P025,2026-03-07,completed,429.14,1
O0005244,E0005244,C0389,P055,2026-03-07,completed,552.99,1
O0005245,E0005245,C0543,P015,2026-03-07,completed,89.36,1
O0005246,E0005246,C0309,P044,2026-03-07,completed,385.06,1
O0005247,E0005247,C0529,P006,2026-03-07,completed,950.2,1
O0005248,E0005248,C0528,P011,2026-03-07,completed,39.09,1
O0005249,E0005249,C0176,P028,2026-03-07,cancelled,267.38,1
O0005250,E0005250,C0339,P006,2026-03-07,completed,687.16,1
O0005251,E0005251,C0188,P073,2026-03-07,completed,298.26,1
O0005252,E0005252,C0112,P048,2026-03-07,completed,582.39,1
O0005253,E0005253,C0073,P015,2026-03-07,completed,274.7,1
O0005254,E0005254,C0228,P033,2026-03-07,completed,524.04,1
O0005255,E0005255,C0121,P022,2026-03-07,completed,576.7,1
O0005256,E0005256,C0282,P027,2026-03-07,completed,389.83,1
O0005257,E0005257,C0152,P069,2026-03-07,completed,56.0,1
O0005258,E0005258,C0138,P054,2026-03-07,completed,608.7,1
O0005259,E0005259,C0589,P043,2026-03-07,completed,68.56,1
O0005260,E0005260,C0145,P062,2026-03-07,returned,36.7,1
O0005261,E0005261,C0458,P037,2026-03-07,completed,673.26,1
O0005262,E0005262,C0467,P050,2026-03-07,completed,138.72,1
O0005263,E0005263,C0185,P062,2026-03-07,completed,171.84,1
O0005264,E0005264,C0345,P034,2026-03-07,completed,760.95,1
O0005265,E0005265,C0186,P007,2026-03-07,completed,290.93,1
O0005266,E0005266,C0555,P058,2026-03-07,completed,1040.45,1
O0005267,E0005267,C0338,P060,2026-03-07,returned,172.16,1
O0005268,E0005268,C0242,P034,2026-03-07,returned,217.68,1
O0005269,E0005269,C0596,P001,2026-03-07,completed,246.32,1
O0005270,E0005270,C0337,P028,2026-03-07,completed,69.43,1
O0005271,E0005271,C0596,P056,2026-03-07,completed,207.65,1
O0005272,E0005272,C0114,P033,2026-03-07,completed,159.76,1
O0005273,E0005273,C0491,P036,2026-03-07,completed,555.73,1
O0005274,E0005274,C0417,P032,2026-03-07,completed,785.91,1
O0005275,E0005275,C0140,P009,2026-03-07,cancelled,778.55,1
O0005276,E0005276,C0477,P017,2026-03-07,completed,175.95,1
O0005277,E0005277,C0324,P054,2026-03-07,completed,144.93,1
O0005278,E0005278,C0461,P014,2026-03-07,completed,30.63,1
O0005279,E0005279,C0181,P039,2026-03-07,completed,106.95,1
O0005280,E0005280,C0292,P063,2026-03-08,completed,260.55,1
O0005281,E0005281,C0065,P059,2026-03-08,returned,38.97,1
O0005282,E0005282,C0504,P014,2026-03-08,completed,14.84,1
O0005283,E0005283,C0405,P024,2026-03-08,completed,20.96,1
O0005284,E0005284,C0523,P010,2026-03-08,completed,841.87,1
O0005285,E0005285,C0334,P066,2026-03-08,completed,791.79,1
O0005286,E0005286,C0565,P038,2026-03-08,completed,554.68,1
O0005287,E0005287,C0536,P067,2026-03-08,completed,56.75,1
O0005288,E0005288,C0280,P070,2026-03-08,completed,212.86,1
O0005289,E0005289,C0180,P076,2026-03-08,returned,238.78,1
O0005290,E0005290,C0460,P065,2026-03-08,returned,207.7,1
O0005291,E0005291,C0226,P005,2026-03-08,completed,23.71,1
O0005292,E0005292,C0094,P022,2026-03-08,completed,630.08,1
O0005293,E0005293,C0213,P022,2026-03-08,completed,129.8,1
O0005294,E0005294,C0130,P056,2026-03-08,returned,643.72,1
O0005295,E0005295,C0140,P057,2026-03-08,returned,896.79,1
O0005296,E0005296,C0483,P070,2026-03-08,completed,154.36,1
O0005297,E0005297,C0250,P068,2026-03-08,completed,148.6,1
O0005298,E0005298,C0575,P001,2026-03-08,completed,559.28,1
O0005299,E0005299,C0417,P035,2026-03-08,completed,184.28,1
O0005300,E0005300,C0378,P069,2026-03-08,completed,65.07,1
O0005301,E0005301,C0133,P032,2026-03-08,completed,445.12,1
O0005302,E0005302,C0058,P058,2026-03-08,completed,246.91,1
O0005303,E0005303,C0224,P043,2026-03-08,completed,153.83,1
O0005304,E0005304,C0175,P017,2026-03-08,completed,348.25,1
O0005305,E0005305,C0320,P045,2026-03-08,completed,250.93,1
O0005306,E0005306,C0340,P021,2026-03-08,completed,239.91,1
O0005307,E0005307,C0593,P044,2026-03-08,completed,228.73,1
O0005308,E0005308,C0301,P058,2026-03-08,returned,275.33,1
O0005309,E0005309,C0369,P014,2026-03-08,completed,22.64,1
O0005310,E0005310,C0410,P075,2026-03-08,completed,648.21,1
O0005311,E0005311,C0390,P059,2026-03-08,completed,59.61,1
O0005312,E0005312,C0442,P002,2026-03-08,completed,426.85,1
O0005313,E0005313,C0167,P030,2026-03-08,completed,219.87,1
O0005314,E0005314,C0449,P070,2026-03-08,completed,254.04,1
O0005315,E0005315,C0245,P002,2026-03-08,completed,225.01,1
O0005316,E0005316,C0164,P079,2026-03-08,completed,443.02,1
O0005317,E0005317,C0212,P036,2026-03-08,completed,525.94,1
O0005318,E0005318,C0251,P011,2026-03-08,completed,82.79,1
O0005319,E0005319,C0094,P066,2026-03-08,completed,743.04,1
O0005320,E0005320,C0435,P049,2026-03-08,completed,117.36,1
O0005321,E0005321,C0040,P080,2026-03-08,completed,51.13,1
O0005322,E0005322,C0212,P003,2026-03-08,returned,403.48,1
O0005323,E0005323,C0470,P036,2026-03-08,completed,627.31,1
O0005324,E0005324,C0524,P017,2026-03-08,completed,391.5,1
O0005325,E0005325,C0375,P059,2026-03-08,completed,76.63,1
O0005326,E0005326,C0362,P056,2026-03-08,completed,597.31,1
O0005327,E0005327,C0377,P044,2026-03-08,completed,376.98,1
O0005328,E0005328,C0138,P044,2026-03-08,completed,510.95,1
O0005329,E0005329,C0294,P011,2026-03-08,completed,102.03,1
O0005330,E0005330,C0321,P010,2026-03-08,completed,503.55,1
O0005331,E0005331,C0543,P047,2026-03-08,completed,1048.1,1
O0005332,E0005332,C0321,P065,2026-03-08,completed,252.16,1
O0005333,E0005333,C0307,P009,2026-03-08,completed,223.35,1
O0005334,E0005334,C0153,P048,2026-03-08,completed,525.21,1
O0005335,E0005335,C0485,P027,2026-03-08,completed,415.05,1
O0005336,E0005336,C0208,P050,2026-03-08,completed,386.47,1
O0005337,E0005337,C0059,P066,2026-03-08,completed,694.69,1
O0005338,E0005338,C0173,P047,2026-03-08,completed,191.24,1
O0005339,E0005339,C0597,P037,2026-03-08,returned,371.57,1
O0005340,E0005340,C0590,P056,2026-03-08,completed,226.66,1
O0005341,E0005341,C0371,P012,2026-03-08,completed,156.4,1
O0005342,E0005342,C0028,P022,2026-03-08,completed,159.79,1
O0005343,E0005343,C0243,P062,2026-03-08,completed,63.43,1
O0005344,E0005344,C0567,P020,2026-03-08,completed,59.99,1
O0005345,E0005345,C0209,P077,2026-03-08,completed,286.83,1
O0005346,E0005346,C0269,P039,2026-03-08,completed,75.05,1
O0005347,E0005347,C0220,P065,2026-03-08,completed,110.94,1
O0005348,E0005348,C0438,P080,2026-03-08,completed,146.38,1
O0005349,E0005349,C0132,P054,2026-03-08,completed,490.66,1
O0005350,E0005350,C0209,P015,2026-03-08,completed,84.86,1
O0005351,E0005351,C0313,P011,2026-03-08,cancelled,88.2,1
O0005352,E0005352,C0570,P005,2026-03-08,completed,30.54,1
O0005353,E0005353,C0310,P068,2026-03-08,completed,653.62,1
O0005354,E0005354,C0590,P047,2026-03-08,completed,178.44,1
O0005355,E0005355,C0197,P076,2026-03-08,completed,126.96,1
O0005356,E0005356,C0097,P051,2026-03-08,cancelled,87.8,1
O0005357,E0005357,C0501,P020,2026-03-08,completed,242.84,1
O0005358,E0005358,C0496,P039,2026-03-08,cancelled,37.23,1
O0005359,E0005359,C0118,P002,2026-03-08,completed,101.21,1
O0005360,E0005360,C0329,P065,2026-03-09,completed,55.63,1
O0005361,E0005361,C0024,P004,2026-03-09,completed,476.8,1
O0005362,E0005362,C0441,P032,2026-03-09,completed,789.39,1
O0005363,E0005363,C0401,P064,2026-03-09,completed,128.91,1
O0005364,E0005364,C0158,P008,2026-03-09,completed,504.54,1
O0005365,E0005365,C0214,P059,2026-03-09,completed,67.03,1
O0005366,E0005366,C0516,P051,2026-03-09,completed,135.94,1
O0005367,E0005367,C0324,P010,2026-03-09,completed,290.74,1
O0005368,E0005368,C0588,P057,2026-03-09,cancelled,490.34,1
O0005369,E0005369,C0409,P049,2026-03-09,completed,154.96,1
O0005370,E0005370,C0413,P060,2026-03-09,completed,173.46,1
O0005371,E0005371,C0252,P077,2026-03-09,completed,1147.91,1
O0005372,E0005372,C0061,P018,2026-03-09,cancelled,661.63,1
O0005373,E0005373,C0028,P064,2026-03-09,completed,29.5,1
O0005374,E0005374,C0573,P064,2026-03-09,completed,21.63,1
O0005375,E0005375,C0032,P026,2026-03-09,completed,377.28,1
O0005376,E0005376,C0301,P052,2026-03-09,completed,864.64,1
O0005377,E0005377,C0250,P070,2026-03-09,completed,139.85,1
O0005378,E0005378,C0191,P043,2026-03-09,completed,116.33,1
O0005379,E0005379,C0383,P068,2026-03-09,completed,289.23,1
O0005380,E0005380,C0217,P044,2026-03-09,completed,111.3,1
O0005381,E0005381,C0220,P015,2026-03-09,returned,91.28,1
O0005382,E0005382,C0439,P040,2026-03-09,completed,28.18,1
O0005383,E0005383,C0201,P070,2026-03-09,completed,235.27,1
O0005384,E0005384,C0545,P073,2026-03-09,completed,248.34,1
O0005385,E0005385,C0450,P005,2026-03-09,completed,79.25,1
O0005386,E0005386,C0530,P067,2026-03-09,completed,98.7,1
O0005387,E0005387,C0237,P062,2026-03-09,returned,127.72,1
O0005388,E0005388,C0469,P012,2026-03-09,completed,135.28,1
O0005389,E0005389,C0410,P045,2026-03-09,returned,906.86,1
O0005390,E0005390,C0526,P016,2026-03-09,completed,219.31,1
O0005391,E0005391,C0379,P015,2026-03-09,completed,67.03,1
O0005392,E0005392,C0389,P023,2026-03-09,completed,181.99,1
O0005393,E0005393,C0105,P009,2026-03-09,completed,207.02,1
O0005394,E0005394,C0078,P050,2026-03-09,returned,383.09,1
O0005395,E0005395,C0341,P067,2026-03-09,completed,32.56,1
O0005396,E0005396,C0265,P044,2026-03-09,completed,319.34,1
O0005397,E0005397,C0238,P051,2026-03-09,completed,104.81,1
O0005398,E0005398,C0204,P058,2026-03-09,completed,199.73,1
O0005399,E0005399,C0581,P035,2026-03-09,completed,628.95,1
O0005400,E0005400,C0008,P053,2026-03-09,completed,156.9,1
O0005401,E0005401,C0156,P012,2026-03-09,completed,344.68,1
O0005402,E0005402,C0483,P020,2026-03-09,cancelled,306.34,1
O0005403,E0005403,C0213,P035,2026-03-09,completed,1001.02,1
O0005404,E0005404,C0595,P068,2026-03-09,completed,147.77,1
O0005405,E0005405,C0265,P058,2026-03-09,completed,509.89,1
O0005406,E0005406,C0034,P078,2026-03-09,completed,552.86,1
O0005407,E0005407,C0020,P015,2026-03-09,completed,216.22,1
O0005408,E0005408,C0194,P036,2026-03-09,completed,581.64,1
O0005409,E0005409,C0177,P061,2026-03-09,completed,708.53,1
O0005410,E0005410,C0128,P063,2026-03-09,returned,374.89,1
O0005411,E0005411,C0397,P024,2026-03-09,completed,58.94,1
O0005412,E0005412,C0488,P074,2026-03-09,completed,72.46,1
O0005413,E0005413,C0173,P046,2026-03-09,completed,393.88,1
O0005414,E0005414,C0458,P001,2026-03-09,cancelled,95.72,1
O0005415,E0005415,C0327,P035,2026-03-09,completed,714.94,1
O0005416,E0005416,C0218,P024,2026-03-09,completed,91.23,1
O0005417,E0005417,C0094,P030,2026-03-09,completed,770.67,1
O0005418,E0005418,C0570,P006,2026-03-09,completed,916.54,1
O0005419,E0005419,C0460,P017,2026-03-09,completed,636.25,1
O0005420,E0005420,C0580,P010,2026-03-09,completed,626.08,1
O0005421,E0005421,C0178,P072,2026-03-09,completed,95.15,1
O0005422,E0005422,C0555,P032,2026-03-09,completed,428.91,1
O0005423,E0005423,C0368,P028,2026-03-09,completed,253.87,1
O0005424,E0005424,C0214,P052,2026-03-09,completed,220.09,1
O0005425,E0005425,C0468,P018,2026-03-09,completed,516.86,1
O0005426,E0005426,C0067,P061,2026-03-09,completed,364.7,1
O0005427,E0005427,C0535,P068,2026-03-09,completed,191.71,1
O0005428,E0005428,C0500,P077,2026-03-09,completed,283.05,1
O0005429,E0005429,C0078,P074,2026-03-09,completed,107.42,1
O0005430,E0005430,C0106,P052,2026-03-09,completed,200.88,1
O0005431,E0005431,C0372,P065,2026-03-09,completed,252.05,1
O0005432,E0005432,C0218,P039,2026-03-09,completed,152.5,1
O0005433,E0005433,C0190,P067,2026-03-09,returned,119.78,1
O0005434,E0005434,C0573,P064,2026-03-09,cancelled,88.04,1
O0005435,E0005435,C0151,P064,2026-03-09,completed,21.51,1
O0005436,E0005436,C0089,P032,2026-03-09,completed,555.01,1
O0005437,E0005437,C0170,P072,2026-03-09,completed,59.39,1
O0005438,E0005438,C0416,P062,2026-03-09,completed,149.33,1
O0005439,E0005439,C0563,P003,2026-03-09,completed,416.53,1
O0005440,E0005440,C0420,P074,2026-03-10,completed,81.62,1
O0005441,E0005441,C0112,P052,2026-03-10,completed,459.17,1
O0005442,E0005442,C0010,P001,2026-03-10,completed,399.76,1
O0005443,E0005443,C0252,P076,2026-03-10,completed,58.74,1
O0005444,E0005444,C0446,P067,2026-03-10,completed,138.46,1
O0005445,E0005445,C0585,P075,2026-03-10,completed,149.01,1
O0005446,E0005446,C0446,P066,2026-03-10,completed,454.1,1
O0005447,E0005447,C0420,P039,2026-03-10,completed,79.37,1
O0005448,E0005448,C0349,P008,2026-03-10,completed,576.51,1
O0005449,E0005449,C0370,P041,2026-03-10,completed,446.73,1
O0005450,E0005450,C0515,P036,2026-03-10,completed,382.55,1
O0005451,E0005451,C0592,P058,2026-03-10,cancelled,800.82,1
O0005452,E0005452,C0315,P001,2026-03-10,completed,267.93,1
O0005453,E0005453,C0184,P017,2026-03-10,completed,636.26,1
O0005454,E0005454,C0129,P079,2026-03-10,cancelled,282.09,1
O0005455,E0005455,C0176,P050,2026-03-10,completed,292.44,1
O0005456,E0005456,C0034,P048,2026-03-10,cancelled,138.5,1
O0005457,E0005457,C0233,P034,2026-03-10,completed,607.96,1
O0005458,E0005458,C0279,P012,2026-03-10,completed,262.87,1
O0005459,E0005459,C0351,P052,2026-03-10,completed,399.0,1
O0005460,E0005460,C0064,P072,2026-03-10,completed,32.55,1
O0005461,E0005461,C0418,P046,2026-03-10,completed,749.34,1
O0005462,E0005462,C0223,P027,2026-03-10,completed,361.41,1
O0005463,E0005463,C0164,P017,2026-03-10,completed,969.36,1
O0005464,E0005464,C0510,P067,2026-03-10,completed,56.76,1
O0005465,E0005465,C0105,P023,2026-03-10,completed,185.44,1
O0005466,E0005466,C0008,P030,2026-03-10,completed,220.42,1
O0005467,E0005467,C0035,P075,2026-03-10,completed,613.41,1
O0005468,E0005468,C0202,P058,2026-03-10,completed,384.8,1
O0005469,E0005469,C0547,P016,2026-03-10,completed,443.55,1
O0005470,E0005470,C0131,P047,2026-03-10,completed,244.92,1
O0005471,E0005471,C0276,P063,2026-03-10,returned,143.83,1
O0005472,E0005472,C0117,P029,2026-03-10,completed,415.48,1
O0005473,E0005473,C0396,P054,2026-03-10,completed,155.22,1
O0005474,E0005474,C0148,P048,2026-03-10,completed,445.61,1
O0005475,E0005475,C0475,P048,2026-03-10,completed,348.07,1
O0005476,E0005476,C0149,P021,2026-03-10,completed,238.23,1
O0005477,E0005477,C0535,P058,2026-03-10,completed,1095.68,1
O0005478,E0005478,C0539,P047,2026-03-10,completed,386.8,1
O0005479,E0005479,C0468,P028,2026-03-10,completed,121.28,1
O0005480,E0005480,C0217,P078,2026-03-10,completed,461.09,1
O0005481,E0005481,C0596,P048,2026-03-10,completed,402.53,1
O0005482,E0005482,C0031,P054,2026-03-10,cancelled,187.05,1
O0005483,E0005483,C0038,P043,2026-03-10,completed,147.07,1
O0005484,E0005484,C0483,P059,2026-03-10,completed,75.8,1
O0005485,E0005485,C0253,P039,2026-03-10,completed,140.36,1
O0005486,E0005486,C0001,P072,2026-03-10,completed,32.06,1
O0005487,E0005487,C0391,P068,2026-03-10,completed,574.12,1
O0005488,E0005488,C0248,P020,2026-03-10,completed,233.56,1
O0005490,E0005490,C0008,P078,2026-03-10,completed,533.93,1
O0005491,E0005491,C0425,P072,2026-03-10,completed,79.65,1
O0005492,E0005492,C0077,P056,2026-03-10,completed,455.11,1
O0005493,E0005493,C0154,P008,2026-03-10,completed,146.08,1
O0005494,E0005494,C0209,P012,2026-03-10,completed,473.28,1
O0005495,E0005495,C0360,P049,2026-03-10,completed,100.21,1
O0005496,E0005496,C0175,P050,2026-03-10,completed,160.82,1
O0005497,E0005497,C0578,P027,2026-03-10,completed,545.3,1
O0005498,E0005498,C0006,P077,2026-03-10,cancelled,908.06,1
O0005499,E0005499,C0310,P013,2026-03-10,completed,184.47,1
O0005500,E0005500,C0453,P067,2026-03-10,completed,37.71,1
O0005501,E0005501,C0572,P020,2026-03-10,completed,227.86,1
O0005502,E0005502,C0527,P074,2026-03-10,completed,299.62,1
O0005503,E0005503,C0496,P079,2026-03-10,completed,195.43,1
O0005504,E0005504,C0203,P008,2026-03-10,completed,177.73,1
O0005505,E0005505,C0573,P013,2026-03-10,returned,639.91,1
O0005506,E0005506,C0279,P002,2026-03-10,completed,261.04,1
O0005507,E0005507,C0506,P056,2026-03-10,cancelled,737.35,1
O0005508,E0005508,C0563,P028,2026-03-10,completed,286.33,1
O0005509,E0005509,C0134,P008,2026-03-10,completed,573.64,1
O0005510,E0005510,C0354,P074,2026-03-10,completed,321.66,1
O0005511,E0005511,C0461,P012,2026-03-10,completed,414.28,1
O0005512,E0005512,C0456,P012,2026-03-10,completed,340.29,1
O0005513,E0005513,C0521,P032,2026-03-10,completed,859.63,1
O0005514,E0005514,C0332,P080,2026-03-10,completed,67.69,1
O0005515,E0005515,C0288,P020,2026-03-10,completed,252.35,1
O0005516,E0005516,C0306,P078,2026-03-10,cancelled,324.85,1
O0005517,E0005517,C0182,P030,2026-03-10,completed,607.88,1
O0005518,E0005518,C0033,P024,2026-03-10,completed,91.7,1
O0005519,E0005519,C0215,P031,2026-03-10,completed,173.78,1
O0005520,E0005520,C0001,P040,2026-03-11,completed,60.32,1
O0005521,E0005521,C0413,P039,2026-03-11,completed,107.32,1
O0005522,E0005522,C0084,P057,2026-03-11,completed,194.1,1
O0005523,E0005523,C0046,P011,2026-03-11,completed,92.25,1
O0005524,E0005524,C0321,P031,2026-03-11,completed,1004.97,1
O0005525,E0005525,C0577,P071,2026-03-11,completed,209.01,1
O0005526,E0005526,C0322,P006,2026-03-11,completed,271.6,1
O0005527,E0005527,C0557,P078,2026-03-11,completed,334.15,1
O0005528,E0005528,C0324,P052,2026-03-11,completed,732.68,1
O0005529,E0005529,C0494,P001,2026-03-11,completed,272.88,1
O0005530,E0005530,C0071,P067,2026-03-11,completed,42.07,1
O0005531,E0005531,C0555,P038,2026-03-11,completed,269.31,1
O0005532,E0005532,C0303,P048,2026-03-11,completed,150.65,1
O0005533,E0005533,C0383,P073,2026-03-11,completed,475.76,1
O0005534,E0005534,C0591,P046,2026-03-11,completed,329.17,1
O0005535,E0005535,C0079,P069,2026-03-11,completed,99.9,1
O0005536,E0005536,C0209,P001,2026-03-11,completed,249.81,1
O0005537,E0005537,C0018,P021,2026-03-11,completed,555.46,1
O0005538,E0005538,C0213,P013,2026-03-11,completed,380.13,1
O0005539,E0005539,C0168,P018,2026-03-11,completed,482.15,1
O0005540,E0005540,C0043,P006,2026-03-11,completed,852.47,1
O0005541,E0005541,C0075,P007,2026-03-11,returned,724.49,1
O0005542,E0005542,C0395,P061,2026-03-11,completed,687.79,1
O0005543,E0005543,C0109,P058,2026-03-11,completed,689.11,1
O0005544,E0005544,C0034,P024,2026-03-11,returned,47.89,1
O0005545,E0005545,C0076,P030,2026-03-11,returned,739.5,1
O0005546,E0005546,C0121,P041,2026-03-11,completed,93.52,1
O0005547,E0005547,C0125,P056,2026-03-11,completed,226.59,1
O0005548,E0005548,C0227,P017,2026-03-11,completed,440.67,1
O0005549,E0005549,C0595,P008,2026-03-11,completed,628.71,1
O0005550,E0005550,C0118,P018,2026-03-11,completed,426.24,1
O0005551,E0005551,C0569,P037,2026-03-11,completed,764.57,1
O0005552,E0005552,C0021,P065,2026-03-11,completed,69.31,1
O0005553,E0005553,C0561,P075,2026-03-11,completed,810.09,1
O0005554,E0005554,C0067,P037,2026-03-11,completed,191.43,1
O0005555,E0005555,C0532,P007,2026-03-11,completed,178.59,1
O0005556,E0005556,C0260,P052,2026-03-11,completed,240.33,1
O0005557,E0005557,C0512,P053,2026-03-11,completed,118.67,1
O0005558,E0005558,C0280,P014,2026-03-11,completed,42.37,1
O0005559,E0005559,C0031,P073,2026-03-11,completed,390.55,1
O0005560,E0005560,C0514,P052,2026-03-11,completed,692.2,1
O0005561,E0005561,C0269,P053,2026-03-11,completed,439.73,1
O0005562,E0005562,C0586,P051,2026-03-11,completed,122.2,1
O0005563,E0005563,C0081,P006,2026-03-11,completed,586.69,1
O0005564,E0005564,C0368,P019,2026-03-11,completed,482.87,1
O0005565,E0005565,C0547,P057,2026-03-11,returned,340.77,1
O0005566,E0005566,C0354,P059,2026-03-11,completed,19.87,1
O0005567,E0005567,C0508,P006,2026-03-11,completed,851.19,1
O0005568,E0005568,C0301,P068,2026-03-11,cancelled,600.95,1
O0005569,E0005569,C0138,P049,2026-03-11,returned,41.16,1
O0005570,E0005570,C0087,P050,2026-03-11,completed,374.9,1
O0005571,E0005571,C0446,P050,2026-03-11,completed,369.06,1
O0005572,E0005572,C0410,P025,2026-03-11,completed,539.37,1
O0005573,E0005573,C0495,P071,2026-03-11,completed,807.8,1
O0005574,E0005574,C0510,P006,2026-03-11,completed,441.58,1
O0005575,E0005575,C0065,P063,2026-03-11,completed,245.41,1
O0005576,E0005576,C0212,P047,2026-03-11,completed,434.77,1
O0005577,E0005577,C0349,P019,2026-03-11,completed,267.71,1
O0005578,E0005578,C0001,P044,2026-03-11,completed,113.23,1
O0005579,E0005579,C0400,P042,2026-03-11,completed,438.91,1
O0005580,E0005580,C0348,P009,2026-03-11,completed,165.79,1
O0005581,E0005581,C0339,P020,2026-03-11,completed,117.23,1
O0005582,E0005582,C0381,P012,2026-03-11,completed,349.46,1
O0005583,E0005583,C0296,P053,2026-03-11,completed,212.31,1
O0005584,E0005584,C0007,P020,2026-03-11,completed,51.73,1
O0005585,E0005585,C0265,P011,2026-03-11,returned,134.94,1
O0005586,E0005586,C0077,P029,2026-03-11,completed,453.02,1
O0005587,E0005587,C0525,P004,2026-03-11,completed,878.87,1
O0005588,E0005588,C0477,P034,2026-03-11,completed,443.01,1
O0005589,E0005589,C0047,P062,2026-03-11,completed,109.89,1
O0005590,E0005590,C0234,P020,2026-03-11,completed,102.74,1
O0005591,E0005591,C0515,P028,2026-03-11,completed,70.8,1
O0005592,E0005592,C0155,P002,2026-03-11,cancelled,533.68,1
O0005593,E0005593,C0532,P040,2026-03-11,completed,64.03,1
O0005594,E0005594,C0341,P079,2026-03-11,completed,314.01,1
O0005595,E0005595,C0131,P065,2026-03-11,completed,206.03,1
O0005596,E0005596,C0201,P028,2026-03-11,completed,106.29,1
O0005597,E0005597,C0303,P064,2026-03-11,completed,68.08,1
O0005598,E0005598,C0120,P024,2026-03-11,completed,57.94,1
O0005599,E0005599,C0567,P060,2026-03-11,cancelled,135.25,1
O0005600,E0005600,C0375,P043,2026-03-12,completed,100.32,1
O0005601,E0005601,C0163,P071,2026-03-12,completed,648.61,1
O0005602,E0005602,C0388,P034,2026-03-12,completed,766.36,1
O0005603,E0005603,C0307,P006,2026-03-12,completed,958.78,1
O0005604,E0005604,C0057,P065,2026-03-12,completed,124.16,1
O0005605,E0005605,C0400,P061,2026-03-12,completed,362.45,1
O0005606,E0005606,C0406,P047,2026-03-12,completed,353.95,1
O0005607,E0005607,C0085,P013,2026-03-12,completed,553.76,1
O0005608,E0005608,C0016,P034,2026-03-12,completed,206.45,1
O0005609,E0005609,C0146,P050,2026-03-12,completed,294.51,1
O0005610,E0005610,C0320,P077,2026-03-12,completed,854.84,1
O0005611,E0005611,C0100,P027,2026-03-12,completed,757.84,1
O0005612,E0005612,C0249,P016,2026-03-12,completed,407.66,1
O0005613,E0005613,C0443,P036,2026-03-12,completed,440.15,1
O0005614,E0005614,C0211,P079,2026-03-12,completed,130.87,1
O0005615,E0005615,C0374,P039,2026-03-12,completed,122.8,1
O0005616,E0005616,C0071,P070,2026-03-12,completed,313.33,1
O0005617,E0005617,C0525,P068,2026-03-12,completed,509.43,1
O0005618,E0005618,C0119,P007,2026-03-12,returned,387.23,1
O0005619,E0005619,C0223,P074,2026-03-12,completed,261.88,1
O0005620,E0005620,C0503,P056,2026-03-12,cancelled,368.53,1
O0005621,E0005621,C0220,P037,2026-03-12,completed,324.76,1
O0005622,E0005622,C0271,P021,2026-03-12,completed,400.31,1
O0005623,E0005623,C0462,P006,2026-03-12,returned,685.42,1
O0005624,E0005624,C0406,P016,2026-03-12,cancelled,483.43,1
O0005625,E0005625,C0262,P060,2026-03-12,completed,246.09,1
O0005626,E0005626,C0362,P059,2026-03-12,completed,79.94,1
O0005627,E0005627,C0143,P002,2026-03-12,completed,569.49,1
O0005628,E0005628,C0552,P071,2026-03-12,completed,312.4,1
O0005629,E0005629,C0551,P016,2026-03-12,completed,1047.31,1
O0005630,E0005630,C0137,P062,2026-03-12,completed,127.44,1
O0005631,E0005631,C0203,P034,2026-03-12,completed,336.18,1
O0005632,E0005632,C0442,P002,2026-03-12,returned,386.74,1
O0005633,E0005633,C0411,P022,2026-03-12,completed,483.51,1
O0005634,E0005634,C0238,P051,2026-03-12,completed,106.28,1
O0005635,E0005635,C0211,P024,2026-03-12,completed,67.81,1
O0005636,E0005636,C0116,P067,2026-03-12,completed,30.59,1
O0005637,E0005637,C0101,P040,2026-03-12,cancelled,57.23,1
O0005638,E0005638,C0241,P034,2026-03-12,completed,604.26,1
O0005639,E0005639,C0315,P072,2026-03-12,completed,28.64,1
O0005640,E0005640,C0086,P029,2026-03-12,completed,117.26,1
O0005641,E0005641,C0566,P053,2026-03-12,completed,313.73,1
O0005642,E0005642,C0253,P048,2026-03-12,completed,141.15,1
O0005643,E0005643,C0420,P074,2026-03-12,completed,209.29,1
O0005644,E0005644,C0410,P051,2026-03-12,completed,158.39,1
O0005645,E0005645,C0582,P055,2026-03-12,completed,431.33,1
O0005646,E0005646,C0317,P047,2026-03-12,completed,420.0,1
O0005647,E0005647,C0226,P063,2026-03-12,completed,425.67,1
O0005648,E0005648,C0184,P072,2026-03-12,completed,88.96,1
O0005649,E0005649,C0502,P063,2026-03-12,completed,116.1,1
O0005650,E0005650,C0097,P052,2026-03-12,completed,249.33,1
O0005651,E0005651,C0539,P011,2026-03-12,completed,91.74,1
O0005652,E0005652,C0258,P040,2026-03-12,completed,74.76,1
O0005653,E0005653,C0090,P080,2026-03-12,completed,34.54,1
O0005654,E0005654,C0257,P068,2026-03-12,cancelled,510.89,1
O0005655,E0005655,C0351,P059,2026-03-12,completed,16.2,1
O0005656,E0005656,C0391,P062,2026-03-12,completed,38.61,1
O0005657,E0005657,C0397,P079,2026-03-12,returned,305.73,1
O0005658,E0005658,C0122,P024,2026-03-12,cancelled,87.65,1
O0005659,E0005659,C0313,P024,2026-03-12,completed,82.66,1
O0005660,E0005660,C0582,P023,2026-03-12,completed,333.1,1
O0005661,E0005661,C0481,P057,2026-03-12,cancelled,714.19,1
O0005662,E0005662,C0161,P047,2026-03-12,completed,472.63,1
O0005663,E0005663,C0316,P063,2026-03-12,completed,334.22,1
O0005664,E0005664,C0211,P080,2026-03-12,completed,210.52,1
O0005665,E0005665,C0435,P024,2026-03-12,completed,24.55,1
O0005666,E0005666,C0065,P044,2026-03-12,completed,489.21,1
O0005667,E0005667,C0356,P068,2026-03-12,completed,330.75,1
O0005668,E0005668,C0218,P049,2026-03-12,cancelled,133.55,1
O0005669,E0005669,C0509,P025,2026-03-12,cancelled,511.39,1
O0005670,E0005670,C0505,P022,2026-03-12,completed,516.59,1
O0005671,E0005671,C0404,P055,2026-03-12,returned,490.64,1
O0005672,E0005672,C0395,P034,2026-03-12,completed,782.95,1
O0005673,E0005673,C0081,P034,2026-03-12,completed,824.88,1
O0005674,E0005674,C0282,P046,2026-03-12,completed,364.11,1
O0005675,E0005675,C0133,P057,2026-03-12,returned,235.02,1
O0005676,E0005676,C0174,P004,2026-03-12,completed,758.24,1
O0005677,E0005677,C0323,P001,2026-03-12,completed,418.27,1
O0005678,E0005678,C0243,P030,2026-03-12,completed,177.25,1
O0005679,E0005679,C0494,P045,2026-03-12,completed,256.79,1
O0005680,E0005680,C0547,P001,2026-03-13,completed,237.69,1
O0005681,E0005681,C0254,P052,2026-03-13,completed,181.33,1
O0005682,E0005682,C0284,P077,2026-03-13,completed,287.88,1
O0005683,E0005683,C0282,P004,2026-03-13,completed,211.63,1
O0005684,E0005684,C0181,P046,2026-03-13,completed,374.69,1
O0005685,E0005685,C0145,P033,2026-03-13,completed,165.3,1
O0005686,E0005686,C0596,P047,2026-03-13,completed,1022.0,1
O0005687,E0005687,C0479,P027,2026-03-13,completed,654.14,1
O0005688,E0005688,C0443,P055,2026-03-13,completed,713.92,1
O0005689,E0005689,C0498,P005,2026-03-13,completed,70.31,1
O0005690,E0005690,C0151,P074,2026-03-13,completed,232.95,1
O0005691,E0005691,C0072,P007,2026-03-13,completed,528.09,1
O0005692,E0005692,C0046,P012,2026-03-13,completed,602.01,1
O0005693,E0005693,C0118,P069,2026-03-13,completed,88.04,1
O0005694,E0005694,C0488,P039,2026-03-13,cancelled,120.31,1
O0005695,E0005695,C0023,P061,2026-03-13,completed,388.94,1
O0005696,E0005696,C0458,P012,2026-03-13,completed,368.68,1
O0005697,E0005697,C0350,P048,2026-03-13,completed,385.52,1
O0005698,E0005698,C0420,P045,2026-03-13,completed,493.3,1
O0005699,E0005699,C0541,P024,2026-03-13,completed,65.63,1
O0005700,E0005700,C0088,P043,2026-03-13,completed,149.53,1
O0005701,E0005701,C0187,P070,2026-03-13,completed,112.08,1
O0005702,E0005702,C0131,P052,2026-03-13,returned,249.01,1
O0005703,E0005703,C0105,P063,2026-03-13,completed,381.25,1
O0005704,E0005704,C0513,P027,2026-03-13,returned,639.49,1
O0005705,E0005705,C0502,P002,2026-03-13,completed,127.35,1
O0005706,E0005706,C0373,P009,2026-03-13,completed,862.11,1
O0005707,E0005707,C0037,P004,2026-03-13,completed,768.8,1
O0005708,E0005708,C0452,P068,2026-03-13,completed,481.19,1
O0005709,E0005709,C0234,P035,2026-03-13,completed,196.84,1
O0005710,E0005710,C0444,P067,2026-03-13,completed,63.56,1
O0005711,E0005711,C0299,P043,2026-03-13,completed,41.3,1
O0005712,E0005712,C0011,P034,2026-03-13,completed,192.17,1
O0005713,E0005713,C0400,P016,2026-03-13,completed,446.97,1
O0005714,E0005714,C0505,P033,2026-03-13,completed,877.37,1
O0005715,E0005715,C0268,P067,2026-03-13,completed,108.5,1
O0005716,E0005716,C0221,P006,2026-03-13,completed,758.49,1
O0005717,E0005717,C0473,P026,2026-03-13,cancelled,266.05,1
O0005718,E0005718,C0159,P048,2026-03-13,completed,555.4,1
O0005719,E0005719,C0163,P080,2026-03-13,completed,102.36,1
O0005720,E0005720,C0391,P005,2026-03-13,returned,126.78,1
O0005721,E0005721,C0252,P029,2026-03-13,completed,277.98,1
O0005722,E0005722,C0031,P052,2026-03-13,completed,519.31,1
O0005723,E0005723,C0282,P077,2026-03-13,completed,578.53,1
O0005724,E0005724,C0168,P008,2026-03-13,completed,365.97,1
O0005725,E0005725,C0221,P016,2026-03-13,completed,799.87,1
O0005726,E0005726,C0300,P072,2026-03-13,cancelled,26.63,1
O0005727,E0005727,C0040,P026,2026-03-13,completed,527.11,1
O0005728,E0005728,C0309,P050,2026-03-13,returned,67.5,1
O0005729,E0005729,C0058,P016,2026-03-13,completed,339.99,1
O0005730,E0005730,C0223,P045,2026-03-13,completed,788.48,1
O0005731,E0005731,C0458,P067,2026-03-13,completed,153.18,1
O0005732,E0005732,C0278,P027,2026-03-13,completed,367.02,1
O0005733,E0005733,C0384,P043,2026-03-13,completed,34.83,1
O0005734,E0005734,C0528,P011,2026-03-13,completed,74.58,1
O0005735,E0005735,C0364,P018,2026-03-13,completed,335.53,1
O0005736,E0005736,C0374,P013,2026-03-13,completed,603.88,1
O0005737,E0005737,C0345,P060,2026-03-13,completed,70.4,1
O0005738,E0005738,C0589,P044,2026-03-13,completed,104.99,1
O0005739,E0005739,C0397,P080,2026-03-13,completed,156.73,1
O0005740,E0005740,C0525,P044,2026-03-13,completed,393.33,1
O0005741,E0005741,C0032,P037,2026-03-13,completed,507.59,1
O0005742,E0005742,C0298,P074,2026-03-13,completed,309.09,1
O0005743,E0005743,C0370,P031,2026-03-13,returned,680.0,1
O0005744,E0005744,C0378,P046,2026-03-13,completed,362.73,1
O0005745,E0005745,C0520,P043,2026-03-13,completed,30.38,1
O0005746,E0005746,C0308,P018,2026-03-13,completed,548.9,1
O0005747,E0005747,C0382,P058,2026-03-13,completed,810.37,1
O0005748,E0005748,C0130,P024,2026-03-13,completed,24.84,1
O0005749,E0005749,C0495,P066,2026-03-13,completed,528.07,1
O0005750,E0005750,C0292,P061,2026-03-13,completed,175.33,1
O0005751,E0005751,C0561,P043,2026-03-13,returned,119.07,1
O0005752,E0005752,C0272,P040,2026-03-13,completed,74.38,1
O0005753,E0005753,C0432,P014,2026-03-13,completed,45.98,1
O0005754,E0005754,C0352,P063,2026-03-13,completed,249.82,1
O0005755,E0005755,C0458,P004,2026-03-13,returned,975.67,1
O0005756,E0005756,C0127,P080,2026-03-13,completed,100.33,1
O0005757,E0005757,C0152,P020,2026-03-13,returned,308.36,1
O0005758,E0005758,C0290,P062,2026-03-13,completed,30.78,1
O0005759,E0005759,C0283,P048,2026-03-13,returned,347.58,1
O0005760,E0005760,C0058,P064,2026-03-14,returned,28.94,1
O0005761,E0005761,C0297,P037,2026-03-14,cancelled,381.42,1
O0005762,E0005762,C0446,P046,2026-03-14,completed,440.05,1
O0005763,E0005763,C0209,P024,2026-03-14,cancelled,40.65,1
O0005764,E0005764,C0425,P062,2026-03-14,completed,167.91,1
O0005765,E0005765,C0008,P007,2026-03-14,completed,533.5,1
O0005766,E0005766,C0301,P075,2026-03-14,completed,190.82,1
O0005767,E0005767,C0483,P011,2026-03-14,completed,105.75,1
O0005768,E0005768,C0598,P042,2026-03-14,completed,468.31,1
O0005769,E0005769,C0249,P029,2026-03-14,completed,125.46,1
O0005770,E0005770,C0026,P009,2026-03-14,completed,586.97,1
O0005771,E0005771,C0081,P005,2026-03-14,completed,68.59,1
O0005772,E0005772,C0166,P014,2026-03-14,completed,15.95,1
O0005773,E0005773,C0244,P037,2026-03-14,completed,434.84,1
O0005774,E0005774,C0044,P028,2026-03-14,returned,227.25,1
O0005775,E0005775,C0532,P001,2026-03-14,completed,554.15,1
O0005776,E0005776,C0291,P009,2026-03-14,completed,642.84,1
O0005777,E0005777,C0443,P067,2026-03-14,completed,153.14,1
O0005778,E0005778,C0009,P032,2026-03-14,completed,412.06,1
O0005779,E0005779,C0302,P030,2026-03-14,completed,437.43,1
O0005780,E0005780,C0423,P052,2026-03-14,completed,421.55,1
O0005781,E0005781,C0171,P036,2026-03-14,completed,323.97,1
O0005782,E0005782,C0453,P064,2026-03-14,completed,52.68,1
O0005783,E0005783,C0455,P042,2026-03-14,completed,628.98,1
O0005784,E0005784,C0398,P039,2026-03-14,completed,104.77,1
O0005785,E0005785,C0394,P058,2026-03-14,completed,611.54,1
O0005786,E0005786,C0256,P079,2026-03-14,completed,552.85,1
O0005787,E0005787,C0148,P042,2026-03-14,completed,421.47,1
O0005788,E0005788,C0598,P079,2026-03-14,completed,782.37,1
O0005789,E0005789,C0275,P002,2026-03-14,completed,563.29,1
O0005790,E0005790,C0125,P076,2026-03-14,completed,72.9,1
O0005791,E0005791,C0249,P069,2026-03-14,completed,41.44,1
O0005792,E0005792,C0191,P018,2026-03-14,completed,385.99,1
O0005793,E0005793,C0572,P007,2026-03-14,completed,541.57,1
O0005794,E0005794,C0209,P035,2026-03-14,completed,217.44,1
O0005795,E0005795,C0508,P053,2026-03-14,completed,274.08,1
O0005796,E0005796,C0336,P032,2026-03-14,completed,615.65,1
O0005797,E0005797,C0461,P050,2026-03-14,completed,293.52,1
O0005798,E0005798,C0472,P052,2026-03-14,completed,687.99,1
O0005799,E0005799,C0346,P050,2026-03-14,completed,188.15,1
O0005800,E0005800,C0435,P017,2026-03-14,returned,853.7,1
O0005801,E0005801,C0230,P033,2026-03-14,returned,644.06,1
O0005802,E0005802,C0445,P060,2026-03-14,completed,179.24,1
O0005803,E0005803,C0044,P025,2026-03-14,returned,406.06,1
O0005804,E0005804,C0454,P038,2026-03-14,completed,1131.33,1
O0005805,E0005805,C0052,P059,2026-03-14,completed,49.09,1
O0005806,E0005806,C0023,P042,2026-03-14,completed,449.53,1
O0005807,E0005807,C0230,P044,2026-03-14,completed,253.09,1
O0005808,E0005808,C0193,P071,2026-03-14,completed,582.25,1
O0005809,E0005809,C0434,P024,2026-03-14,completed,92.64,1
O0005810,E0005810,C0286,P027,2026-03-14,completed,180.48,1
O0005811,E0005811,C0042,P027,2026-03-14,completed,587.38,1
O0005812,E0005812,C0045,P065,2026-03-14,completed,180.05,1
O0005813,E0005813,C0358,P047,2026-03-14,completed,684.7,1
O0005814,E0005814,C0022,P038,2026-03-14,completed,778.79,1
O0005815,E0005815,C0440,P017,2026-03-14,completed,658.98,1
O0005816,E0005816,C0046,P015,2026-03-14,completed,130.25,1
O0005817,E0005817,C0127,P001,2026-03-14,completed,347.79,1
O0005818,E0005818,C0144,P006,2026-03-14,completed,362.16,1
O0005819,E0005819,C0206,P052,2026-03-14,completed,624.83,1
O0005820,E0005820,C0159,P059,2026-03-14,completed,51.71,1
O0005821,E0005821,C0289,P037,2026-03-14,completed,869.09,1
O0005822,E0005822,C0408,P012,2026-03-14,completed,410.77,1
O0005823,E0005823,C0424,P006,2026-03-14,completed,202.16,1
O0005824,E0005824,C0257,P044,2026-03-14,completed,229.63,1
O0005825,E0005825,C0143,P042,2026-03-14,completed,483.65,1
O0005826,E0005826,C0059,P007,2026-03-14,completed,599.89,1
O0005827,E0005827,C0365,P059,2026-03-14,completed,17.13,1
O0005828,E0005828,C0327,P056,2026-03-14,completed,166.49,1
O0005829,E0005829,C0536,P010,2026-03-14,completed,290.64,1
O0005830,E0005830,C0185,P050,2026-03-14,completed,178.32,1
O0005831,E0005831,C0237,P047,2026-03-14,completed,371.34,1
O0005832,E0005832,C0084,P048,2026-03-14,completed,428.82,1
O0005833,E0005833,C0596,P054,2026-03-14,completed,754.31,1
O0005834,E0005834,C0033,P025,2026-03-14,completed,290.27,1
O0005835,E0005835,C0542,P035,2026-03-14,completed,997.97,1
O0005836,E0005836,C0588,P043,2026-03-14,completed,41.19,1
O0005837,E0005837,C0331,P019,2026-03-14,completed,136.04,1
O0005838,E0005838,C0101,P040,2026-03-14,completed,39.15,1
O0005839,E0005839,C0254,P078,2026-03-14,completed,519.67,1
O0005840,E0005840,C0494,P054,2026-03-15,completed,431.5,1
O0005841,E0005841,C0003,P048,2026-03-15,completed,136.32,1
O0005842,E0005842,C0239,P070,2026-03-15,returned,168.1,1
O0005843,E0005843,C0474,P058,2026-03-15,completed,239.83,1
O0005844,E0005844,C0350,P035,2026-03-15,completed,375.32,1
O0005845,E0005845,C0218,P080,2026-03-15,completed,102.56,1
O0005846,E0005846,C0390,P073,2026-03-15,completed,352.03,1
O0005847,E0005847,C0038,P014,2026-03-15,completed,58.34,1
O0005848,E0005848,C0577,P078,2026-03-15,completed,467.54,1
O0005849,E0005849,C0356,P004,2026-03-15,completed,172.08,1
O0005850,E0005850,C0562,P047,2026-03-15,returned,907.41,1
O0005851,E0005851,C0385,P032,2026-03-15,completed,368.78,1
O0005852,E0005852,C0308,P064,2026-03-15,completed,85.47,1
O0005853,E0005853,C0364,P050,2026-03-15,completed,270.85,1
O0005854,E0005854,C0378,P020,2026-03-15,cancelled,115.69,1
O0005855,E0005855,C0378,P003,2026-03-15,completed,1004.16,1
O0005856,E0005856,C0481,P074,2026-03-15,completed,74.18,1
O0005857,E0005857,C0461,P042,2026-03-15,completed,310.33,1
O0005858,E0005858,C0132,P075,2026-03-15,completed,160.09,1
O0005859,E0005859,C0125,P050,2026-03-15,completed,94.2,1
O0005860,E0005860,C0028,P056,2026-03-15,completed,248.75,1
O0005861,E0005861,C0286,P029,2026-03-15,completed,101.69,1
O0005862,E0005862,C0051,P074,2026-03-15,completed,358.48,1
O0005863,E0005863,C0173,P026,2026-03-15,cancelled,870.71,1
O0005864,E0005864,C0477,P004,2026-03-15,completed,1003.09,1
O0005865,E0005865,C0285,P063,2026-03-15,completed,153.98,1
O0005866,E0005866,C0103,P076,2026-03-15,completed,165.75,1
O0005867,E0005867,C0314,P073,2026-03-15,completed,621.02,1
O0005868,E0005868,C0371,P004,2026-03-15,cancelled,632.14,1
O0005869,E0005869,C0153,P073,2026-03-15,completed,357.38,1
O0005870,E0005870,C0210,P046,2026-03-15,completed,188.97,1
O0005871,E0005871,C0290,P052,2026-03-15,completed,1021.96,1
O0005872,E0005872,C0046,P068,2026-03-15,completed,497.2,1
O0005873,E0005873,C0538,P064,2026-03-15,completed,78.65,1
O0005874,E0005874,C0116,P061,2026-03-15,completed,462.63,1
O0005875,E0005875,C0512,P064,2026-03-15,completed,79.6,1
O0005876,E0005876,C0564,P078,2026-03-15,completed,677.22,1
O0005877,E0005877,C0128,P028,2026-03-15,completed,220.56,1
O0005878,E0005878,C0205,P045,2026-03-15,completed,171.17,1
O0005879,E0005879,C0153,P049,2026-03-15,returned,43.39,1
O0005880,E0005880,C0600,P063,2026-03-15,completed,438.08,1
O0005881,E0005881,C0218,P025,2026-03-15,completed,156.08,1
O0005882,E0005882,C0041,P010,2026-03-15,completed,488.07,1
O0005883,E0005883,C0383,P051,2026-03-15,completed,159.81,1
O0005884,E0005884,C0176,P031,2026-03-15,completed,805.44,1
O0005885,E0005885,C0260,P018,2026-03-15,completed,671.86,1
O0005886,E0005886,C0413,P065,2026-03-15,completed,95.78,1
O0005887,E0005887,C0463,P076,2026-03-15,completed,84.6,1
O0005888,E0005888,C0593,P074,2026-03-15,cancelled,199.37,1
O0005889,E0005889,C0344,P011,2026-03-15,completed,147.32,1
O0005890,E0005890,C0450,P002,2026-03-15,completed,361.31,1
O0005891,E0005891,C0495,P008,2026-03-15,completed,821.64,1
O0005892,E0005892,C0129,P073,2026-03-15,completed,131.56,1
O0005893,E0005893,C0359,P039,2026-03-15,completed,72.21,1
O0005894,E0005894,C0507,P065,2026-03-15,returned,134.96,1
O0005895,E0005895,C0162,P005,2026-03-15,completed,100.29,1
O0005896,E0005896,C0390,P080,2026-03-15,completed,67.45,1
O0005897,E0005897,C0191,P048,2026-03-15,completed,592.89,1
O0005898,E0005898,C0417,P079,2026-03-15,completed,139.04,1
O0005899,E0005899,C0534,P049,2026-03-15,returned,51.12,1
O0005900,E0005900,C0234,P041,2026-03-15,completed,330.58,1
O0005901,E0005901,C0062,P075,2026-03-15,completed,170.18,1
O0005902,E0005902,C0486,P009,2026-03-15,completed,677.65,1
O0005903,E0005903,C0118,P080,2026-03-15,completed,77.35,1
O0005904,E0005904,C0518,P001,2026-03-15,completed,118.43,1
O0005905,E0005905,C0220,P079,2026-03-15,completed,191.94,1
O0005906,E0005906,C0216,P076,2026-03-15,completed,221.93,1
O0005907,E0005907,C0104,P040,2026-03-15,completed,19.78,1
O0005908,E0005908,C0307,P042,2026-03-15,completed,226.54,1
O0005909,E0005909,C0294,P048,2026-03-15,completed,680.04,1
O0005910,E0005910,C0332,P021,2026-03-15,completed,416.02,1
O0005911,E0005911,C0127,P054,2026-03-15,cancelled,251.4,1
O0005912,E0005912,C0174,P030,2026-03-15,completed,705.97,1
O0005913,E0005913,C0456,P032,2026-03-15,completed,176.83,1
O0005914,E0005914,C0349,P038,2026-03-15,completed,218.16,1
O0005915,E0005915,C0428,P034,2026-03-15,completed,152.94,1
O0005916,E0005916,C0053,P032,2026-03-15,returned,233.44,1
O0005917,E0005917,C0195,P074,2026-03-15,cancelled,325.89,1
O0005918,E0005918,C0182,P018,2026-03-15,completed,199.37,1
O0005919,E0005919,C0347,P022,2026-03-15,completed,657.06,1
O0005920,E0005920,C0447,P009,2026-03-16,completed,478.3,1
O0005921,E0005921,C0277,P011,2026-03-16,completed,136.68,1
O0005922,E0005922,C0369,P025,2026-03-16,completed,610.29,1
O0005923,E0005923,C0337,P002,2026-03-16,completed,107.96,1
O0005924,E0005924,C0450,P056,2026-03-16,completed,250.17,1
O0005925,E0005925,C0562,P079,2026-03-16,completed,609.12,1
O0005926,E0005926,C0183,P073,2026-03-16,completed,400.53,1
O0005927,E0005927,C0290,P011,2026-03-16,completed,43.94,1
O0005928,E0005928,C0298,P074,2026-03-16,completed,91.75,1
O0005929,E0005929,C0407,P037,2026-03-16,completed,498.53,1
O0005930,E0005930,C0173,P074,2026-03-16,completed,271.91,1
O0005931,E0005931,C0032,P042,2026-03-16,completed,344.83,1
O0005932,E0005932,C0519,P058,2026-03-16,completed,176.08,1
O0005933,E0005933,C0413,P039,2026-03-16,completed,131.37,1
O0005934,E0005934,C0475,P080,2026-03-16,completed,69.05,1
O0005935,E0005935,C0335,P077,2026-03-16,completed,1012.53,1
O0005936,E0005936,C0591,P014,2026-03-16,returned,50.68,1
O0005937,E0005937,C0574,P041,2026-03-16,completed,96.58,1
O0005938,E0005938,C0530,P004,2026-03-16,returned,175.04,1
O0005939,E0005939,C0242,P018,2026-03-16,completed,350.51,1
O0005940,E0005940,C0129,P024,2026-03-16,completed,25.39,1
O0005941,E0005941,C0084,P033,2026-03-16,completed,875.47,1
O0005942,E0005942,C0321,P032,2026-03-16,cancelled,387.12,1
O0005943,E0005943,C0041,P033,2026-03-16,completed,737.12,1
O0005944,E0005944,C0203,P058,2026-03-16,completed,349.35,1
O0005945,E0005945,C0405,P076,2026-03-16,completed,302.35,1
O0005946,E0005946,C0499,P061,2026-03-16,completed,1108.91,1
O0005947,E0005947,C0183,P018,2026-03-16,completed,549.48,1
O0005948,E0005948,C0224,P038,2026-03-16,completed,364.0,1
O0005949,E0005949,C0020,P005,2026-03-16,returned,28.33,1
O0005950,E0005950,C0291,P077,2026-03-16,completed,468.85,1
O0005951,E0005951,C0188,P060,2026-03-16,completed,155.16,1
O0005952,E0005952,C0183,P045,2026-03-16,completed,348.25,1
O0005953,E0005953,C0595,P056,2026-03-16,completed,515.16,1
O0005954,E0005954,C0565,P041,2026-03-16,completed,100.39,1
O0005955,E0005955,C0171,P066,2026-03-16,completed,540.08,1
O0005956,E0005956,C0490,P059,2026-03-16,completed,20.22,1
O0005957,E0005957,C0361,P006,2026-03-16,completed,503.82,1
O0005958,E0005958,C0593,P059,2026-03-16,completed,54.88,1
O0005959,E0005959,C0083,P010,2026-03-16,completed,526.2,1
O0005960,E0005960,C0059,P025,2026-03-16,completed,648.94,1
O0005961,E0005961,C0508,P001,2026-03-16,completed,143.71,1
O0005962,E0005962,C0580,P048,2026-03-16,completed,491.05,1
O0005963,E0005963,C0203,P074,2026-03-16,completed,397.38,1
O0005964,E0005964,C0129,P045,2026-03-16,completed,877.79,1
O0005965,E0005965,C0593,P010,2026-03-16,completed,859.45,1
O0005966,E0005966,C0368,P010,2026-03-16,completed,822.13,1
O0005967,E0005967,C0345,P022,2026-03-16,completed,435.54,1
O0005968,E0005968,C0336,P026,2026-03-16,completed,250.96,1
O0005969,E0005969,C0214,P009,2026-03-16,completed,658.65,1
O0005970,E0005970,C0027,P046,2026-03-16,completed,177.46,1
O0005971,E0005971,C0440,P053,2026-03-16,completed,186.69,1
O0005972,E0005972,C0344,P052,2026-03-16,completed,236.14,1
O0005973,E0005973,C0146,P004,2026-03-16,completed,859.77,1
O0005974,E0005974,C0515,P031,2026-03-16,completed,841.81,1
O0005975,E0005975,C0177,P060,2026-03-16,completed,151.58,1
O0005976,E0005976,C0065,P070,2026-03-16,completed,275.07,1
O0005977,E0005977,C0362,P068,2026-03-16,completed,338.0,1
O0005978,E0005978,C0143,P040,2026-03-16,completed,55.89,1
O0005979,E0005979,C0596,P016,2026-03-16,completed,549.59,1
O0005980,E0005980,C0073,P032,2026-03-16,completed,460.92,1
O0005981,E0005981,C0108,P040,2026-03-16,completed,40.6,1
O0005982,E0005982,C0247,P003,2026-03-16,cancelled,431.43,1
O0005983,E0005983,C0027,P056,2026-03-16,completed,587.19,1
O0005984,E0005984,C0250,P031,2026-03-16,completed,222.05,1
O0005985,E0005985,C0039,P054,2026-03-16,completed,198.93,1
O0005986,E0005986,C0078,P006,2026-03-16,completed,705.95,1
O0005987,E0005987,C0138,P033,2026-03-16,completed,145.95,1
O0005989,E0005989,C0012,P025,2026-03-16,completed,565.8,1
O0005990,E0005990,C0508,P017,2026-03-16,cancelled,539.21,1
O0005991,E0005991,C0107,P028,2026-03-16,completed,106.63,1
O0005992,E0005992,C0302,P053,2026-03-16,completed,118.4,1
O0005993,E0005993,C0114,P051,2026-03-16,completed,91.66,1
O0005994,E0005994,C0585,P016,2026-03-16,completed,816.95,1
O0005995,E0005995,C0131,P018,2026-03-16,completed,370.48,1
O0005996,E0005996,C0134,P030,2026-03-16,completed,746.12,1
O0005997,E0005997,C0536,P011,2026-03-16,completed,42.75,1
O0005998,E0005998,C0568,P077,2026-03-16,returned,967.03,1
O0005999,E0005999,C0380,P059,2026-03-16,completed,82.83,1
O0006000,E0006000,C0132,P009,2026-03-17,completed,201.41,1
O0006001,E0006001,C0468,P028,2026-03-17,completed,94.34,1
O0006002,E0006002,C0040,P021,2026-03-17,completed,306.83,1
O0006003,E0006003,C0514,P047,2026-03-17,completed,577.08,1
O0006004,E0006004,C0229,P066,2026-03-17,completed,729.04,1
O0006005,E0006005,C0511,P015,2026-03-17,completed,89.3,1
O0006006,E0006006,C0254,P052,2026-03-17,completed,235.52,1
O0006007,E0006007,C0523,P014,2026-03-17,completed,55.18,1
O0006008,E0006008,C0245,P080,2026-03-17,completed,133.73,1
O0006009,E0006009,C0314,P051,2026-03-17,completed,92.83,1
O0006010,E0006010,C0084,P025,2026-03-17,completed,739.73,1
O0006011,E0006011,C0234,P073,2026-03-17,completed,452.58,1
O0006012,E0006012,C0144,P041,2026-03-17,completed,137.22,1
O0006013,E0006013,C0202,P060,2026-03-17,cancelled,149.63,1
O0006014,E0006014,C0368,P072,2026-03-17,completed,74.15,1
O0006015,E0006015,C0274,P045,2026-03-17,completed,736.0,1
O0006016,E0006016,C0467,P005,2026-03-17,completed,145.64,1
O0006017,E0006017,C0139,P065,2026-03-17,returned,114.38,1
O0006018,E0006018,C0467,P014,2026-03-17,completed,14.44,1
O0006019,E0006019,C0023,P018,2026-03-17,completed,432.98,1
O0006020,E0006020,C0128,P080,2026-03-17,completed,48.46,1
O0006021,E0006021,C0376,P023,2026-03-17,completed,270.15,1
O0006022,E0006022,C0098,P063,2026-03-17,completed,314.49,1
O0006023,E0006023,C0419,P003,2026-03-17,cancelled,1058.1,1
O0006024,E0006024,C0153,P011,2026-03-17,completed,99.74,1
O0006025,E0006025,C0061,P017,2026-03-17,completed,726.68,1
O0006026,E0006026,C0118,P034,2026-03-17,completed,186.26,1
O0006027,E0006027,C0015,P003,2026-03-17,cancelled,862.13,1
O0006028,E0006028,C0293,P032,2026-03-17,completed,226.68,1
O0006029,E0006029,C0251,P038,2026-03-17,completed,1033.22,1
O0006030,E0006030,C0263,P040,2026-03-17,completed,71.93,1
O0006031,E0006031,C0268,P008,2026-03-17,completed,179.53,1
O0006032,E0006032,C0453,P030,2026-03-17,completed,649.68,1
O0006033,E0006033,C0268,P077,2026-03-17,returned,470.44,1
O0006034,E0006034,C0541,P074,2026-03-17,completed,257.93,1
O0006035,E0006035,C0096,P014,2026-03-17,returned,20.1,1
O0006036,E0006036,C0254,P055,2026-03-17,completed,261.85,1
O0006037,E0006037,C0100,P034,2026-03-17,returned,634.09,1
O0006038,E0006038,C0487,P016,2026-03-17,completed,204.32,1
O0006039,E0006039,C0278,P003,2026-03-17,completed,756.73,1
O0006040,E0006040,C0304,P020,2026-03-17,completed,236.97,1
O0006041,E0006041,C0159,P043,2026-03-17,completed,31.45,1
O0006042,E0006042,C0069,P016,2026-03-17,completed,201.18,1
O0006043,E0006043,C0029,P076,2026-03-17,completed,180.25,1
O0006044,E0006044,C0598,P002,2026-03-17,completed,411.49,1
O0006045,E0006045,C0181,P007,2026-03-17,completed,293.34,1
O0006046,E0006046,C0449,P040,2026-03-17,completed,71.53,1
O0006047,E0006047,C0574,P032,2026-03-17,completed,432.15,1
O0006048,E0006048,C0420,P018,2026-03-17,completed,181.0,1
O0006049,E0006049,C0277,P041,2026-03-17,completed,366.74,1
O0006050,E0006050,C0338,P019,2026-03-17,completed,492.14,1
O0006051,E0006051,C0549,P027,2026-03-17,completed,614.16,1
O0006052,E0006052,C0062,P052,2026-03-17,completed,704.13,1
O0006053,E0006053,C0033,P014,2026-03-17,completed,58.52,1
O0006054,E0006054,C0236,P025,2026-03-17,completed,495.47,1
O0006055,E0006055,C0176,P045,2026-03-17,completed,716.8,1
O0006056,E0006056,C0324,P067,2026-03-17,completed,106.32,1
O0006057,E0006057,C0217,P064,2026-03-17,completed,109.17,1
O0006058,E0006058,C0367,P034,2026-03-17,completed,447.04,1
O0006059,E0006059,C0495,P036,2026-03-17,completed,722.17,1
O0006060,E0006060,C0271,P037,2026-03-17,completed,738.37,1
O0006061,E0006061,C0055,P076,2026-03-17,completed,206.71,1
O0006062,E0006062,C0400,P056,2026-03-17,completed,438.2,1
O0006063,E0006063,C0373,P070,2026-03-17,completed,332.16,1
O0006064,E0006064,C0576,P047,2026-03-17,completed,434.69,1
O0006065,E0006065,C0144,P038,2026-03-17,completed,217.61,1
O0006066,E0006066,C0161,P003,2026-03-17,returned,761.65,1
O0006067,E0006067,C0446,P047,2026-03-17,completed,533.21,1
O0006068,E0006068,C0145,P012,2026-03-17,completed,225.15,1
O0006069,E0006069,C0407,P033,2026-03-17,completed,352.1,1
O0006070,E0006070,C0489,P047,2026-03-17,completed,257.9,1
O0006071,E0006071,C0223,P026,2026-03-17,completed,206.88,1
O0006072,E0006072,C0253,P048,2026-03-17,completed,551.01,1
O0006073,E0006073,C0159,P077,2026-03-17,completed,715.93,1
O0006074,E0006074,C0438,P072,2026-03-17,completed,48.59,1
O0006075,E0006075,C0269,P064,2026-03-17,completed,96.69,1
O0006076,E0006076,C0363,P040,2026-03-17,completed,56.05,1
O0006077,E0006077,C0460,P059,2026-03-17,completed,49.3,1
O0006078,E0006078,C0148,P025,2026-03-17,completed,532.06,1
O0006079,E0006079,C0287,P014,2026-03-17,completed,30.65,1
O0006080,E0006080,C0404,P004,2026-03-18,completed,451.92,1
O0006081,E0006081,C0278,P017,2026-03-18,completed,651.86,1
O0006082,E0006082,C0285,P004,2026-03-18,completed,193.16,1
O0006083,E0006083,C0168,P050,2026-03-18,completed,76.76,1
O0006084,E0006084,C0017,P049,2026-03-18,completed,36.07,1
O0006085,E0006085,C0545,P001,2026-03-18,returned,257.01,1
O0006086,E0006086,C0347,P078,2026-03-18,completed,572.03,1
O0006087,E0006087,C0453,P046,2026-03-18,completed,384.63,1
O0006088,E0006088,C0212,P054,2026-03-18,completed,373.58,1
O0006089,E0006089,C0468,P027,2026-03-18,completed,322.57,1
O0006090,E0006090,C0429,P018,2026-03-18,completed,378.9,1
O0006091,E0006091,C0123,P075,2026-03-18,completed,659.11,1
O0006092,E0006092,C0170,P002,2026-03-18,completed,357.34,1
O0006093,E0006093,C0535,P033,2026-03-18,completed,576.15,1
O0006094,E0006094,C0222,P073,2026-03-18,completed,411.49,1
O0006095,E0006095,C0255,P064,2026-03-18,completed,129.33,1
O0006096,E0006096,C0068,P004,2026-03-18,completed,330.97,1
O0006097,E0006097,C0053,P059,2026-03-18,completed,67.72,1
O0006098,E0006098,C0234,P080,2026-03-18,completed,151.01,1
O0006099,E0006099,C0088,P017,2026-03-18,completed,739.82,1
O0006100,E0006100,C0465,P040,2026-03-18,completed,26.4,1
O0006101,E0006101,C0539,P048,2026-03-18,completed,183.99,1
O0006102,E0006102,C0484,P053,2026-03-18,completed,77.97,1
O0006103,E0006103,C0088,P023,2026-03-18,completed,355.93,1
O0006104,E0006104,C0356,P021,2026-03-18,returned,377.02,1
O0006105,E0006105,C0584,P032,2026-03-18,completed,738.65,1
O0006106,E0006106,C0529,P005,2026-03-18,completed,78.16,1
O0006107,E0006107,C0457,P060,2026-03-18,returned,153.17,1
O0006108,E0006108,C0565,P080,2026-03-18,completed,36.42,1
O0006109,E0006109,C0290,P069,2026-03-18,completed,24.18,1
O0006110,E0006110,C0125,P060,2026-03-18,completed,157.96,1
O0006111,E0006111,C0506,P004,2026-03-18,completed,868.71,1
O0006112,E0006112,C0349,P045,2026-03-18,completed,743.91,1
O0006113,E0006113,C0589,P070,2026-03-18,completed,252.07,1
O0006114,E0006114,C0181,P013,2026-03-18,completed,742.18,1
O0006115,E0006115,C0132,P032,2026-03-18,completed,975.68,1
O0006116,E0006116,C0554,P023,2026-03-18,completed,100.7,1
O0006117,E0006117,C0316,P016,2026-03-18,completed,237.41,1
O0006118,E0006118,C0048,P029,2026-03-18,completed,355.14,1
O0006119,E0006119,C0396,P034,2026-03-18,returned,647.05,1
O0006120,E0006120,C0588,P025,2026-03-18,returned,373.42,1
O0006121,E0006121,C0460,P037,2026-03-18,completed,936.97,1
O0006122,E0006122,C0578,P005,2026-03-18,completed,143.1,1
O0006123,E0006123,C0089,P047,2026-03-18,completed,212.19,1
O0006124,E0006124,C0155,P051,2026-03-18,completed,191.29,1
O0006125,E0006125,C0593,P038,2026-03-18,returned,462.18,1
O0006126,E0006126,C0485,P069,2026-03-18,completed,91.23,1
O0006127,E0006127,C0113,P010,2026-03-18,cancelled,426.19,1
O0006128,E0006128,C0265,P035,2026-03-18,completed,496.09,1
O0006129,E0006129,C0300,P057,2026-03-18,completed,179.0,1
O0006130,E0006130,C0070,P062,2026-03-18,completed,92.51,1
O0006131,E0006131,C0443,P066,2026-03-18,completed,426.1,1
O0006132,E0006132,C0163,P076,2026-03-18,completed,119.54,1
O0006133,E0006133,C0145,P027,2026-03-18,cancelled,204.92,1
O0006134,E0006134,C0159,P050,2026-03-18,returned,100.8,1
O0006135,E0006135,C0469,P032,2026-03-18,completed,709.14,1
O0006136,E0006136,C0377,P065,2026-03-18,completed,52.19,1
O0006137,E0006137,C0390,P019,2026-03-18,completed,509.5,1
O0006138,E0006138,C0342,P001,2026-03-18,completed,132.75,1
O0006139,E0006139,C0211,P063,2026-03-18,completed,117.43,1
O0006140,E0006140,C0416,P026,2026-03-18,returned,388.04,1
O0006141,E0006141,C0549,P025,2026-03-18,completed,716.98,1
O0006142,E0006142,C0452,P079,2026-03-18,returned,678.88,1
O0006143,E0006143,C0046,P004,2026-03-18,completed,985.72,1
O0006144,E0006144,C0246,P064,2026-03-18,completed,76.84,1
O0006145,E0006145,C0082,P057,2026-03-18,completed,474.81,1
O0006146,E0006146,C0202,P063,2026-03-18,cancelled,482.43,1
O0006147,E0006147,C0245,P072,2026-03-18,completed,124.76,1
O0006148,E0006148,C0490,P059,2026-03-18,completed,73.92,1
O0006149,E0006149,C0262,P063,2026-03-18,completed,471.06,1
O0006150,E0006150,C0298,P065,2026-03-18,completed,92.38,1
O0006151,E0006151,C0175,P070,2026-03-18,completed,186.23,1
O0006152,E0006152,C0257,P065,2026-03-18,completed,49.15,1
O0006153,E0006153,C0213,P078,2026-03-18,completed,760.28,1
O0006154,E0006154,C0140,P034,2026-03-18,completed,328.24,1
O0006155,E0006155,C0126,P029,2026-03-18,completed,276.08,1
O0006156,E0006156,C0217,P073,2026-03-18,completed,112.0,1
O0006157,E0006157,C0524,P018,2026-03-18,completed,432.34,1
O0006158,E0006158,C0073,P045,2026-03-18,completed,1050.54,1
O0006159,E0006159,C0400,P035,2026-03-18,completed,1113.49,1
O0006160,E0006160,C0591,P038,2026-03-19,completed,471.74,1
O0006161,E0006161,C0380,P013,2026-03-19,completed,815.48,1
O0006162,E0006162,C0410,P052,2026-03-19,completed,965.69,1
O0006163,E0006163,C0411,P048,2026-03-19,completed,703.0,1
O0006164,E0006164,C0129,P033,2026-03-19,completed,516.31,1
O0006165,E0006165,C0447,P065,2026-03-19,completed,135.02,1
O0006166,E0006166,C0503,P043,2026-03-19,returned,45.52,1
O0006167,E0006167,C0542,P008,2026-03-19,completed,713.09,1
O0006168,E0006168,C0480,P076,2026-03-19,completed,150.76,1
O0006169,E0006169,C0442,P039,2026-03-19,completed,28.15,1
O0006170,E0006170,C0550,P071,2026-03-19,completed,298.15,1
O0006171,E0006171,C0036,P030,2026-03-19,completed,580.61,1
O0006172,E0006172,C0443,P049,2026-03-19,completed,149.36,1
O0006173,E0006173,C0264,P075,2026-03-19,completed,160.28,1
O0006174,E0006174,C0581,P008,2026-03-19,completed,343.98,1
O0006175,E0006175,C0112,P031,2026-03-19,completed,169.28,1
O0006176,E0006176,C0411,P015,2026-03-19,completed,75.49,1
O0006177,E0006177,C0328,P033,2026-03-19,completed,664.32,1
O0006178,E0006178,C0107,P018,2026-03-19,completed,699.66,1
O0006179,E0006179,C0260,P010,2026-03-19,completed,912.09,1
O0006180,E0006180,C0075,P059,2026-03-19,completed,63.52,1
O0006181,E0006181,C0514,P058,2026-03-19,cancelled,528.83,1
O0006182,E0006182,C0435,P012,2026-03-19,completed,521.83,1
O0006183,E0006183,C0556,P080,2026-03-19,completed,101.67,1
O0006184,E0006184,C0257,P074,2026-03-19,completed,412.64,1
O0006185,E0006185,C0397,P060,2026-03-19,completed,224.34,1
O0006186,E0006186,C0443,P006,2026-03-19,completed,246.3,1
O0006187,E0006187,C0482,P034,2026-03-19,completed,701.2,1
O0006188,E0006188,C0141,P022,2026-03-19,completed,440.47,1
O0006189,E0006189,C0469,P068,2026-03-19,completed,730.18,1
O0006190,E0006190,C0093,P056,2026-03-19,completed,234.94,1
O0006191,E0006191,C0079,P001,2026-03-19,completed,575.87,1
O0006192,E0006192,C0131,P008,2026-03-19,completed,623.7,1
O0006193,E0006193,C0163,P002,2026-03-19,completed,566.88,1
O0006194,E0006194,C0078,P017,2026-03-19,completed,703.46,1
O0006195,E0006195,C0176,P006,2026-03-19,completed,1117.6,1
O0006196,E0006196,C0188,P040,2026-03-19,completed,73.94,1
O0006197,E0006197,C0223,P005,2026-03-19,completed,111.42,1
O0006198,E0006198,C0038,P031,2026-03-19,completed,805.99,1
O0006199,E0006199,C0132,P020,2026-03-19,completed,278.37,1
O0006200,E0006200,C0015,P031,2026-03-19,completed,529.94,1
O0006201,E0006201,C0068,P007,2026-03-19,completed,429.69,1
O0006202,E0006202,C0542,P036,2026-03-19,returned,435.26,1
O0006203,E0006203,C0287,P025,2026-03-19,completed,660.35,1
O0006204,E0006204,C0253,P002,2026-03-19,completed,260.43,1
O0006205,E0006205,C0026,P066,2026-03-19,completed,942.17,1
O0006206,E0006206,C0089,P034,2026-03-19,completed,352.03,1
O0006207,E0006207,C0242,P080,2026-03-19,completed,85.72,1
O0006208,E0006208,C0501,P043,2026-03-19,completed,66.6,1
O0006209,E0006209,C0452,P029,2026-03-19,completed,370.91,1
O0006210,E0006210,C0231,P009,2026-03-19,completed,791.64,1
O0006211,E0006211,C0480,P042,2026-03-19,completed,521.54,1
O0006212,E0006212,C0348,P024,2026-03-19,returned,20.15,1
O0006213,E0006213,C0273,P032,2026-03-19,completed,526.18,1
O0006214,E0006214,C0355,P060,2026-03-19,completed,72.11,1
O0006215,E0006215,C0256,P013,2026-03-19,completed,418.16,1
O0006216,E0006216,C0517,P007,2026-03-19,completed,464.85,1
O0006217,E0006217,C0579,P037,2026-03-19,completed,408.02,1
O0006218,E0006218,C0227,P017,2026-03-19,completed,210.26,1
O0006219,E0006219,C0355,P015,2026-03-19,completed,245.51,1
O0006220,E0006220,C0474,P032,2026-03-19,completed,785.65,1
O0006221,E0006221,C0092,P012,2026-03-19,returned,162.11,1
O0006222,E0006222,C0334,P024,2026-03-19,cancelled,65.81,1
O0006223,E0006223,C0195,P012,2026-03-19,completed,469.31,1
O0006224,E0006224,C0258,P033,2026-03-19,returned,515.86,1
O0006225,E0006225,C0096,P021,2026-03-19,completed,629.99,1
O0006226,E0006226,C0058,P019,2026-03-19,completed,168.16,1
O0006227,E0006227,C0408,P020,2026-03-19,completed,296.96,1
O0006228,E0006228,C0520,P065,2026-03-19,completed,47.12,1
O0006229,E0006229,C0109,P058,2026-03-19,returned,821.15,1
O0006230,E0006230,C0224,P078,2026-03-19,returned,493.52,1
O0006231,E0006231,C0434,P002,2026-03-19,completed,91.64,1
O0006232,E0006232,C0488,P018,2026-03-19,completed,832.29,1
O0006233,E0006233,C0565,P058,2026-03-19,returned,604.49,1
O0006234,E0006234,C0474,P016,2026-03-19,completed,670.05,1
O0006235,E0006235,C0222,P004,2026-03-19,completed,771.6,1
O0006236,E0006236,C0424,P024,2026-03-19,completed,72.76,1
O0006237,E0006237,C0343,P068,2026-03-19,completed,181.49,1
O0006238,E0006238,C0321,P053,2026-03-19,completed,371.53,1
O0006239,E0006239,C0528,P027,2026-03-19,completed,222.99,1
O0006240,E0006240,C0406,P014,2026-03-20,completed,86.09,1
O0006241,E0006241,C0594,P050,2026-03-20,completed,282.37,1
O0006242,E0006242,C0225,P042,2026-03-20,completed,223.13,1
O0006243,E0006243,C0279,P041,2026-03-20,completed,477.71,1
O0006244,E0006244,C0189,P033,2026-03-20,completed,292.08,1
O0006245,E0006245,C0362,P017,2026-03-20,completed,667.21,1
O0006246,E0006246,C0465,P076,2026-03-20,completed,175.84,1
O0006247,E0006247,C0280,P017,2026-03-20,completed,190.72,1
O0006248,E0006248,C0059,P037,2026-03-20,completed,399.55,1
O0006249,E0006249,C0226,P080,2026-03-20,completed,33.96,1
O0006250,E0006250,C0125,P063,2026-03-20,completed,283.1,1
O0006251,E0006251,C0319,P080,2026-03-20,completed,80.74,1
O0006252,E0006252,C0034,P025,2026-03-20,completed,449.96,1
O0006253,E0006253,C0027,P040,2026-03-20,completed,59.58,1
O0006254,E0006254,C0203,P056,2026-03-20,completed,687.07,1
O0006255,E0006255,C0302,P007,2026-03-20,returned,309.2,1
O0006256,E0006256,C0052,P064,2026-03-20,completed,29.58,1
O0006257,E0006257,C0402,P065,2026-03-20,completed,203.95,1
O0006258,E0006258,C0005,P078,2026-03-20,completed,793.62,1
O0006259,E0006259,C0518,P073,2026-03-20,completed,501.57,1
O0006260,E0006260,C0344,P046,2026-03-20,returned,368.29,1
O0006261,E0006261,C0585,P024,2026-03-20,completed,44.8,1
O0006262,E0006262,C0216,P024,2026-03-20,completed,43.46,1
O0006263,E0006263,C0500,P019,2026-03-20,completed,332.7,1
O0006264,E0006264,C0485,P039,2026-03-20,completed,79.9,1
O0006265,E0006265,C0260,P035,2026-03-20,completed,392.86,1
O0006266,E0006266,C0408,P033,2026-03-20,returned,887.57,1
O0006267,E0006267,C0396,P006,2026-03-20,completed,850.92,1
O0006268,E0006268,C0173,P070,2026-03-20,completed,257.4,1
O0006269,E0006269,C0174,P071,2026-03-20,completed,846.29,1
O0006270,E0006270,C0252,P033,2026-03-20,completed,222.47,1
O0006271,E0006271,C0332,P080,2026-03-20,completed,174.36,1
O0006272,E0006272,C0575,P012,2026-03-20,completed,128.55,1
O0006273,E0006273,C0558,P030,2026-03-20,completed,175.05,1
O0006274,E0006274,C0275,P070,2026-03-20,completed,129.77,1
O0006275,E0006275,C0506,P054,2026-03-20,completed,375.11,1
O0006276,E0006276,C0094,P078,2026-03-20,cancelled,169.89,1
O0006277,E0006277,C0395,P021,2026-03-20,completed,174.51,1
O0006278,E0006278,C0007,P013,2026-03-20,completed,221.58,1
O0006279,E0006279,C0222,P020,2026-03-20,completed,101.84,1
O0006280,E0006280,C0069,P025,2026-03-20,completed,410.47,1
O0006281,E0006281,C0497,P001,2026-03-20,completed,198.61,1
O0006282,E0006282,C0496,P024,2026-03-20,completed,86.27,1
O0006283,E0006283,C0019,P005,2026-03-20,completed,77.02,1
O0006284,E0006284,C0328,P032,2026-03-20,completed,1041.35,1
O0006285,E0006285,C0108,P074,2026-03-20,completed,67.35,1
O0006286,E0006286,C0475,P075,2026-03-20,completed,213.15,1
O0006287,E0006287,C0302,P044,2026-03-20,completed,281.88,1
O0006288,E0006288,C0523,P040,2026-03-20,completed,29.63,1
O0006289,E0006289,C0292,P062,2026-03-20,completed,128.59,1
O0006290,E0006290,C0477,P064,2026-03-20,completed,28.7,1
O0006291,E0006291,C0012,P008,2026-03-20,returned,734.27,1
O0006292,E0006292,C0261,P062,2026-03-20,completed,43.78,1
O0006293,E0006293,C0559,P006,2026-03-20,completed,252.58,1
O0006294,E0006294,C0184,P026,2026-03-20,completed,239.58,1
O0006295,E0006295,C0026,P027,2026-03-20,completed,171.14,1
O0006296,E0006296,C0078,P077,2026-03-20,returned,610.85,1
O0006297,E0006297,C0192,P030,2026-03-20,completed,666.49,1
O0006298,E0006298,C0168,P058,2026-03-20,completed,209.65,1
O0006299,E0006299,C0298,P029,2026-03-20,completed,386.29,1
O0006300,E0006300,C0396,P068,2026-03-20,cancelled,351.54,1
O0006301,E0006301,C0457,P004,2026-03-20,completed,967.93,1
O0006302,E0006302,C0550,P015,2026-03-20,completed,291.28,1
O0006303,E0006303,C0099,P018,2026-03-20,cancelled,432.43,1
O0006304,E0006304,C0443,P025,2026-03-20,completed,418.63,1
O0006305,E0006305,C0588,P030,2026-03-20,completed,168.96,1
O0006306,E0006306,C0214,P011,2026-03-20,completed,128.87,1
O0006307,E0006307,C0203,P003,2026-03-20,completed,698.77,1
O0006308,E0006308,C0351,P078,2026-03-20,completed,218.12,1
O0006309,E0006309,C0514,P058,2026-03-20,completed,615.9,1
O0006310,E0006310,C0458,P021,2026-03-20,completed,586.64,1
O0006311,E0006311,C0463,P030,2026-03-20,completed,801.4,1
O0006312,E0006312,C0025,P063,2026-03-20,completed,208.55,1
O0006313,E0006313,C0348,P058,2026-03-20,completed,241.21,1
O0006314,E0006314,C0087,P066,2026-03-20,completed,208.19,1
O0006315,E0006315,C0249,P021,2026-03-20,completed,598.65,1
O0006316,E0006316,C0561,P018,2026-03-20,completed,193.39,1
O0006317,E0006317,C0162,P031,2026-03-20,completed,204.4,1
O0006318,E0006318,C0393,P025,2026-03-20,completed,343.68,1
O0006319,E0006319,C0373,P004,2026-03-20,completed,227.81,1
O0006320,E0006320,C0068,P023,2026-03-21,completed,79.07,1
O0006321,E0006321,C0080,P061,2026-03-21,completed,1049.36,1
O0006322,E0006322,C0554,P012,2026-03-21,completed,459.52,1
O0006323,E0006323,C0200,P057,2026-03-21,completed,958.51,1
O0006324,E0006324,C0058,P012,2026-03-21,completed,517.04,1
O0006325,E0006325,C0253,P078,2026-03-21,completed,205.0,1
O0006326,E0006326,C0103,P067,2026-03-21,completed,27.13,1
O0006327,E0006327,C0512,P036,2026-03-21,completed,674.65,1
O0006328,E0006328,C0599,P052,2026-03-21,completed,204.31,1
O0006329,E0006329,C0099,P044,2026-03-21,completed,123.01,1
O0006330,E0006330,C0433,P005,2026-03-21,completed,137.18,1
O0006331,E0006331,C0042,P043,2026-03-21,completed,180.15,1
O0006332,E0006332,C0359,P020,2026-03-21,completed,193.12,1
O0006333,E0006333,C0472,P040,2026-03-21,completed,78.69,1
O0006334,E0006334,C0061,P018,2026-03-21,completed,320.53,1
O0006335,E0006335,C0545,P046,2026-03-21,completed,339.46,1
O0006336,E0006336,C0370,P068,2026-03-21,completed,311.37,1
O0006337,E0006337,C0195,P065,2026-03-21,completed,137.67,1
O0006338,E0006338,C0168,P044,2026-03-21,completed,141.4,1
O0006339,E0006339,C0590,P033,2026-03-21,completed,416.07,1
O0006340,E0006340,C0394,P052,2026-03-21,completed,546.66,1
O0006341,E0006341,C0255,P069,2026-03-21,completed,82.69,1
O0006342,E0006342,C0356,P072,2026-03-21,completed,128.17,1
O0006343,E0006343,C0465,P031,2026-03-21,completed,896.67,1
O0006344,E0006344,C0342,P022,2026-03-21,completed,259.04,1
O0006345,E0006345,C0400,P029,2026-03-21,completed,155.01,1
O0006346,E0006346,C0200,P021,2026-03-21,completed,497.83,1
O0006347,E0006347,C0095,P035,2026-03-21,completed,376.48,1
O0006348,E0006348,C0182,P051,2026-03-21,completed,105.29,1
O0006349,E0006349,C0187,P054,2026-03-21,completed,554.71,1
O0006350,E0006350,C0283,P028,2026-03-21,completed,172.59,1
O0006351,E0006351,C0209,P047,2026-03-21,completed,719.56,1
O0006352,E0006352,C0479,P038,2026-03-21,returned,185.51,1
O0006353,E0006353,C0490,P034,2026-03-21,returned,517.82,1
O0006354,E0006354,C0184,P037,2026-03-21,completed,711.14,1
O0006355,E0006355,C0077,P039,2026-03-21,completed,101.86,1
O0006356,E0006356,C0280,P080,2026-03-21,completed,211.63,1
O0006357,E0006357,C0397,P063,2026-03-21,completed,344.78,1
O0006358,E0006358,C0178,P023,2026-03-21,completed,390.78,1
O0006359,E0006359,C0384,P057,2026-03-21,completed,735.96,1
O0006360,E0006360,C0063,P073,2026-03-21,completed,135.62,1
O0006361,E0006361,C0542,P041,2026-03-21,completed,102.65,1
O0006362,E0006362,C0050,P036,2026-03-21,completed,377.52,1
O0006363,E0006363,C0333,P060,2026-03-21,completed,192.15,1
O0006364,E0006364,C0144,P026,2026-03-21,cancelled,169.13,1
O0006365,E0006365,C0490,P052,2026-03-21,cancelled,506.3,1
O0006366,E0006366,C0073,P050,2026-03-21,returned,74.53,1
O0006367,E0006367,C0399,P035,2026-03-21,completed,708.25,1
O0006368,E0006368,C0249,P004,2026-03-21,completed,1011.58,1
O0006369,E0006369,C0066,P058,2026-03-21,returned,471.28,1
O0006370,E0006370,C0396,P063,2026-03-21,completed,148.56,1
O0006371,E0006371,C0449,P002,2026-03-21,completed,407.76,1
O0006372,E0006372,C0327,P045,2026-03-21,completed,356.01,1
O0006373,E0006373,C0046,P018,2026-03-21,completed,641.56,1
O0006374,E0006374,C0170,P033,2026-03-21,completed,617.9,1
O0006375,E0006375,C0137,P080,2026-03-21,completed,98.11,1
O0006376,E0006376,C0271,P023,2026-03-21,completed,78.68,1
O0006377,E0006377,C0474,P079,2026-03-21,completed,134.58,1
O0006378,E0006378,C0518,P051,2026-03-21,completed,167.44,1
O0006379,E0006379,C0293,P034,2026-03-21,completed,233.47,1
O0006380,E0006380,C0015,P036,2026-03-21,completed,606.21,1
O0006381,E0006381,C0547,P061,2026-03-21,completed,451.31,1
O0006382,E0006382,C0174,P055,2026-03-21,completed,534.68,1
O0006383,E0006383,C0468,P042,2026-03-21,completed,476.97,1
O0006384,E0006384,C0516,P061,2026-03-21,completed,785.16,1
O0006385,E0006385,C0490,P076,2026-03-21,completed,280.45,1
O0006386,E0006386,C0400,P061,2026-03-21,completed,475.33,1
O0006387,E0006387,C0042,P056,2026-03-21,completed,193.49,1
O0006388,E0006388,C0325,P076,2026-03-21,completed,67.71,1
O0006389,E0006389,C0243,P036,2026-03-21,completed,159.59,1
O0006390,E0006390,C0565,P056,2026-03-21,completed,749.09,1
O0006391,E0006391,C0016,P053,2026-03-21,completed,491.26,1
O0006392,E0006392,C0403,P080,2026-03-21,completed,161.12,1
O0006393,E0006393,C0090,P063,2026-03-21,completed,218.13,1
O0006394,E0006394,C0141,P012,2026-03-21,completed,234.38,1
O0006395,E0006395,C0540,P040,2026-03-21,completed,15.04,1
O0006396,E0006396,C0063,P017,2026-03-21,completed,557.64,1
O0006397,E0006397,C0330,P045,2026-03-21,cancelled,459.91,1
O0006398,E0006398,C0251,P048,2026-03-21,completed,400.84,1
O0006399,E0006399,C0039,P059,2026-03-21,completed,76.0,1
O0006400,E0006400,C0331,P058,2026-03-22,completed,646.82,1
O0006401,E0006401,C0159,P029,2026-03-22,completed,465.56,1
O0006402,E0006402,C0430,P010,2026-03-22,completed,862.41,1
O0006403,E0006403,C0333,P076,2026-03-22,completed,239.25,1
O0006404,E0006404,C0281,P022,2026-03-22,completed,360.36,1
O0006405,E0006405,C0509,P055,2026-03-22,completed,489.12,1
O0006406,E0006406,C0146,P075,2026-03-22,cancelled,196.29,1
O0006407,E0006407,C0449,P029,2026-03-22,completed,122.69,1
O0006408,E0006408,C0585,P008,2026-03-22,completed,567.27,1
O0006409,E0006409,C0578,P011,2026-03-22,returned,134.8,1
O0006410,E0006410,C0071,P041,2026-03-22,completed,317.59,1
O0006411,E0006411,C0385,P026,2026-03-22,completed,915.25,1
O0006412,E0006412,C0073,P032,2026-03-22,completed,972.64,1
O0006413,E0006413,C0278,P017,2026-03-22,completed,223.86,1
O0006414,E0006414,C0210,P066,2026-03-22,completed,351.28,1
O0006415,E0006415,C0539,P053,2026-03-22,completed,408.4,1
O0006416,E0006416,C0358,P025,2026-03-22,completed,718.88,1
O0006417,E0006417,C0294,P025,2026-03-22,completed,193.98,1
O0006418,E0006418,C0050,P079,2026-03-22,completed,521.27,1
O0006419,E0006419,C0063,P026,2026-03-22,cancelled,484.2,1
O0006420,E0006420,C0256,P048,2026-03-22,completed,384.96,1
O0006421,E0006421,C0204,P056,2026-03-22,completed,180.39,1
O0006422,E0006422,C0163,P029,2026-03-22,completed,136.05,1
O0006423,E0006423,C0498,P009,2026-03-22,completed,713.77,1
O0006424,E0006424,C0466,P053,2026-03-22,completed,395.21,1
O0006425,E0006425,C0319,P054,2026-03-22,completed,796.44,1
O0006426,E0006426,C0214,P045,2026-03-22,completed,231.08,1
O0006427,E0006427,C0207,P065,2026-03-22,completed,155.14,1
O0006428,E0006428,C0210,P015,2026-03-22,completed,237.15,1
O0006429,E0006429,C0551,P041,2026-03-22,completed,101.23,1
O0006430,E0006430,C0211,P018,2026-03-22,completed,165.55,1
O0006431,E0006431,C0345,P009,2026-03-22,completed,654.29,1
O0006432,E0006432,C0018,P004,2026-03-22,completed,538.79,1
O0006433,E0006433,C0451,P018,2026-03-22,completed,723.37,1
O0006434,E0006434,C0314,P014,2026-03-22,completed,68.65,1
O0006435,E0006435,C0293,P065,2026-03-22,completed,188.48,1
O0006436,E0006436,C0465,P032,2026-03-22,completed,408.15,1
O0006437,E0006437,C0055,P075,2026-03-22,completed,451.86,1
O0006438,E0006438,C0354,P073,2026-03-22,completed,287.35,1
O0006439,E0006439,C0520,P005,2026-03-22,completed,100.77,1
O0006440,E0006440,C0384,P027,2026-03-22,completed,408.49,1
O0006441,E0006441,C0308,P024,2026-03-22,completed,21.38,1
O0006442,E0006442,C0597,P078,2026-03-22,completed,464.73,1
O0006443,E0006443,C0301,P075,2026-03-22,completed,882.89,1
O0006444,E0006444,C0599,P056,2026-03-22,completed,388.88,1
O0006445,E0006445,C0311,P004,2026-03-22,completed,526.84,1
O0006446,E0006446,C0508,P020,2026-03-22,cancelled,295.74,1
O0006447,E0006447,C0071,P047,2026-03-22,completed,217.02,1
O0006448,E0006448,C0047,P076,2026-03-22,completed,226.18,1
O0006449,E0006449,C0434,P039,2026-03-22,completed,81.72,1
O0006450,E0006450,C0132,P019,2026-03-22,completed,181.76,1
O0006451,E0006451,C0079,P065,2026-03-22,completed,133.44,1
O0006452,E0006452,C0248,P062,2026-03-22,returned,111.96,1
O0006453,E0006453,C0101,P055,2026-03-22,completed,512.68,1
O0006454,E0006454,C0090,P039,2026-03-22,completed,67.32,1
O0006455,E0006455,C0500,P035,2026-03-22,completed,421.21,1
O0006456,E0006456,C0129,P037,2026-03-22,completed,455.54,1
O0006457,E0006457,C0093,P072,2026-03-22,completed,86.59,1
O0006458,E0006458,C0356,P007,2026-03-22,completed,185.38,1
O0006459,E0006459,C0427,P060,2026-03-22,completed,228.9,1
O0006460,E0006460,C0045,P054,2026-03-22,completed,604.65,1
O0006461,E0006461,C0257,P031,2026-03-22,completed,976.2,1
O0006462,E0006462,C0123,P002,2026-03-22,completed,413.21,1
O0006463,E0006463,C0213,P053,2026-03-22,completed,240.19,1
O0006464,E0006464,C0268,P043,2026-03-22,completed,64.68,1
O0006465,E0006465,C0405,P048,2026-03-22,returned,480.29,1
O0006466,E0006466,C0440,P052,2026-03-22,completed,351.07,1
O0006467,E0006467,C0572,P073,2026-03-22,completed,484.54,1
O0006468,E0006468,C0585,P050,2026-03-22,completed,335.86,1
O0006469,E0006469,C0088,P065,2026-03-22,completed,138.3,1
O0006470,E0006470,C0507,P055,2026-03-22,returned,230.38,1
O0006471,E0006471,C0185,P007,2026-03-22,completed,270.35,1
O0006472,E0006472,C0257,P045,2026-03-22,completed,971.44,1
O0006473,E0006473,C0289,P031,2026-03-22,completed,718.59,1
O0006474,E0006474,C0500,P076,2026-03-22,returned,85.32,1
O0006475,E0006475,C0585,P027,2026-03-22,cancelled,202.94,1
O0006476,E0006476,C0537,P065,2026-03-22,completed,49.41,1
O0006477,E0006477,C0154,P045,2026-03-22,completed,829.87,1
O0006478,E0006478,C0482,P025,2026-03-22,completed,607.44,1
O0006479,E0006479,C0171,P046,2026-03-22,completed,448.46,1
O0006480,E0006480,C0306,P078,2026-03-23,completed,220.03,1
O0006481,E0006481,C0164,P002,2026-03-23,completed,256.51,1
O0006482,E0006482,C0537,P027,2026-03-23,completed,608.63,1
O0006483,E0006483,C0212,P057,2026-03-23,completed,876.31,1
O0006484,E0006484,C0424,P042,2026-03-23,completed,480.23,1
O0006485,E0006485,C0014,P015,2026-03-23,completed,163.86,1
O0006486,E0006486,C0518,P070,2026-03-23,completed,237.82,1
O0006488,E0006488,C0515,P009,2026-03-23,completed,328.87,1
O0006489,E0006489,C0215,P011,2026-03-23,completed,42.75,1
O0006490,E0006490,C0312,P051,2026-03-23,completed,150.67,1
O0006491,E0006491,C0425,P023,2026-03-23,completed,177.56,1
O0006492,E0006492,C0198,P042,2026-03-23,completed,129.78,1
O0006493,E0006493,C0032,P063,2026-03-23,completed,448.96,1
O0006494,E0006494,C0111,P029,2026-03-23,completed,230.3,1
O0006495,E0006495,C0130,P026,2026-03-23,completed,576.6,1
O0006496,E0006496,C0101,P058,2026-03-23,cancelled,825.55,1
O0006497,E0006497,C0056,P044,2026-03-23,completed,273.19,1
O0006498,E0006498,C0069,P052,2026-03-23,completed,873.02,1
O0006499,E0006499,C0555,P051,2026-03-23,completed,106.89,1
O0006500,E0006500,C0520,P010,2026-03-23,completed,399.61,1
O0006501,E0006501,C0336,P022,2026-03-23,returned,184.18,1
O0006502,E0006502,C0275,P036,2026-03-23,completed,711.28,1
O0006503,E0006503,C0361,P012,2026-03-23,completed,628.08,1
O0006504,E0006504,C0138,P053,2026-03-23,completed,167.24,1
O0006505,E0006505,C0276,P050,2026-03-23,completed,253.52,1
O0006506,E0006506,C0577,P073,2026-03-23,completed,225.28,1
O0006507,E0006507,C0195,P072,2026-03-23,completed,90.3,1
O0006508,E0006508,C0420,P033,2026-03-23,completed,663.11,1
O0006509,E0006509,C0352,P051,2026-03-23,completed,187.12,1
O0006510,E0006510,C0597,P044,2026-03-23,completed,132.7,1
O0006511,E0006511,C0455,P012,2026-03-23,completed,592.94,1
O0006512,E0006512,C0193,P025,2026-03-23,completed,460.54,1
O0006513,E0006513,C0090,P002,2026-03-23,returned,363.21,1
O0006514,E0006514,C0236,P059,2026-03-23,completed,59.37,1
O0006515,E0006515,C0449,P005,2026-03-23,completed,30.07,1
O0006516,E0006516,C0220,P001,2026-03-23,completed,182.27,1
O0006517,E0006517,C0592,P071,2026-03-23,completed,151.41,1
O0006518,E0006518,C0454,P055,2026-03-23,completed,287.62,1
O0006519,E0006519,C0257,P003,2026-03-23,completed,628.88,1
O0006520,E0006520,C0495,P029,2026-03-23,cancelled,499.73,1
O0006521,E0006521,C0356,P059,2026-03-23,completed,21.73,1
O0006522,E0006522,C0418,P042,2026-03-23,completed,260.52,1
O0006523,E0006523,C0207,P062,2026-03-23,completed,127.38,1
O0006524,E0006524,C0350,P032,2026-03-23,completed,203.67,1
O0006525,E0006525,C0247,P055,2026-03-23,returned,623.7,1
O0006526,E0006526,C0547,P007,2026-03-23,completed,633.08,1
O0006527,E0006527,C0140,P008,2026-03-23,completed,155.06,1
O0006528,E0006528,C0324,P023,2026-03-23,completed,195.68,1
O0006529,E0006529,C0578,P064,2026-03-23,completed,32.23,1
O0006530,E0006530,C0301,P067,2026-03-23,completed,26.36,1
O0006531,E0006531,C0014,P016,2026-03-23,completed,916.23,1
O0006532,E0006532,C0036,P004,2026-03-23,completed,223.95,1
O0006533,E0006533,C0402,P027,2026-03-23,completed,656.2,1
O0006534,E0006534,C0250,P030,2026-03-23,completed,664.35,1
O0006535,E0006535,C0568,P052,2026-03-23,completed,185.88,1
O0006536,E0006536,C0590,P036,2026-03-23,completed,447.14,1
O0006537,E0006537,C0206,P064,2026-03-23,completed,23.59,1
O0006538,E0006538,C0180,P045,2026-03-23,completed,790.64,1
O0006539,E0006539,C0202,P009,2026-03-23,completed,247.91,1
O0006540,E0006540,C0592,P046,2026-03-23,completed,185.84,1
O0006541,E0006541,C0322,P022,2026-03-23,completed,277.55,1
O0006542,E0006542,C0234,P058,2026-03-23,completed,249.49,1
O0006543,E0006543,C0429,P018,2026-03-23,completed,765.64,1
O0006544,E0006544,C0170,P050,2026-03-23,completed,256.13,1
O0006545,E0006545,C0207,P068,2026-03-23,completed,144.25,1
O0006546,E0006546,C0564,P040,2026-03-23,completed,57.86,1
O0006547,E0006547,C0022,P069,2026-03-23,completed,44.98,1
O0006548,E0006548,C0583,P013,2026-03-23,completed,452.15,1
O0006549,E0006549,C0009,P027,2026-03-23,completed,852.54,1
O0006550,E0006550,C0005,P050,2026-03-23,completed,143.95,1
O0006551,E0006551,C0565,P016,2026-03-23,completed,198.34,1
O0006552,E0006552,C0080,P016,2026-03-23,completed,251.26,1
O0006553,E0006553,C0460,P061,2026-03-23,completed,718.17,1
O0006554,E0006554,C0035,P058,2026-03-23,completed,468.28,1
O0006555,E0006555,C0328,P030,2026-03-23,completed,670.37,1
O0006556,E0006556,C0244,P057,2026-03-23,completed,374.46,1
O0006557,E0006557,C0501,P002,2026-03-23,completed,359.88,1
O0006558,E0006558,C0273,P062,2026-03-23,completed,84.34,1
O0006559,E0006559,C0332,P077,2026-03-23,completed,1130.63,1
O0006560,E0006560,C0591,P060,2026-03-24,completed,224.34,1
O0006561,E0006561,C0098,P054,2026-03-24,completed,436.28,1
O0006562,E0006562,C0364,P040,2026-03-24,completed,32.71,1
O0006563,E0006563,C0331,P039,2026-03-24,cancelled,61.26,1
O0006564,E0006564,C0116,P054,2026-03-24,completed,198.65,1
O0006565,E0006565,C0115,P067,2026-03-24,completed,27.81,1
O0006566,E0006566,C0557,P056,2026-03-24,completed,374.54,1
O0006567,E0006567,C0431,P045,2026-03-24,completed,644.55,1
O0006568,E0006568,C0545,P005,2026-03-24,completed,95.72,1
O0006569,E0006569,C0070,P078,2026-03-24,completed,386.29,1
O0006570,E0006570,C0182,P075,2026-03-24,completed,184.64,1
O0006571,E0006571,C0255,P063,2026-03-24,completed,164.73,1
O0006572,E0006572,C0208,P039,2026-03-24,completed,160.95,1
O0006573,E0006573,C0251,P031,2026-03-24,completed,494.52,1
O0006574,E0006574,C0329,P080,2026-03-24,cancelled,120.98,1
O0006575,E0006575,C0482,P007,2026-03-24,completed,430.33,1
O0006576,E0006576,C0197,P068,2026-03-24,returned,671.29,1
O0006577,E0006577,C0276,P070,2026-03-24,completed,145.49,1
O0006578,E0006578,C0165,P019,2026-03-24,completed,564.75,1
O0006579,E0006579,C0257,P066,2026-03-24,returned,854.14,1
O0006580,E0006580,C0481,P054,2026-03-24,completed,278.67,1
O0006581,E0006581,C0481,P027,2026-03-24,completed,504.22,1
O0006582,E0006582,C0540,P057,2026-03-24,completed,876.43,1
O0006583,E0006583,C0159,P074,2026-03-24,cancelled,74.56,1
O0006584,E0006584,C0229,P074,2026-03-24,cancelled,140.98,1
O0006585,E0006585,C0190,P066,2026-03-24,completed,693.42,1
O0006586,E0006586,C0514,P031,2026-03-24,completed,193.05,1
O0006587,E0006587,C0326,P036,2026-03-24,completed,327.5,1
O0006588,E0006588,C0268,P068,2026-03-24,returned,188.47,1
O0006589,E0006589,C0231,P001,2026-03-24,completed,409.31,1
O0006590,E0006590,C0442,P026,2026-03-24,returned,365.46,1
O0006591,E0006591,C0316,P025,2026-03-24,completed,161.42,1
O0006592,E0006592,C0369,P075,2026-03-24,completed,779.02,1
O0006593,E0006593,C0143,P013,2026-03-24,completed,1075.93,1
O0006594,E0006594,C0062,P025,2026-03-24,completed,593.89,1
O0006595,E0006595,C0396,P054,2026-03-24,completed,501.39,1
O0006596,E0006596,C0216,P027,2026-03-24,completed,343.32,1
O0006597,E0006597,C0182,P074,2026-03-24,completed,326.55,1
O0006598,E0006598,C0479,P077,2026-03-24,completed,1002.7,1
O0006599,E0006599,C0250,P028,2026-03-24,completed,94.01,1
O0006600,E0006600,C0162,P071,2026-03-24,completed,596.77,1
O0006601,E0006601,C0242,P051,2026-03-24,cancelled,33.17,1
O0006602,E0006602,C0512,P052,2026-03-24,completed,502.71,1
O0006603,E0006603,C0261,P074,2026-03-24,completed,140.98,1
O0006604,E0006604,C0098,P029,2026-03-24,completed,287.9,1
O0006605,E0006605,C0442,P013,2026-03-24,completed,827.51,1
O0006606,E0006606,C0314,P019,2026-03-24,completed,420.45,1
O0006607,E0006607,C0465,P038,2026-03-24,completed,702.85,1
O0006608,E0006608,C0078,P049,2026-03-24,completed,159.97,1
O0006609,E0006609,C0082,P014,2026-03-24,completed,74.52,1
O0006610,E0006610,C0062,P049,2026-03-24,completed,50.77,1
O0006611,E0006611,C0107,P050,2026-03-24,returned,74.05,1
O0006612,E0006612,C0389,P034,2026-03-24,completed,179.05,1
O0006613,E0006613,C0427,P018,2026-03-24,returned,168.02,1
O0006614,E0006614,C0227,P063,2026-03-24,completed,488.9,1
O0006615,E0006615,C0182,P019,2026-03-24,returned,144.93,1
O0006616,E0006616,C0355,P036,2026-03-24,completed,316.02,1
O0006617,E0006617,C0070,P033,2026-03-24,completed,139.71,1
O0006618,E0006618,C0025,P002,2026-03-24,completed,392.34,1
O0006619,E0006619,C0032,P032,2026-03-24,completed,537.51,1
O0006620,E0006620,C0240,P055,2026-03-24,completed,352.92,1
O0006621,E0006621,C0083,P029,2026-03-24,completed,599.88,1
O0006622,E0006622,C0068,P059,2026-03-24,completed,57.41,1
O0006623,E0006623,C0300,P073,2026-03-24,returned,340.42,1
O0006624,E0006624,C0520,P075,2026-03-24,completed,292.5,1
O0006625,E0006625,C0049,P071,2026-03-24,completed,431.61,1
O0006626,E0006626,C0114,P076,2026-03-24,completed,164.49,1
O0006627,E0006627,C0162,P057,2026-03-24,returned,205.17,1
O0006628,E0006628,C0336,P078,2026-03-24,completed,177.74,1
O0006629,E0006629,C0286,P008,2026-03-24,completed,293.87,1
O0006630,E0006630,C0245,P077,2026-03-24,completed,834.22,1
O0006631,E0006631,C0375,P032,2026-03-24,completed,502.16,1
O0006632,E0006632,C0246,P022,2026-03-24,completed,323.76,1
O0006633,E0006633,C0238,P030,2026-03-24,completed,179.41,1
O0006634,E0006634,C0159,P051,2026-03-24,completed,102.77,1
O0006635,E0006635,C0196,P072,2026-03-24,completed,32.24,1
O0006636,E0006636,C0295,P004,2026-03-24,completed,230.11,1
O0006637,E0006637,C0528,P053,2026-03-24,completed,116.44,1
O0006638,E0006638,C0524,P003,2026-03-24,completed,511.37,1
O0006639,E0006639,C0323,P064,2026-03-24,completed,25.07,1
O0006640,E0006640,C0175,P072,2026-03-25,completed,100.25,1
O0006641,E0006641,C0264,P008,2026-03-25,completed,501.54,1
O0006642,E0006642,C0483,P074,2026-03-25,completed,90.12,1
O0006643,E0006643,C0031,P063,2026-03-25,returned,158.41,1
O0006644,E0006644,C0543,P033,2026-03-25,completed,550.53,1
O0006645,E0006645,C0491,P043,2026-03-25,completed,75.35,1
O0006646,E0006646,C0454,P036,2026-03-25,completed,174.65,1
O0006647,E0006647,C0482,P029,2026-03-25,completed,441.18,1
O0006648,E0006648,C0198,P014,2026-03-25,completed,19.04,1
O0006649,E0006649,C0365,P067,2026-03-25,completed,68.37,1
O0006650,E0006650,C0005,P017,2026-03-25,completed,651.93,1
O0006651,E0006651,C0412,P028,2026-03-25,completed,66.2,1
O0006652,E0006652,C0495,P018,2026-03-25,completed,635.68,1
O0006653,E0006653,C0575,P048,2026-03-25,completed,762.5,1
O0006654,E0006654,C0438,P072,2026-03-25,returned,25.14,1
O0006655,E0006655,C0154,P052,2026-03-25,completed,508.84,1
O0006656,E0006656,C0395,P071,2026-03-25,completed,702.89,1
O0006657,E0006657,C0226,P035,2026-03-25,completed,530.67,1
O0006658,E0006658,C0247,P027,2026-03-25,cancelled,611.31,1
O0006659,E0006659,C0043,P047,2026-03-25,completed,951.87,1
O0006660,E0006660,C0243,P069,2026-03-25,cancelled,85.18,1
O0006661,E0006661,C0312,P004,2026-03-25,completed,763.37,1
O0006662,E0006662,C0475,P043,2026-03-25,completed,150.89,1
O0006663,E0006663,C0590,P036,2026-03-25,completed,221.79,1
O0006664,E0006664,C0399,P059,2026-03-25,completed,65.88,1
O0006665,E0006665,C0395,P044,2026-03-25,completed,288.88,1
O0006666,E0006666,C0022,P005,2026-03-25,completed,102.17,1
O0006667,E0006667,C0053,P061,2026-03-25,completed,269.29,1
O0006668,E0006668,C0322,P003,2026-03-25,completed,703.02,1
O0006669,E0006669,C0486,P080,2026-03-25,completed,51.11,1
O0006670,E0006670,C0465,P021,2026-03-25,completed,726.26,1
O0006671,E0006671,C0397,P009,2026-03-25,completed,196.05,1
O0006672,E0006672,C0316,P065,2026-03-25,completed,98.18,1
O0006673,E0006673,C0451,P009,2026-03-25,completed,542.04,1
O0006674,E0006674,C0395,P054,2026-03-25,completed,391.85,1
O0006675,E0006675,C0567,P062,2026-03-25,completed,36.72,1
O0006676,E0006676,C0576,P076,2026-03-25,completed,255.65,1
O0006677,E0006677,C0265,P069,2026-03-25,completed,59.58,1
O0006678,E0006678,C0543,P075,2026-03-25,completed,224.58,1
O0006679,E0006679,C0377,P013,2026-03-25,completed,658.27,1
O0006680,E0006680,C0220,P060,2026-03-25,completed,148.48,1
O0006681,E0006681,C0580,P054,2026-03-25,completed,499.01,1
O0006682,E0006682,C0262,P064,2026-03-25,completed,125.19,1
O0006683,E0006683,C0313,P071,2026-03-25,completed,663.87,1
O0006684,E0006684,C0456,P001,2026-03-25,completed,129.98,1
O0006685,E0006685,C0053,P053,2026-03-25,completed,88.4,1
O0006686,E0006686,C0498,P055,2026-03-25,completed,657.01,1
O0006687,E0006687,C0576,P075,2026-03-25,completed,424.29,1
O0006688,E0006688,C0212,P043,2026-03-25,completed,137.76,1
O0006689,E0006689,C0590,P035,2026-03-25,completed,957.02,1
O0006690,E0006690,C0492,P077,2026-03-25,completed,275.46,1
O0006691,E0006691,C0283,P025,2026-03-25,completed,510.67,1
O0006692,E0006692,C0496,P047,2026-03-25,completed,504.13,1
O0006693,E0006693,C0193,P009,2026-03-25,returned,707.29,1
O0006694,E0006694,C0441,P019,2026-03-25,completed,164.91,1
O0006695,E0006695,C0411,P064,2026-03-25,completed,55.86,1
O0006696,E0006696,C0264,P014,2026-03-25,completed,22.27,1
O0006697,E0006697,C0048,P021,2026-03-25,completed,185.61,1
O0006698,E0006698,C0507,P016,2026-03-25,completed,707.5,1
O0006699,E0006699,C0449,P046,2026-03-25,completed,179.61,1
O0006700,E0006700,C0106,P020,2026-03-25,returned,259.92,1
O0006701,E0006701,C0421,P056,2026-03-25,completed,257.98,1
O0006702,E0006702,C0584,P038,2026-03-25,completed,503.93,1
O0006703,E0006703,C0525,P078,2026-03-25,returned,419.59,1
O0006704,E0006704,C0408,P013,2026-03-25,completed,1043.04,1
O0006705,E0006705,C0357,P022,2026-03-25,completed,300.2,1
O0006706,E0006706,C0589,P032,2026-03-25,cancelled,438.83,1
O0006707,E0006707,C0495,P041,2026-03-25,completed,427.87,1
O0006708,E0006708,C0479,P043,2026-03-25,completed,174.91,1
O0006709,E0006709,C0447,P066,2026-03-25,completed,485.82,1
O0006710,E0006710,C0360,P003,2026-03-25,completed,770.01,1
O0006711,E0006711,C0031,P024,2026-03-25,completed,50.28,1
O0006712,E0006712,C0139,P080,2026-03-25,returned,42.6,1
O0006713,E0006713,C0450,P008,2026-03-25,completed,741.33,1
O0006714,E0006714,C0333,P052,2026-03-25,cancelled,191.33,1
O0006715,E0006715,C0422,P023,2026-03-25,completed,87.89,1
O0006716,E0006716,C0513,P036,2026-03-25,completed,318.12,1
O0006717,E0006717,C0375,P056,2026-03-25,returned,208.92,1
O0006718,E0006718,C0341,P009,2026-03-25,completed,247.96,1
O0006719,E0006719,C0572,P029,2026-03-25,completed,461.82,1
O0006720,E0006720,C0137,P072,2026-03-26,completed,81.15,1
O0006721,E0006721,C0357,P015,2026-03-26,completed,58.57,1
O0006722,E0006722,C0383,P047,2026-03-26,cancelled,334.62,1
O0006723,E0006723,C0297,P072,2026-03-26,completed,86.71,1
O0006724,E0006724,C0178,P017,2026-03-26,completed,742.93,1
O0006725,E0006725,C0253,P041,2026-03-26,completed,483.66,1
O0006726,E0006726,C0343,P056,2026-03-26,completed,401.16,1
O0006727,E0006727,C0372,P045,2026-03-26,completed,705.83,1
O0006728,E0006728,C0343,P075,2026-03-26,completed,673.27,1
O0006729,E0006729,C0274,P009,2026-03-26,completed,343.94,1
O0006730,E0006730,C0068,P033,2026-03-26,completed,167.0,1
O0006731,E0006731,C0276,P064,2026-03-26,completed,45.65,1
O0006732,E0006732,C0328,P012,2026-03-26,completed,154.17,1
O0006733,E0006733,C0131,P056,2026-03-26,completed,374.26,1
O0006734,E0006734,C0523,P034,2026-03-26,returned,219.08,1
O0006735,E0006735,C0172,P001,2026-03-26,completed,118.62,1
O0006736,E0006736,C0045,P057,2026-03-26,completed,618.59,1
O0006737,E0006737,C0253,P072,2026-03-26,completed,106.14,1
O0006738,E0006738,C0140,P039,2026-03-26,completed,38.08,1
O0006739,E0006739,C0009,P052,2026-03-26,completed,422.91,1
O0006740,E0006740,C0338,P002,2026-03-26,completed,90.25,1
O0006741,E0006741,C0198,P066,2026-03-26,completed,186.12,1
O0006742,E0006742,C0567,P037,2026-03-26,completed,160.45,1
O0006743,E0006743,C0386,P015,2026-03-26,completed,267.31,1
O0006744,E0006744,C0039,P029,2026-03-26,completed,566.24,1
O0006745,E0006745,C0100,P024,2026-03-26,cancelled,23.84,1
O0006746,E0006746,C0077,P054,2026-03-26,completed,315.44,1
O0006747,E0006747,C0265,P038,2026-03-26,returned,1123.56,1
O0006748,E0006748,C0580,P065,2026-03-26,completed,184.87,1
O0006749,E0006749,C0274,P025,2026-03-26,completed,597.44,1
O0006750,E0006750,C0599,P066,2026-03-26,completed,770.33,1
O0006751,E0006751,C0005,P042,2026-03-26,completed,673.71,1
O0006752,E0006752,C0266,P075,2026-03-26,completed,167.67,1
O0006753,E0006753,C0508,P056,2026-03-26,completed,777.28,1
O0006754,E0006754,C0525,P016,2026-03-26,completed,826.94,1
O0006755,E0006755,C0059,P013,2026-03-26,completed,637.5,1
O0006756,E0006756,C0298,P031,2026-03-26,returned,903.56,1
O0006757,E0006757,C0148,P013,2026-03-26,completed,879.49,1
O0006758,E0006758,C0131,P073,2026-03-26,returned,248.01,1
O0006759,E0006759,C0566,P029,2026-03-26,completed,491.12,1
O0006760,E0006760,C0424,P063,2026-03-26,completed,219.68,1
O0006761,E0006761,C0502,P028,2026-03-26,completed,181.62,1
O0006762,E0006762,C0331,P042,2026-03-26,completed,118.79,1
O0006763,E0006763,C0531,P065,2026-03-26,completed,49.45,1
O0006764,E0006764,C0145,P048,2026-03-26,completed,548.84,1
O0006765,E0006765,C0177,P061,2026-03-26,completed,211.19,1
O0006766,E0006766,C0183,P056,2026-03-26,completed,399.16,1
O0006767,E0006767,C0447,P077,2026-03-26,completed,782.32,1
O0006768,E0006768,C0085,P021,2026-03-26,completed,293.53,1
O0006769,E0006769,C0126,P023,2026-03-26,completed,217.25,1
O0006770,E0006770,C0348,P027,2026-03-26,completed,571.5,1
O0006771,E0006771,C0165,P061,2026-03-26,completed,261.19,1
O0006772,E0006772,C0510,P018,2026-03-26,returned,580.35,1
O0006773,E0006773,C0019,P004,2026-03-26,completed,667.01,1
O0006774,E0006774,C0466,P050,2026-03-26,completed,253.97,1
O0006775,E0006775,C0253,P047,2026-03-26,completed,584.65,1
O0006776,E0006776,C0127,P010,2026-03-26,completed,412.36,1
O0006777,E0006777,C0480,P068,2026-03-26,completed,678.71,1
O0006778,E0006778,C0499,P074,2026-03-26,completed,413.17,1
O0006779,E0006779,C0053,P033,2026-03-26,completed,387.14,1
O0006780,E0006780,C0002,P013,2026-03-26,completed,833.4,1
O0006781,E0006781,C0572,P030,2026-03-26,completed,704.55,1
O0006782,E0006782,C0481,P051,2026-03-26,completed,127.66,1
O0006783,E0006783,C0193,P061,2026-03-26,completed,507.81,1
O0006784,E0006784,C0133,P037,2026-03-26,completed,379.11,1
O0006785,E0006785,C0489,P034,2026-03-26,completed,916.96,1
O0006786,E0006786,C0348,P024,2026-03-26,completed,74.49,1
O0006787,E0006787,C0192,P022,2026-03-26,cancelled,498.3,1
O0006788,E0006788,C0443,P013,2026-03-26,returned,636.35,1
O0006789,E0006789,C0597,P030,2026-03-26,completed,341.49,1
O0006790,E0006790,C0181,P051,2026-03-26,completed,120.9,1
O0006791,E0006791,C0474,P003,2026-03-26,completed,735.89,1
O0006792,E0006792,C0458,P076,2026-03-26,completed,200.33,1
O0006793,E0006793,C0182,P061,2026-03-26,completed,428.88,1
O0006794,E0006794,C0154,P044,2026-03-26,completed,127.55,1
O0006795,E0006795,C0486,P041,2026-03-26,completed,371.44,1
O0006796,E0006796,C0538,P038,2026-03-26,completed,1134.14,1
O0006797,E0006797,C0221,P009,2026-03-26,completed,913.29,1
O0006798,E0006798,C0588,P054,2026-03-26,completed,263.01,1
O0006799,E0006799,C0600,P080,2026-03-26,completed,146.63,1
O0006800,E0006800,C0178,P009,2026-03-27,completed,836.21,1
O0006801,E0006801,C0472,P043,2026-03-27,cancelled,89.73,1
O0006802,E0006802,C0202,P064,2026-03-27,completed,104.77,1
O0006803,E0006803,C0577,P075,2026-03-27,completed,660.66,1
O0006804,E0006804,C0568,P064,2026-03-27,completed,112.32,1
O0006805,E0006805,C0046,P020,2026-03-27,completed,71.44,1
O0006806,E0006806,C0183,P016,2026-03-27,completed,509.26,1
O0006807,E0006807,C0187,P053,2026-03-27,completed,421.49,1
O0006808,E0006808,C0111,P011,2026-03-27,completed,103.25,1
O0006809,E0006809,C0456,P075,2026-03-27,completed,855.96,1
O0006810,E0006810,C0362,P002,2026-03-27,completed,269.08,1
O0006811,E0006811,C0496,P062,2026-03-27,returned,64.1,1
O0006812,E0006812,C0434,P038,2026-03-27,returned,1018.45,1
O0006813,E0006813,C0046,P017,2026-03-27,completed,460.61,1
O0006814,E0006814,C0340,P015,2026-03-27,completed,156.49,1
O0006815,E0006815,C0211,P024,2026-03-27,completed,74.09,1
O0006816,E0006816,C0383,P031,2026-03-27,completed,1057.83,1
O0006817,E0006817,C0257,P058,2026-03-27,completed,448.18,1
O0006818,E0006818,C0545,P017,2026-03-27,completed,695.69,1
O0006819,E0006819,C0010,P062,2026-03-27,completed,30.94,1
O0006820,E0006820,C0482,P076,2026-03-27,completed,61.27,1
O0006821,E0006821,C0523,P062,2026-03-27,completed,85.13,1
O0006822,E0006822,C0493,P053,2026-03-27,completed,108.42,1
O0006823,E0006823,C0510,P034,2026-03-27,cancelled,737.21,1
O0006824,E0006824,C0471,P035,2026-03-27,completed,261.41,1
O0006825,E0006825,C0434,P022,2026-03-27,completed,539.84,1
O0006826,E0006826,C0158,P032,2026-03-27,completed,512.44,1
O0006827,E0006827,C0148,P026,2026-03-27,completed,803.44,1
O0006828,E0006828,C0502,P047,2026-03-27,completed,848.34,1
O0006829,E0006829,C0057,P041,2026-03-27,completed,114.27,1
O0006830,E0006830,C0473,P064,2026-03-27,completed,88.79,1
O0006831,E0006831,C0188,P050,2026-03-27,completed,90.62,1
O0006832,E0006832,C0415,P049,2026-03-27,completed,94.56,1
O0006833,E0006833,C0452,P031,2026-03-27,completed,452.46,1
O0006834,E0006834,C0598,P051,2026-03-27,completed,35.1,1
O0006835,E0006835,C0411,P009,2026-03-27,completed,942.04,1
O0006836,E0006836,C0149,P003,2026-03-27,completed,818.27,1
O0006837,E0006837,C0399,P016,2026-03-27,completed,172.18,1
O0006838,E0006838,C0308,P008,2026-03-27,completed,165.52,1
O0006839,E0006839,C0201,P065,2026-03-27,completed,145.11,1
O0006840,E0006840,C0426,P061,2026-03-27,completed,559.21,1
O0006841,E0006841,C0325,P021,2026-03-27,completed,324.38,1
O0006842,E0006842,C0343,P070,2026-03-27,completed,67.0,1
O0006843,E0006843,C0486,P039,2026-03-27,completed,35.21,1
O0006844,E0006844,C0099,P024,2026-03-27,completed,100.98,1
O0006845,E0006845,C0010,P038,2026-03-27,completed,785.03,1
O0006846,E0006846,C0218,P017,2026-03-27,completed,173.77,1
O0006847,E0006847,C0431,P051,2026-03-27,completed,101.91,1
O0006848,E0006848,C0078,P021,2026-03-27,completed,444.67,1
O0006849,E0006849,C0539,P064,2026-03-27,completed,29.65,1
O0006850,E0006850,C0362,P023,2026-03-27,completed,88.63,1
O0006851,E0006851,C0345,P053,2026-03-27,completed,298.58,1
O0006852,E0006852,C0371,P077,2026-03-27,completed,612.65,1
O0006853,E0006853,C0027,P017,2026-03-27,completed,735.19,1
O0006854,E0006854,C0152,P056,2026-03-27,completed,481.27,1
O0006855,E0006855,C0366,P023,2026-03-27,completed,144.22,1
O0006856,E0006856,C0107,P070,2026-03-27,completed,276.51,1
O0006857,E0006857,C0308,P025,2026-03-27,completed,847.56,1
O0006858,E0006858,C0273,P021,2026-03-27,completed,658.99,1
O0006859,E0006859,C0155,P036,2026-03-27,completed,669.72,1
O0006860,E0006860,C0564,P067,2026-03-27,completed,38.32,1
O0006861,E0006861,C0324,P007,2026-03-27,completed,494.68,1
O0006862,E0006862,C0347,P040,2026-03-27,completed,20.21,1
O0006863,E0006863,C0112,P015,2026-03-27,completed,68.82,1
O0006864,E0006864,C0499,P072,2026-03-27,returned,119.07,1
O0006865,E0006865,C0446,P063,2026-03-27,completed,481.77,1
O0006866,E0006866,C0386,P076,2026-03-27,completed,307.76,1
O0006867,E0006867,C0249,P050,2026-03-27,completed,222.09,1
O0006868,E0006868,C0284,P029,2026-03-27,completed,610.13,1
O0006869,E0006869,C0592,P074,2026-03-27,completed,304.75,1
O0006870,E0006870,C0175,P019,2026-03-27,completed,702.31,1
O0006871,E0006871,C0186,P015,2026-03-27,completed,60.13,1
O0006872,E0006872,C0251,P063,2026-03-27,completed,555.75,1
O0006873,E0006873,C0297,P041,2026-03-27,completed,140.88,1
O0006874,E0006874,C0134,P041,2026-03-27,returned,354.61,1
O0006875,E0006875,C0168,P054,2026-03-27,completed,649.47,1
O0006876,E0006876,C0462,P010,2026-03-27,completed,1152.71,1
O0006877,E0006877,C0595,P053,2026-03-27,completed,312.7,1
O0006878,E0006878,C0497,P078,2026-03-27,completed,561.76,1
O0006879,E0006879,C0542,P030,2026-03-27,completed,748.94,1
O0006880,E0006880,C0371,P045,2026-03-28,completed,751.6,1
O0006881,E0006881,C0269,P015,2026-03-28,completed,257.4,1
O0006882,E0006882,C0249,P077,2026-03-28,returned,747.98,1
O0006883,E0006883,C0489,P073,2026-03-28,completed,402.53,1
O0006884,E0006884,C0082,P062,2026-03-28,completed,69.7,1
O0006885,E0006885,C0379,P029,2026-03-28,completed,534.68,1
O0006886,E0006886,C0562,P010,2026-03-28,completed,284.59,1
O0006887,E0006887,C0505,P073,2026-03-28,completed,429.2,1
O0006888,E0006888,C0042,P069,2026-03-28,completed,43.36,1
O0006889,E0006889,C0328,P004,2026-03-28,returned,197.92,1
O0006890,E0006890,C0330,P045,2026-03-28,completed,850.41,1
O0006891,E0006891,C0586,P047,2026-03-28,completed,199.49,1
O0006892,E0006892,C0129,P036,2026-03-28,completed,622.9,1
O0006893,E0006893,C0253,P061,2026-03-28,completed,375.79,1
O0006894,E0006894,C0243,P008,2026-03-28,completed,568.08,1
O0006895,E0006895,C0484,P048,2026-03-28,returned,409.23,1
O0006896,E0006896,C0161,P075,2026-03-28,completed,590.14,1
O0006897,E0006897,C0001,P024,2026-03-28,completed,69.24,1
O0006898,E0006898,C0482,P063,2026-03-28,completed,457.92,1
O0006899,E0006899,C0195,P071,2026-03-28,completed,832.95,1
O0006900,E0006900,C0467,P055,2026-03-28,completed,605.69,1
O0006901,E0006901,C0448,P075,2026-03-28,completed,383.91,1
O0006902,E0006902,C0516,P050,2026-03-28,completed,338.3,1
O0006903,E0006903,C0300,P042,2026-03-28,returned,177.21,1
O0006904,E0006904,C0410,P047,2026-03-28,completed,423.8,1
O0006905,E0006905,C0084,P079,2026-03-28,returned,179.42,1
O0006906,E0006906,C0415,P057,2026-03-28,completed,441.16,1
O0006907,E0006907,C0396,P019,2026-03-28,completed,377.2,1
O0006908,E0006908,C0360,P003,2026-03-28,completed,195.49,1
O0006909,E0006909,C0209,P064,2026-03-28,completed,79.97,1
O0006910,E0006910,C0169,P071,2026-03-28,completed,924.48,1
O0006911,E0006911,C0036,P041,2026-03-28,completed,509.77,1
O0006912,E0006912,C0206,P065,2026-03-28,completed,168.15,1
O0006913,E0006913,C0347,P071,2026-03-28,completed,712.3,1
O0006914,E0006914,C0035,P062,2026-03-28,completed,108.75,1
O0006915,E0006915,C0085,P059,2026-03-28,completed,76.84,1
O0006916,E0006916,C0460,P025,2026-03-28,completed,681.19,1
O0006917,E0006917,C0398,P009,2026-03-28,completed,619.83,1
O0006918,E0006918,C0496,P032,2026-03-28,completed,522.44,1
O0006919,E0006919,C0115,P067,2026-03-28,returned,59.48,1
O0006920,E0006920,C0106,P074,2026-03-28,completed,281.01,1
O0006921,E0006921,C0580,P031,2026-03-28,completed,516.94,1
O0006922,E0006922,C0573,P068,2026-03-28,completed,546.04,1
O0006923,E0006923,C0434,P065,2026-03-28,completed,65.71,1
O0006924,E0006924,C0424,P021,2026-03-28,completed,436.05,1
O0006925,E0006925,C0578,P052,2026-03-28,completed,599.49,1
O0006926,E0006926,C0298,P058,2026-03-28,completed,747.43,1
O0006927,E0006927,C0493,P001,2026-03-28,completed,522.32,1
O0006928,E0006928,C0184,P017,2026-03-28,completed,154.44,1
O0006929,E0006929,C0027,P069,2026-03-28,completed,27.74,1
O0006930,E0006930,C0155,P070,2026-03-28,returned,312.33,1
O0006931,E0006931,C0484,P044,2026-03-28,completed,323.11,1
O0006932,E0006932,C0117,P020,2026-03-28,completed,145.83,1
O0006933,E0006933,C0311,P037,2026-03-28,completed,655.06,1
O0006934,E0006934,C0439,P032,2026-03-28,completed,217.54,1
O0006935,E0006935,C0448,P015,2026-03-28,completed,319.9,1
O0006936,E0006936,C0452,P030,2026-03-28,completed,463.42,1
O0006937,E0006937,C0344,P046,2026-03-28,completed,373.91,1
O0006938,E0006938,C0134,P039,2026-03-28,completed,72.21,1
O0006939,E0006939,C0394,P062,2026-03-28,completed,42.21,1
O0006940,E0006940,C0448,P078,2026-03-28,completed,612.04,1
O0006941,E0006941,C0231,P045,2026-03-28,completed,255.28,1
O0006942,E0006942,C0499,P051,2026-03-28,completed,103.17,1
O0006943,E0006943,C0497,P022,2026-03-28,completed,141.87,1
O0006944,E0006944,C0304,P068,2026-03-28,completed,137.99,1
O0006945,E0006945,C0412,P024,2026-03-28,completed,90.15,1
O0006946,E0006946,C0036,P032,2026-03-28,completed,180.22,1
O0006947,E0006947,C0280,P046,2026-03-28,completed,189.39,1
O0006948,E0006948,C0508,P071,2026-03-28,completed,776.44,1
O0006949,E0006949,C0590,P022,2026-03-28,completed,125.81,1
O0006950,E0006950,C0216,P015,2026-03-28,completed,237.2,1
O0006951,E0006951,C0408,P064,2026-03-28,completed,32.97,1
O0006952,E0006952,C0236,P069,2026-03-28,returned,20.29,1
O0006953,E0006953,C0563,P070,2026-03-28,completed,143.11,1
O0006954,E0006954,C0268,P047,2026-03-28,completed,616.44,1
O0006955,E0006955,C0238,P053,2026-03-28,completed,337.48,1
O0006956,E0006956,C0131,P020,2026-03-28,completed,54.45,1
O0006957,E0006957,C0166,P052,2026-03-28,completed,415.88,1
O0006958,E0006958,C0501,P075,2026-03-28,completed,571.22,1
O0006959,E0006959,C0123,P047,2026-03-28,completed,690.36,1
O0006960,E0006960,C0508,P030,2026-03-29,completed,484.0,1
O0006961,E0006961,C0085,P055,2026-03-29,completed,520.77,1
O0006962,E0006962,C0038,P033,2026-03-29,completed,644.84,1
O0006963,E0006963,C0441,P034,2026-03-29,completed,315.96,1
O0006964,E0006964,C0425,P037,2026-03-29,cancelled,448.66,1
O0006965,E0006965,C0089,P077,2026-03-29,completed,866.96,1
O0006966,E0006966,C0475,P074,2026-03-29,completed,142.97,1
O0006967,E0006967,C0139,P006,2026-03-29,completed,943.56,1
O0006968,E0006968,C0455,P078,2026-03-29,completed,394.19,1
O0006969,E0006969,C0320,P077,2026-03-29,completed,431.71,1
O0006970,E0006970,C0498,P023,2026-03-29,completed,89.56,1
O0006971,E0006971,C0004,P016,2026-03-29,completed,580.45,1
O0006972,E0006972,C0196,P022,2026-03-29,completed,381.68,1
O0006973,E0006973,C0571,P020,2026-03-29,completed,58.07,1
O0006974,E0006974,C0091,P019,2026-03-29,completed,289.81,1
O0006975,E0006975,C0353,P069,2026-03-29,completed,61.58,1
O0006976,E0006976,C0371,P002,2026-03-29,completed,217.14,1
O0006977,E0006977,C0412,P019,2026-03-29,completed,415.47,1
O0006978,E0006978,C0539,P070,2026-03-29,completed,162.54,1
O0006979,E0006979,C0074,P023,2026-03-29,completed,322.12,1
O0006980,E0006980,C0217,P051,2026-03-29,completed,72.11,1
O0006981,E0006981,C0156,P068,2026-03-29,returned,349.78,1
O0006982,E0006982,C0420,P061,2026-03-29,completed,399.87,1
O0006983,E0006983,C0299,P058,2026-03-29,completed,990.65,1
O0006984,E0006984,C0595,P079,2026-03-29,completed,162.45,1
O0006985,E0006985,C0469,P038,2026-03-29,completed,938.87,1
O0006987,E0006987,C0501,P079,2026-03-29,completed,517.58,1
O0006988,E0006988,C0419,P064,2026-03-29,completed,127.48,1
O0006989,E0006989,C0339,P034,2026-03-29,completed,203.53,1
O0006990,E0006990,C0192,P052,2026-03-29,completed,505.0,1
O0006991,E0006991,C0110,P025,2026-03-29,completed,292.82,1
O0006992,E0006992,C0043,P058,2026-03-29,completed,622.81,1
O0006993,E0006993,C0205,P027,2026-03-29,completed,368.48,1
O0006994,E0006994,C0525,P041,2026-03-29,completed,124.62,1
O0006995,E0006995,C0162,P014,2026-03-29,completed,16.61,1
O0006996,E0006996,C0228,P055,2026-03-29,completed,115.18,1
O0006997,E0006997,C0199,P068,2026-03-29,completed,525.63,1
O0006998,E0006998,C0577,P015,2026-03-29,completed,169.84,1
O0006999,E0006999,C0267,P070,2026-03-29,returned,127.48,1
O0007000,E0007000,C0023,P012,2026-03-29,completed,147.26,1
O0007001,E0007001,C0188,P049,2026-03-29,completed,138.58,1
O0007002,E0007002,C0145,P049,2026-03-29,completed,40.52,1
O0007003,E0007003,C0566,P023,2026-03-29,completed,302.19,1
O0007004,E0007004,C0108,P078,2026-03-29,completed,696.21,1
O0007005,E0007005,C0102,P071,2026-03-29,cancelled,634.2,1
O0007006,E0007006,C0067,P032,2026-03-29,completed,560.23,1
O0007007,E0007007,C0596,P068,2026-03-29,completed,505.0,1
O0007008,E0007008,C0039,P003,2026-03-29,completed,236.51,1
O0007009,E0007009,C0544,P079,2026-03-29,completed,603.21,1
O0007010,E0007010,C0429,P054,2026-03-29,returned,258.56,1
O0007011,E0007011,C0117,P012,2026-03-29,completed,291.5,1
O0007012,E0007012,C0056,P006,2026-03-29,completed,409.8,1
O0007013,E0007013,C0593,P059,2026-03-29,completed,37.56,1
O0007014,E0007014,C0027,P025,2026-03-29,completed,373.09,1
O0007015,E0007015,C0182,P007,2026-03-29,completed,713.74,1
O0007016,E0007016,C0505,P006,2026-03-29,completed,749.69,1
O0007017,E0007017,C0536,P066,2026-03-29,completed,1073.76,1
O0007018,E0007018,C0237,P069,2026-03-29,completed,26.32,1
O0007019,E0007019,C0179,P060,2026-03-29,completed,153.37,1
O0007020,E0007020,C0589,P077,2026-03-29,completed,405.58,1
O0007021,E0007021,C0115,P023,2026-03-29,cancelled,76.21,1
O0007022,E0007022,C0502,P076,2026-03-29,completed,246.3,1
O0007023,E0007023,C0319,P048,2026-03-29,completed,679.4,1
O0007024,E0007024,C0487,P077,2026-03-29,completed,240.29,1
O0007025,E0007025,C0222,P074,2026-03-29,completed,428.6,1
O0007026,E0007026,C0490,P053,2026-03-29,cancelled,233.48,1
O0007027,E0007027,C0018,P045,2026-03-29,completed,699.76,1
O0007028,E0007028,C0040,P044,2026-03-29,completed,364.86,1
O0007029,E0007029,C0193,P064,2026-03-29,completed,33.19,1
O0007030,E0007030,C0233,P057,2026-03-29,completed,162.44,1
O0007031,E0007031,C0290,P047,2026-03-29,cancelled,238.83,1
O0007032,E0007032,C0431,P027,2026-03-29,completed,622.4,1
O0007033,E0007033,C0320,P054,2026-03-29,completed,134.37,1
O0007034,E0007034,C0214,P004,2026-03-29,completed,455.65,1
O0007035,E0007035,C0179,P024,2026-03-29,completed,50.81,1
O0007036,E0007036,C0398,P050,2026-03-29,completed,84.49,1
O0007037,E0007037,C0237,P036,2026-03-29,completed,346.11,1
O0007038,E0007038,C0195,P049,2026-03-29,completed,70.99,1
O0007039,E0007039,C0124,P001,2026-03-29,completed,377.01,1
O0007040,E0007040,C0048,P075,2026-03-30,completed,562.32,1
O0007041,E0007041,C0030,P015,2026-03-30,completed,240.1,1
O0007042,E0007042,C0341,P010,2026-03-30,completed,261.34,1
O0007043,E0007043,C0162,P057,2026-03-30,completed,526.34,1
O0007044,E0007044,C0090,P054,2026-03-30,cancelled,460.84,1
O0007045,E0007045,C0246,P056,2026-03-30,completed,180.52,1
O0007046,E0007046,C0491,P004,2026-03-30,completed,735.64,1
O0007047,E0007047,C0023,P007,2026-03-30,completed,576.65,1
O0007048,E0007048,C0457,P038,2026-03-30,completed,843.99,1
O0007049,E0007049,C0377,P057,2026-03-30,completed,216.2,1
O0007050,E0007050,C0508,P011,2026-03-30,completed,64.18,1
O0007051,E0007051,C0357,P080,2026-03-30,returned,200.93,1
O0007052,E0007052,C0536,P051,2026-03-30,cancelled,144.9,1
O0007053,E0007053,C0568,P068,2026-03-30,completed,693.9,1
O0007054,E0007054,C0117,P032,2026-03-30,completed,845.34,1
O0007055,E0007055,C0161,P009,2026-03-30,completed,224.65,1
O0007056,E0007056,C0427,P065,2026-03-30,completed,157.79,1
O0007057,E0007057,C0455,P028,2026-03-30,completed,126.84,1
O0007058,E0007058,C0095,P061,2026-03-30,returned,803.95,1
O0007059,E0007059,C0318,P001,2026-03-30,completed,335.09,1
O0007060,E0007060,C0006,P041,2026-03-30,completed,471.91,1
O0007061,E0007061,C0505,P033,2026-03-30,completed,148.94,1
O0007062,E0007062,C0038,P012,2026-03-30,completed,268.76,1
O0007063,E0007063,C0093,P014,2026-03-30,completed,36.22,1
O0007064,E0007064,C0167,P067,2026-03-30,completed,146.33,1
O0007065,E0007065,C0367,P032,2026-03-30,cancelled,909.72,1
O0007066,E0007066,C0325,P055,2026-03-30,completed,113.29,1
O0007067,E0007067,C0567,P017,2026-03-30,completed,886.0,1
O0007068,E0007068,C0287,P020,2026-03-30,completed,200.8,1
O0007069,E0007069,C0126,P035,2026-03-30,completed,194.28,1
O0007070,E0007070,C0447,P061,2026-03-30,completed,818.61,1
O0007071,E0007071,C0235,P036,2026-03-30,returned,370.52,1
O0007072,E0007072,C0130,P008,2026-03-30,completed,599.37,1
O0007073,E0007073,C0410,P010,2026-03-30,completed,687.64,1
O0007074,E0007074,C0101,P029,2026-03-30,completed,482.34,1
O0007075,E0007075,C0401,P044,2026-03-30,completed,418.7,1
O0007076,E0007076,C0435,P019,2026-03-30,completed,503.1,1
O0007077,E0007077,C0444,P042,2026-03-30,completed,173.76,1
O0007078,E0007078,C0035,P035,2026-03-30,completed,838.47,1
O0007079,E0007079,C0219,P042,2026-03-30,completed,130.33,1
O0007080,E0007080,C0436,P014,2026-03-30,returned,59.3,1
O0007081,E0007081,C0509,P031,2026-03-30,completed,245.15,1
O0007082,E0007082,C0549,P077,2026-03-30,completed,739.57,1
O0007083,E0007083,C0385,P074,2026-03-30,completed,390.31,1
O0007084,E0007084,C0015,P015,2026-03-30,completed,169.2,1
O0007085,E0007085,C0291,P014,2026-03-30,completed,50.95,1
O0007086,E0007086,C0229,P040,2026-03-30,completed,44.05,1
O0007087,E0007087,C0036,P078,2026-03-30,completed,746.45,1
O0007088,E0007088,C0248,P055,2026-03-30,completed,407.52,1
O0007089,E0007089,C0005,P062,2026-03-30,completed,98.53,1
O0007090,E0007090,C0531,P073,2026-03-30,completed,112.29,1
O0007091,E0007091,C0276,P080,2026-03-30,completed,178.6,1
O0007092,E0007092,C0336,P003,2026-03-30,completed,200.98,1
O0007093,E0007093,C0515,P046,2026-03-30,completed,295.44,1
O0007094,E0007094,C0408,P068,2026-03-30,completed,698.56,1
O0007095,E0007095,C0295,P007,2026-03-30,completed,270.44,1
O0007096,E0007096,C0276,P055,2026-03-30,returned,353.04,1
O0007097,E0007097,C0523,P049,2026-03-30,completed,44.71,1
O0007098,E0007098,C0126,P007,2026-03-30,completed,179.07,1
O0007099,E0007099,C0568,P016,2026-03-30,completed,452.82,1
O0007100,E0007100,C0338,P021,2026-03-30,completed,371.44,1
O0007101,E0007101,C0532,P063,2026-03-30,completed,251.91,1
O0007102,E0007102,C0435,P045,2026-03-30,returned,259.36,1
O0007103,E0007103,C0095,P059,2026-03-30,completed,76.37,1
O0007104,E0007104,C0194,P036,2026-03-30,completed,730.24,1
O0007105,E0007105,C0261,P026,2026-03-30,completed,867.56,1
O0007106,E0007106,C0013,P013,2026-03-30,completed,430.36,1
O0007107,E0007107,C0493,P033,2026-03-30,completed,351.92,1
O0007108,E0007108,C0295,P015,2026-03-30,completed,75.48,1
O0007109,E0007109,C0581,P044,2026-03-30,completed,418.76,1
O0007110,E0007110,C0589,P043,2026-03-30,completed,44.51,1
O0007111,E0007111,C0507,P046,2026-03-30,completed,707.29,1
O0007112,E0007112,C0501,P078,2026-03-30,completed,348.43,1
O0007113,E0007113,C0534,P059,2026-03-30,completed,40.98,1
O0007114,E0007114,C0131,P013,2026-03-30,completed,256.5,1
O0007115,E0007115,C0076,P020,2026-03-30,completed,57.45,1
O0007116,E0007116,C0193,P027,2026-03-30,completed,423.53,1
O0007117,E0007117,C0538,P006,2026-03-30,completed,626.03,1
O0007118,E0007118,C0217,P037,2026-03-30,completed,486.52,1
O0007119,E0007119,C0572,P017,2026-03-30,completed,234.08,1
O0007120,E0007120,C0061,P032,2026-03-31,completed,845.3,1
O0007121,E0007121,C0255,P074,2026-03-31,completed,90.81,1
O0007122,E0007122,C0532,P002,2026-03-31,cancelled,571.24,1
O0007123,E0007123,C0435,P062,2026-03-31,completed,29.54,1
O0007124,E0007124,C0529,P071,2026-03-31,completed,179.08,1
O0007125,E0007125,C0070,P080,2026-03-31,cancelled,180.53,1
O0007126,E0007126,C0557,P014,2026-03-31,completed,59.28,1
O0007127,E0007127,C0554,P035,2026-03-31,completed,468.95,1
O0007128,E0007128,C0237,P026,2026-03-31,completed,780.02,1
O0007129,E0007129,C0063,P016,2026-03-31,completed,991.95,1
O0007130,E0007130,C0376,P033,2026-03-31,completed,516.73,1
O0007131,E0007131,C0016,P040,2026-03-31,completed,19.53,1
O0007132,E0007132,C0210,P030,2026-03-31,returned,366.39,1
O0007133,E0007133,C0524,P034,2026-03-31,completed,157.64,1
O0007134,E0007134,C0530,P072,2026-03-31,completed,59.77,1
O0007135,E0007135,C0504,P008,2026-03-31,completed,418.99,1
O0007136,E0007136,C0528,P076,2026-03-31,cancelled,255.69,1
O0007137,E0007137,C0437,P046,2026-03-31,completed,380.35,1
O0007138,E0007138,C0222,P038,2026-03-31,completed,544.73,1
O0007139,E0007139,C0427,P005,2026-03-31,completed,93.22,1
O0007140,E0007140,C0219,P064,2026-03-31,completed,128.7,1
O0007141,E0007141,C0442,P030,2026-03-31,completed,206.83,1
O0007142,E0007142,C0346,P012,2026-03-31,cancelled,523.82,1
O0007143,E0007143,C0117,P029,2026-03-31,completed,233.57,1
O0007144,E0007144,C0505,P025,2026-03-31,completed,563.4,1
O0007145,E0007145,C0498,P010,2026-03-31,cancelled,365.68,1
O0007146,E0007146,C0053,P028,2026-03-31,completed,95.08,1
O0007147,E0007147,C0047,P002,2026-03-31,completed,279.53,1
O0007148,E0007148,C0460,P019,2026-03-31,completed,426.44,1
O0007149,E0007149,C0490,P039,2026-03-31,completed,98.32,1
O0007150,E0007150,C0063,P019,2026-03-31,completed,510.66,1
O0007151,E0007151,C0344,P055,2026-03-31,returned,168.29,1
O0007152,E0007152,C0123,P029,2026-03-31,completed,634.6,1
O0007153,E0007153,C0354,P004,2026-03-31,completed,265.26,1
O0007154,E0007154,C0240,P071,2026-03-31,completed,232.24,1
O0007155,E0007155,C0583,P042,2026-03-31,completed,177.37,1
O0007156,E0007156,C0285,P054,2026-03-31,completed,561.8,1
O0007157,E0007157,C0458,P056,2026-03-31,completed,232.66,1
O0007158,E0007158,C0267,P038,2026-03-31,cancelled,540.1,1
O0007159,E0007159,C0334,P047,2026-03-31,returned,798.58,1
O0007160,E0007160,C0050,P062,2026-03-31,completed,64.36,1
O0007161,E0007161,C0037,P051,2026-03-31,completed,90.48,1
O0007162,E0007162,C0311,P004,2026-03-31,completed,254.86,1
O0007163,E0007163,C0397,P005,2026-03-31,completed,32.01,1
O0007164,E0007164,C0279,P062,2026-03-31,completed,85.98,1
O0007165,E0007165,C0014,P046,2026-03-31,completed,140.79,1
O0007166,E0007166,C0261,P038,2026-03-31,completed,832.7,1
O0007167,E0007167,C0303,P046,2026-03-31,completed,312.18,1
O0007168,E0007168,C0417,P069,2026-03-31,completed,69.62,1
O0007169,E0007169,C0289,P037,2026-03-31,cancelled,423.27,1
O0007170,E0007170,C0086,P055,2026-03-31,completed,141.53,1
O0007171,E0007171,C0082,P068,2026-03-31,completed,466.21,1
O0007172,E0007172,C0394,P065,2026-03-31,completed,60.62,1
O0007173,E0007173,C0377,P023,2026-03-31,completed,77.96,1
O0007174,E0007174,C0347,P043,2026-03-31,completed,34.49,1
O0007175,E0007175,C0510,P057,2026-03-31,completed,241.26,1
O0007176,E0007176,C0496,P010,2026-03-31,completed,1033.73,1
O0007177,E0007177,C0041,P050,2026-03-31,returned,94.18,1
O0007178,E0007178,C0125,P030,2026-03-31,completed,335.23,1
O0007179,E0007179,C0315,P059,2026-03-31,completed,49.76,1
O0007180,E0007180,C0285,P013,2026-03-31,completed,627.01,1
O0007181,E0007181,C0258,P076,2026-03-31,completed,142.04,1
O0007182,E0007182,C0190,P040,2026-03-31,completed,36.04,1
O0007183,E0007183,C0455,P009,2026-03-31,completed,474.72,1
O0007184,E0007184,C0505,P017,2026-03-31,completed,671.03,1
O0007185,E0007185,C0333,P077,2026-03-31,completed,788.98,1
O0007186,E0007186,C0543,P012,2026-03-31,completed,378.94,1
O0007187,E0007187,C0589,P074,2026-03-31,cancelled,67.6,1
O0007188,E0007188,C0415,P040,2026-03-31,completed,58.47,1
O0007189,E0007189,C0574,P075,2026-03-31,completed,851.52,1
O0007190,E0007190,C0429,P062,2026-03-31,completed,142.09,1
O0007191,E0007191,C0464,P033,2026-03-31,completed,357.16,1
O0007192,E0007192,C0360,P006,2026-03-31,completed,420.46,1
O0007193,E0007193,C0434,P073,2026-03-31,completed,147.78,1
O0007194,E0007194,C0469,P069,2026-03-31,completed,90.74,1
O0007195,E0007195,C0084,P055,2026-03-31,completed,138.58,1
O0007196,E0007196,C0390,P016,2026-03-31,completed,516.72,1
O0007197,E0007197,C0116,P033,2026-03-31,completed,375.37,1
O0007198,E0007198,C0544,P056,2026-03-31,completed,211.9,1
O0007199,E0007199,C0589,P046,2026-03-31,completed,556.98,1
O0007200,E0007200,C0218,P004,2026-04-01,completed,1003.78,1
O0007201,E0007201,C0497,P076,2026-04-01,completed,349.56,1
O0007202,E0007202,C0493,P039,2026-04-01,completed,153.63,1
O0007203,E0007203,C0480,P015,2026-04-01,completed,280.3,1
O0007204,E0007204,C0088,P008,2026-04-01,completed,157.81,1
O0007205,E0007205,C0037,P048,2026-04-01,cancelled,423.01,1
O0007206,E0007206,C0470,P080,2026-04-01,completed,152.59,1
O0007207,E0007207,C0503,P042,2026-04-01,completed,274.48,1
O0007208,E0007208,C0345,P035,2026-04-01,returned,705.08,1
O0007209,E0007209,C0420,P044,2026-04-01,completed,512.28,1
O0007210,E0007210,C0004,P031,2026-04-01,completed,476.49,1
O0007211,E0007211,C0221,P043,2026-04-01,completed,117.22,1
O0007212,E0007212,C0134,P002,2026-04-01,completed,392.31,1
O0007213,E0007213,C0062,P019,2026-04-01,completed,619.53,1
O0007214,E0007214,C0437,P072,2026-04-01,completed,51.8,1
O0007215,E0007215,C0554,P052,2026-04-01,completed,814.68,1
O0007216,E0007216,C0271,P024,2026-04-01,completed,61.31,1
O0007217,E0007217,C0202,P023,2026-04-01,completed,280.42,1
O0007218,E0007218,C0106,P047,2026-04-01,completed,1059.35,1
O0007219,E0007219,C0539,P046,2026-04-01,completed,634.45,1
O0007220,E0007220,C0578,P018,2026-04-01,completed,458.69,1
O0007221,E0007221,C0596,P076,2026-04-01,completed,259.47,1
O0007222,E0007222,C0352,P003,2026-04-01,completed,468.46,1
O0007223,E0007223,C0358,P023,2026-04-01,completed,67.28,1
O0007224,E0007224,C0214,P079,2026-04-01,completed,257.12,1
O0007225,E0007225,C0202,P062,2026-04-01,completed,27.8,1
O0007226,E0007226,C0214,P040,2026-04-01,completed,34.71,1
O0007227,E0007227,C0588,P062,2026-04-01,completed,121.79,1
O0007228,E0007228,C0101,P023,2026-04-01,completed,222.87,1
O0007229,E0007229,C0121,P001,2026-04-01,completed,331.29,1
O0007230,E0007230,C0041,P023,2026-04-01,completed,225.43,1
O0007231,E0007231,C0097,P009,2026-04-01,cancelled,829.37,1
O0007232,E0007232,C0085,P056,2026-04-01,returned,221.28,1
O0007233,E0007233,C0577,P019,2026-04-01,completed,255.73,1
O0007234,E0007234,C0443,P008,2026-04-01,cancelled,706.6,1
O0007235,E0007235,C0588,P056,2026-04-01,completed,375.37,1
O0007236,E0007236,C0494,P038,2026-04-01,completed,473.82,1
O0007237,E0007237,C0395,P037,2026-04-01,returned,628.58,1
O0007238,E0007238,C0055,P061,2026-04-01,completed,597.83,1
O0007239,E0007239,C0460,P032,2026-04-01,completed,565.8,1
O0007240,E0007240,C0590,P018,2026-04-01,completed,602.1,1
O0007241,E0007241,C0361,P010,2026-04-01,completed,665.82,1
O0007242,E0007242,C0285,P021,2026-04-01,completed,322.76,1
O0007243,E0007243,C0478,P040,2026-04-01,completed,36.65,1
O0007244,E0007244,C0247,P051,2026-04-01,cancelled,174.97,1
O0007245,E0007245,C0082,P066,2026-04-01,returned,688.15,1
O0007246,E0007246,C0170,P022,2026-04-01,completed,754.36,1
O0007247,E0007247,C0086,P063,2026-04-01,completed,542.57,1
O0007248,E0007248,C0387,P038,2026-04-01,completed,435.13,1
O0007249,E0007249,C0289,P080,2026-04-01,cancelled,81.52,1
O0007250,E0007250,C0145,P041,2026-04-01,completed,92.48,1
O0007251,E0007251,C0472,P037,2026-04-01,completed,165.54,1
O0007252,E0007252,C0256,P014,2026-04-01,completed,46.03,1
O0007253,E0007253,C0433,P032,2026-04-01,completed,567.37,1
O0007254,E0007254,C0228,P057,2026-04-01,completed,651.52,1
O0007255,E0007255,C0379,P046,2026-04-01,completed,254.88,1
O0007256,E0007256,C0332,P009,2026-04-01,completed,158.36,1
O0007257,E0007257,C0094,P039,2026-04-01,completed,65.91,1
O0007258,E0007258,C0473,P029,2026-04-01,completed,144.86,1
O0007259,E0007259,C0369,P073,2026-04-01,completed,691.45,1
O0007260,E0007260,C0190,P004,2026-04-01,completed,266.51,1
O0007261,E0007261,C0046,P057,2026-04-01,completed,694.35,1
O0007262,E0007262,C0580,P001,2026-04-01,completed,414.23,1
O0007263,E0007263,C0164,P053,2026-04-01,completed,232.65,1
O0007264,E0007264,C0214,P034,2026-04-01,completed,148.42,1
O0007265,E0007265,C0413,P049,2026-04-01,completed,209.19,1
O0007266,E0007266,C0278,P022,2026-04-01,returned,140.98,1
O0007267,E0007267,C0483,P044,2026-04-01,completed,280.88,1
O0007268,E0007268,C0034,P009,2026-04-01,completed,223.49,1
O0007269,E0007269,C0072,P044,2026-04-01,completed,283.08,1
O0007270,E0007270,C0060,P015,2026-04-01,completed,276.42,1
O0007271,E0007271,C0281,P020,2026-04-01,completed,131.42,1
O0007272,E0007272,C0051,P064,2026-04-01,cancelled,114.2,1
O0007273,E0007273,C0386,P042,2026-04-01,completed,434.81,1
O0007274,E0007274,C0174,P041,2026-04-01,completed,266.66,1
O0007275,E0007275,C0397,P040,2026-04-01,completed,14.85,1
O0007276,E0007276,C0113,P034,2026-04-01,completed,846.52,1
O0007277,E0007277,C0531,P063,2026-04-01,completed,120.31,1
O0007278,E0007278,C0308,P064,2026-04-01,completed,22.19,1
O0007279,E0007279,C0378,P072,2026-04-01,completed,23.5,1
O0007280,E0007280,C0363,P003,2026-04-02,returned,666.49,1
O0007281,E0007281,C0562,P063,2026-04-02,completed,458.88,1
O0007282,E0007282,C0094,P042,2026-04-02,returned,385.81,1
O0007283,E0007283,C0267,P039,2026-04-02,returned,60.68,1
O0007284,E0007284,C0543,P019,2026-04-02,completed,149.38,1
O0007285,E0007285,C0337,P008,2026-04-02,completed,196.1,1
O0007286,E0007286,C0182,P016,2026-04-02,completed,941.12,1
O0007287,E0007287,C0045,P066,2026-04-02,completed,956.31,1
O0007288,E0007288,C0302,P019,2026-04-02,completed,143.54,1
O0007289,E0007289,C0450,P001,2026-04-02,completed,110.59,1
O0007290,E0007290,C0226,P002,2026-04-02,completed,355.91,1
O0007291,E0007291,C0479,P047,2026-04-02,completed,364.49,1
O0007292,E0007292,C0258,P053,2026-04-02,completed,328.5,1
O0007293,E0007293,C0507,P059,2026-04-02,completed,19.19,1
O0007294,E0007294,C0357,P002,2026-04-02,completed,539.77,1
O0007295,E0007295,C0006,P015,2026-04-02,completed,76.5,1
O0007296,E0007296,C0520,P058,2026-04-02,returned,459.98,1
O0007297,E0007297,C0495,P048,2026-04-02,completed,618.21,1
O0007298,E0007298,C0164,P006,2026-04-02,completed,233.91,1
O0007299,E0007299,C0266,P023,2026-04-02,completed,72.49,1
O0007300,E0007300,C0114,P002,2026-04-02,cancelled,243.54,1
O0007301,E0007301,C0497,P021,2026-04-02,completed,389.0,1
O0007302,E0007302,C0288,P029,2026-04-02,completed,644.23,1
O0007303,E0007303,C0175,P007,2026-04-02,returned,170.12,1
O0007304,E0007304,C0294,P006,2026-04-02,completed,733.58,1
O0007305,E0007305,C0093,P060,2026-04-02,completed,70.37,1
O0007306,E0007306,C0063,P022,2026-04-02,completed,295.34,1
O0007307,E0007307,C0153,P028,2026-04-02,completed,65.36,1
O0007308,E0007308,C0414,P063,2026-04-02,completed,106.29,1
O0007309,E0007309,C0247,P022,2026-04-02,completed,686.77,1
O0007310,E0007310,C0361,P008,2026-04-02,completed,474.98,1
O0007311,E0007311,C0388,P080,2026-04-02,completed,142.1,1
O0007312,E0007312,C0356,P010,2026-04-02,completed,912.66,1
O0007313,E0007313,C0056,P051,2026-04-02,returned,177.03,1
O0007314,E0007314,C0193,P047,2026-04-02,completed,1018.88,1
O0007315,E0007315,C0335,P019,2026-04-02,completed,316.4,1
O0007316,E0007316,C0397,P036,2026-04-02,completed,209.08,1
O0007317,E0007317,C0210,P035,2026-04-02,completed,892.39,1
O0007318,E0007318,C0295,P072,2026-04-02,completed,47.0,1
O0007319,E0007319,C0448,P016,2026-04-02,completed,267.4,1
O0007320,E0007320,C0578,P042,2026-04-02,completed,291.63,1
O0007321,E0007321,C0231,P004,2026-04-02,completed,193.15,1
O0007322,E0007322,C0547,P041,2026-04-02,completed,127.33,1
O0007323,E0007323,C0482,P064,2026-04-02,returned,51.39,1
O0007324,E0007324,C0053,P080,2026-04-02,completed,155.21,1
O0007325,E0007325,C0270,P041,2026-04-02,completed,133.14,1
O0007326,E0007326,C0164,P002,2026-04-02,completed,125.23,1
O0007327,E0007327,C0005,P059,2026-04-02,completed,39.29,1
O0007328,E0007328,C0122,P007,2026-04-02,completed,166.62,1
O0007329,E0007329,C0337,P080,2026-04-02,completed,209.37,1
O0007330,E0007330,C0555,P062,2026-04-02,completed,36.6,1
O0007331,E0007331,C0523,P024,2026-04-02,completed,32.72,1
O0007332,E0007332,C0353,P065,2026-04-02,completed,86.07,1
O0007333,E0007333,C0550,P029,2026-04-02,completed,249.26,1
O0007334,E0007334,C0120,P010,2026-04-02,completed,223.29,1
O0007335,E0007335,C0449,P043,2026-04-02,completed,37.34,1
O0007336,E0007336,C0014,P066,2026-04-02,completed,763.08,1
O0007337,E0007337,C0544,P047,2026-04-02,completed,267.18,1
O0007338,E0007338,C0297,P035,2026-04-02,completed,178.28,1
O0007339,E0007339,C0505,P017,2026-04-02,completed,220.59,1
O0007340,E0007340,C0070,P006,2026-04-02,cancelled,783.72,1
O0007341,E0007341,C0222,P055,2026-04-02,completed,347.48,1
O0007342,E0007342,C0392,P020,2026-04-02,completed,137.31,1
O0007343,E0007343,C0232,P074,2026-04-02,returned,363.11,1
O0007344,E0007344,C0379,P060,2026-04-02,completed,107.29,1
O0007345,E0007345,C0376,P027,2026-04-02,completed,170.71,1
O0007346,E0007346,C0153,P026,2026-04-02,completed,171.14,1
O0007347,E0007347,C0089,P016,2026-04-02,completed,563.11,1
O0007348,E0007348,C0441,P041,2026-04-02,completed,265.49,1
O0007349,E0007349,C0213,P075,2026-04-02,completed,488.23,1
O0007350,E0007350,C0323,P045,2026-04-02,completed,562.63,1
O0007351,E0007351,C0566,P077,2026-04-02,cancelled,843.36,1
O0007352,E0007352,C0112,P016,2026-04-02,completed,732.02,1
O0007353,E0007353,C0547,P038,2026-04-02,completed,201.64,1
O0007354,E0007354,C0234,P080,2026-04-02,completed,171.01,1
O0007355,E0007355,C0216,P006,2026-04-02,completed,361.5,1
O0007356,E0007356,C0107,P029,2026-04-02,completed,268.58,1
O0007357,E0007357,C0028,P073,2026-04-02,completed,490.58,1
O0007358,E0007358,C0318,P020,2026-04-02,completed,55.62,1
O0007359,E0007359,C0528,P070,2026-04-02,returned,328.12,1
O0007360,E0007360,C0399,P060,2026-04-03,completed,124.69,1
O0007361,E0007361,C0437,P021,2026-04-03,completed,605.0,1
O0007362,E0007362,C0199,P053,2026-04-03,completed,376.09,1
O0007363,E0007363,C0207,P008,2026-04-03,completed,380.56,1
O0007364,E0007364,C0302,P006,2026-04-03,completed,366.3,1
O0007365,E0007365,C0102,P064,2026-04-03,completed,88.74,1
O0007366,E0007366,C0193,P051,2026-04-03,completed,121.55,1
O0007367,E0007367,C0518,P059,2026-04-03,completed,51.45,1
O0007368,E0007368,C0012,P009,2026-04-03,returned,830.15,1
O0007369,E0007369,C0164,P049,2026-04-03,completed,53.4,1
O0007370,E0007370,C0379,P076,2026-04-03,completed,167.83,1
O0007371,E0007371,C0433,P070,2026-04-03,completed,64.32,1
O0007372,E0007372,C0293,P010,2026-04-03,completed,497.39,1
O0007373,E0007373,C0009,P079,2026-04-03,completed,634.46,1
O0007374,E0007374,C0271,P016,2026-04-03,completed,346.1,1
O0007375,E0007375,C0265,P001,2026-04-03,completed,419.69,1
O0007376,E0007376,C0279,P068,2026-04-03,cancelled,161.37,1
O0007377,E0007377,C0553,P069,2026-04-03,completed,66.24,1
O0007378,E0007378,C0062,P059,2026-04-03,returned,89.07,1
O0007379,E0007379,C0433,P013,2026-04-03,completed,255.27,1
O0007380,E0007380,C0328,P055,2026-04-03,completed,139.59,1
O0007381,E0007381,C0228,P078,2026-04-03,returned,571.95,1
O0007382,E0007382,C0217,P004,2026-04-03,completed,238.66,1
O0007383,E0007383,C0247,P068,2026-04-03,completed,578.59,1
O0007384,E0007384,C0024,P014,2026-04-03,completed,82.32,1
O0007385,E0007385,C0554,P011,2026-04-03,completed,182.27,1
O0007386,E0007386,C0080,P013,2026-04-03,completed,524.79,1
O0007387,E0007387,C0347,P022,2026-04-03,cancelled,507.59,1
O0007388,E0007388,C0259,P018,2026-04-03,completed,588.0,1
O0007389,E0007389,C0461,P026,2026-04-03,completed,434.78,1
O0007390,E0007390,C0419,P005,2026-04-03,completed,141.38,1
O0007391,E0007391,C0452,P018,2026-04-03,completed,170.8,1
O0007392,E0007392,C0118,P036,2026-04-03,completed,174.31,1
O0007393,E0007393,C0143,P057,2026-04-03,completed,767.34,1
O0007394,E0007394,C0438,P077,2026-04-03,completed,700.86,1
O0007395,E0007395,C0154,P017,2026-04-03,completed,557.18,1
O0007396,E0007396,C0179,P043,2026-04-03,completed,146.07,1
O0007397,E0007397,C0166,P023,2026-04-03,completed,262.22,1
O0007398,E0007398,C0025,P054,2026-04-03,completed,585.58,1
O0007399,E0007399,C0530,P041,2026-04-03,cancelled,205.16,1
O0007400,E0007400,C0551,P057,2026-04-03,completed,964.35,1
O0007401,E0007401,C0550,P028,2026-04-03,cancelled,123.71,1
O0007402,E0007402,C0259,P078,2026-04-03,completed,479.77,1
O0007403,E0007403,C0442,P065,2026-04-03,completed,191.61,1
O0007404,E0007404,C0276,P008,2026-04-03,completed,642.76,1
O0007405,E0007405,C0503,P071,2026-04-03,completed,454.49,1
O0007406,E0007406,C0421,P011,2026-04-03,completed,86.82,1
O0007407,E0007407,C0033,P062,2026-04-03,completed,134.47,1
O0007408,E0007408,C0400,P010,2026-04-03,completed,689.4,1
O0007409,E0007409,C0038,P005,2026-04-03,completed,87.71,1
O0007410,E0007410,C0402,P011,2026-04-03,completed,157.02,1
O0007411,E0007411,C0255,P076,2026-04-03,returned,207.01,1
O0007412,E0007412,C0410,P007,2026-04-03,completed,556.28,1
O0007413,E0007413,C0005,P063,2026-04-03,completed,317.84,1
O0007414,E0007414,C0564,P041,2026-04-03,completed,381.91,1
O0007415,E0007415,C0058,P065,2026-04-03,returned,110.14,1
O0007416,E0007416,C0383,P026,2026-04-03,completed,834.67,1
O0007417,E0007417,C0061,P052,2026-04-03,completed,693.06,1
O0007418,E0007418,C0121,P069,2026-04-03,completed,23.83,1
O0007419,E0007419,C0001,P064,2026-04-03,completed,88.03,1
O0007420,E0007420,C0277,P019,2026-04-03,completed,726.32,1
O0007421,E0007421,C0252,P019,2026-04-03,cancelled,553.94,1
O0007422,E0007422,C0347,P074,2026-04-03,completed,392.51,1
O0007423,E0007423,C0328,P056,2026-04-03,completed,253.69,1
O0007424,E0007424,C0082,P037,2026-04-03,completed,617.04,1
O0007425,E0007425,C0197,P053,2026-04-03,completed,303.62,1
O0007426,E0007426,C0575,P071,2026-04-03,completed,570.19,1
O0007427,E0007427,C0267,P041,2026-04-03,completed,128.65,1
O0007428,E0007428,C0543,P009,2026-04-03,completed,479.58,1
O0007429,E0007429,C0409,P022,2026-04-03,completed,121.83,1
O0007430,E0007430,C0138,P036,2026-04-03,completed,283.15,1
O0007431,E0007431,C0233,P064,2026-04-03,completed,73.08,1
O0007432,E0007432,C0538,P019,2026-04-03,completed,545.44,1
O0007433,E0007433,C0303,P064,2026-04-03,completed,30.14,1
O0007434,E0007434,C0281,P061,2026-04-03,returned,749.34,1
O0007435,E0007435,C0303,P080,2026-04-03,completed,98.03,1
O0007436,E0007436,C0023,P073,2026-04-03,completed,139.04,1
O0007437,E0007437,C0178,P077,2026-04-03,completed,725.19,1
O0007438,E0007438,C0389,P066,2026-04-03,completed,234.01,1
O0007439,E0007439,C0434,P034,2026-04-03,completed,320.32,1
O0007440,E0007440,C0185,P065,2026-04-04,completed,58.95,1
O0007441,E0007441,C0481,P067,2026-04-04,completed,78.48,1
O0007442,E0007442,C0235,P074,2026-04-04,completed,244.93,1
O0007443,E0007443,C0151,P045,2026-04-04,returned,203.55,1
O0007444,E0007444,C0058,P029,2026-04-04,completed,476.69,1
O0007445,E0007445,C0425,P060,2026-04-04,completed,62.77,1
O0007446,E0007446,C0300,P028,2026-04-04,completed,195.3,1
O0007447,E0007447,C0334,P042,2026-04-04,returned,442.47,1
O0007448,E0007448,C0160,P003,2026-04-04,completed,185.86,1
O0007449,E0007449,C0187,P021,2026-04-04,completed,124.2,1
O0007450,E0007450,C0328,P040,2026-04-04,completed,13.54,1
O0007451,E0007451,C0476,P034,2026-04-04,completed,474.85,1
O0007452,E0007452,C0455,P059,2026-04-04,completed,16.59,1
O0007453,E0007453,C0412,P080,2026-04-04,completed,46.13,1
O0007454,E0007454,C0415,P017,2026-04-04,completed,695.24,1
O0007455,E0007455,C0134,P033,2026-04-04,completed,425.95,1
O0007456,E0007456,C0538,P043,2026-04-04,completed,116.2,1
O0007457,E0007457,C0452,P033,2026-04-04,completed,283.87,1
O0007458,E0007458,C0196,P067,2026-04-04,completed,73.6,1
O0007459,E0007459,C0399,P076,2026-04-04,completed,175.6,1
O0007460,E0007460,C0275,P014,2026-04-04,completed,50.37,1
O0007461,E0007461,C0464,P076,2026-04-04,completed,197.97,1
O0007462,E0007462,C0019,P073,2026-04-04,completed,244.66,1
O0007463,E0007463,C0592,P054,2026-04-04,completed,457.85,1
O0007464,E0007464,C0102,P022,2026-04-04,completed,555.49,1
O0007465,E0007465,C0073,P043,2026-04-04,completed,64.87,1
O0007466,E0007466,C0219,P058,2026-04-04,completed,253.26,1
O0007467,E0007467,C0066,P039,2026-04-04,completed,124.59,1
O0007468,E0007468,C0370,P055,2026-04-04,completed,679.96,1
O0007469,E0007469,C0045,P007,2026-04-04,completed,179.33,1
O0007470,E0007470,C0535,P064,2026-04-04,completed,74.17,1
O0007471,E0007471,C0129,P060,2026-04-04,completed,47.83,1
O0007472,E0007472,C0198,P030,2026-04-04,completed,856.97,1
O0007473,E0007473,C0508,P079,2026-04-04,completed,298.11,1
O0007474,E0007474,C0590,P050,2026-04-04,cancelled,282.63,1
O0007475,E0007475,C0294,P022,2026-04-04,completed,742.14,1
O0007476,E0007476,C0325,P050,2026-04-04,completed,278.13,1
O0007477,E0007477,C0267,P012,2026-04-04,completed,334.86,1
O0007478,E0007478,C0456,P027,2026-04-04,completed,150.11,1
O0007479,E0007479,C0307,P058,2026-04-04,completed,746.76,1
O0007480,E0007480,C0579,P078,2026-04-04,completed,218.45,1
O0007481,E0007481,C0181,P035,2026-04-04,completed,995.86,1
O0007482,E0007482,C0589,P034,2026-04-04,completed,198.9,1
O0007483,E0007483,C0364,P019,2026-04-04,completed,146.07,1
O0007484,E0007484,C0006,P030,2026-04-04,completed,575.59,1
O0007486,E0007486,C0545,P016,2026-04-04,completed,262.83,1
O0007487,E0007487,C0593,P058,2026-04-04,completed,520.64,1
O0007488,E0007488,C0440,P036,2026-04-04,completed,814.56,1
O0007489,E0007489,C0386,P010,2026-04-04,completed,1088.47,1
O0007490,E0007490,C0277,P002,2026-04-04,cancelled,128.8,1
O0007491,E0007491,C0190,P035,2026-04-04,cancelled,258.71,1
O0007492,E0007492,C0473,P048,2026-04-04,completed,450.54,1
O0007493,E0007493,C0372,P054,2026-04-04,completed,763.04,1
O0007494,E0007494,C0492,P059,2026-04-04,returned,92.65,1
O0007495,E0007495,C0533,P011,2026-04-04,completed,138.67,1
O0007496,E0007496,C0248,P079,2026-04-04,completed,362.34,1
O0007497,E0007497,C0191,P007,2026-04-04,completed,567.92,1
O0007498,E0007498,C0101,P040,2026-04-04,completed,71.21,1
O0007499,E0007499,C0226,P049,2026-04-04,cancelled,165.84,1
O0007500,E0007500,C0169,P002,2026-04-04,completed,395.65,1
O0007501,E0007501,C0428,P077,2026-04-04,completed,234.17,1
O0007502,E0007502,C0115,P075,2026-04-04,completed,918.16,1
O0007503,E0007503,C0443,P008,2026-04-04,completed,196.94,1
O0007504,E0007504,C0471,P016,2026-04-04,completed,689.03,1
O0007505,E0007505,C0472,P043,2026-04-04,completed,33.79,1
O0007506,E0007506,C0442,P074,2026-04-04,completed,379.08,1
O0007507,E0007507,C0423,P026,2026-04-04,completed,676.29,1
O0007508,E0007508,C0563,P005,2026-04-04,completed,31.91,1
O0007509,E0007509,C0154,P035,2026-04-04,completed,530.11,1
O0007510,E0007510,C0555,P066,2026-04-04,completed,911.83,1
O0007511,E0007511,C0263,P040,2026-04-04,completed,32.71,1
O0007512,E0007512,C0551,P028,2026-04-04,completed,248.04,1
O0007513,E0007513,C0515,P056,2026-04-04,cancelled,620.95,1
O0007514,E0007514,C0584,P030,2026-04-04,completed,226.24,1
O0007515,E0007515,C0341,P057,2026-04-04,completed,736.43,1
O0007516,E0007516,C0222,P046,2026-04-04,completed,364.6,1
O0007517,E0007517,C0068,P058,2026-04-04,completed,248.28,1
O0007518,E0007518,C0284,P042,2026-04-04,completed,162.81,1
O0007519,E0007519,C0416,P069,2026-04-04,completed,76.09,1
O0007520,E0007520,C0246,P078,2026-04-05,completed,222.95,1
O0007521,E0007521,C0172,P011,2026-04-05,completed,103.39,1
O0007522,E0007522,C0242,P028,2026-04-05,completed,220.66,1
O0007523,E0007523,C0374,P069,2026-04-05,completed,21.7,1
O0007524,E0007524,C0595,P066,2026-04-05,completed,995.44,1
O0007525,E0007525,C0312,P003,2026-04-05,completed,256.13,1
O0007526,E0007526,C0560,P040,2026-04-05,completed,44.56,1
O0007527,E0007527,C0160,P043,2026-04-05,completed,127.68,1
O0007528,E0007528,C0165,P072,2026-04-05,completed,23.45,1
O0007529,E0007529,C0052,P069,2026-04-05,completed,77.33,1
O0007530,E0007530,C0316,P055,2026-04-05,completed,440.85,1
O0007531,E0007531,C0099,P011,2026-04-05,completed,159.94,1
O0007532,E0007532,C0168,P062,2026-04-05,completed,117.03,1
O0007533,E0007533,C0351,P053,2026-04-05,returned,99.33,1
O0007534,E0007534,C0287,P067,2026-04-05,completed,63.34,1
O0007535,E0007535,C0331,P002,2026-04-05,completed,499.3,1
O0007536,E0007536,C0237,P062,2026-04-05,completed,44.31,1
O0007537,E0007537,C0095,P026,2026-04-05,completed,692.4,1
O0007538,E0007538,C0156,P045,2026-04-05,completed,460.39,1
O0007539,E0007539,C0430,P040,2026-04-05,completed,71.12,1
O0007540,E0007540,C0519,P013,2026-04-05,completed,739.07,1
O0007541,E0007541,C0085,P028,2026-04-05,completed,54.87,1
O0007542,E0007542,C0218,P018,2026-04-05,completed,430.08,1
O0007543,E0007543,C0498,P080,2026-04-05,completed,212.0,1
O0007544,E0007544,C0170,P061,2026-04-05,completed,625.4,1
O0007545,E0007545,C0380,P065,2026-04-05,completed,177.84,1
O0007546,E0007546,C0094,P026,2026-04-05,completed,385.45,1
O0007547,E0007547,C0348,P067,2026-04-05,completed,84.04,1
O0007548,E0007548,C0106,P052,2026-04-05,completed,721.8,1
O0007549,E0007549,C0255,P080,2026-04-05,completed,153.49,1
O0007550,E0007550,C0507,P027,2026-04-05,completed,279.72,1
O0007551,E0007551,C0154,P016,2026-04-05,completed,776.04,1
O0007552,E0007552,C0099,P029,2026-04-05,completed,232.3,1
O0007553,E0007553,C0590,P027,2026-04-05,completed,826.97,1
O0007554,E0007554,C0503,P056,2026-04-05,completed,206.0,1
O0007555,E0007555,C0334,P029,2026-04-05,completed,306.78,1
O0007556,E0007556,C0531,P042,2026-04-05,completed,341.18,1
O0007557,E0007557,C0532,P079,2026-04-05,returned,254.03,1
O0007558,E0007558,C0185,P024,2026-04-05,completed,78.26,1
O0007559,E0007559,C0439,P025,2026-04-05,completed,198.8,1
O0007560,E0007560,C0223,P021,2026-04-05,completed,571.77,1
O0007561,E0007561,C0140,P003,2026-04-05,completed,403.73,1
O0007562,E0007562,C0419,P019,2026-04-05,completed,180.64,1
O0007563,E0007563,C0203,P048,2026-04-05,completed,379.71,1
O0007564,E0007564,C0221,P018,2026-04-05,completed,183.2,1
O0007565,E0007565,C0455,P039,2026-04-05,completed,117.34,1
O0007566,E0007566,C0217,P044,2026-04-05,completed,556.49,1
O0007567,E0007567,C0009,P063,2026-04-05,completed,667.65,1
O0007568,E0007568,C0255,P004,2026-04-05,completed,705.48,1
O0007569,E0007569,C0181,P024,2026-04-05,completed,21.91,1
O0007570,E0007570,C0339,P020,2026-04-05,completed,283.66,1
O0007571,E0007571,C0399,P047,2026-04-05,completed,976.98,1
O0007572,E0007572,C0393,P037,2026-04-05,completed,520.25,1
O0007573,E0007573,C0288,P022,2026-04-05,completed,315.22,1
O0007574,E0007574,C0580,P053,2026-04-05,completed,218.38,1
O0007575,E0007575,C0077,P050,2026-04-05,completed,330.37,1
O0007576,E0007576,C0270,P049,2026-04-05,completed,99.62,1
O0007577,E0007577,C0532,P010,2026-04-05,completed,449.83,1
O0007578,E0007578,C0597,P020,2026-04-05,completed,100.14,1
O0007579,E0007579,C0520,P049,2026-04-05,completed,196.28,1
O0007580,E0007580,C0252,P064,2026-04-05,completed,22.14,1
O0007581,E0007581,C0426,P025,2026-04-05,completed,498.72,1
O0007582,E0007582,C0308,P023,2026-04-05,completed,259.05,1
O0007583,E0007583,C0562,P018,2026-04-05,completed,158.37,1
O0007584,E0007584,C0032,P066,2026-04-05,completed,914.34,1
O0007585,E0007585,C0102,P009,2026-04-05,completed,964.63,1
O0007586,E0007586,C0410,P077,2026-04-05,completed,562.05,1
O0007587,E0007587,C0520,P032,2026-04-05,completed,221.34,1
O0007588,E0007588,C0268,P043,2026-04-05,cancelled,122.42,1
O0007589,E0007589,C0116,P035,2026-04-05,completed,531.25,1
O0007590,E0007590,C0508,P026,2026-04-05,completed,1017.95,1
O0007591,E0007591,C0075,P054,2026-04-05,completed,337.22,1
O0007592,E0007592,C0312,P076,2026-04-05,completed,90.89,1
O0007593,E0007593,C0481,P066,2026-04-05,returned,247.71,1
O0007594,E0007594,C0181,P063,2026-04-05,completed,459.35,1
O0007595,E0007595,C0068,P072,2026-04-05,completed,32.54,1
O0007596,E0007596,C0171,P068,2026-04-05,completed,622.21,1
O0007597,E0007597,C0108,P012,2026-04-05,completed,309.58,1
O0007598,E0007598,C0317,P021,2026-04-05,cancelled,570.51,1
O0007599,E0007599,C0110,P001,2026-04-05,completed,193.51,1
O0007600,E0007600,C0316,P010,2026-04-06,completed,194.58,1
O0007601,E0007601,C0539,P032,2026-04-06,completed,690.04,1
O0007602,E0007602,C0171,P071,2026-04-06,completed,457.64,1
O0007603,E0007603,C0391,P054,2026-04-06,completed,191.61,1
O0007604,E0007604,C0092,P017,2026-04-06,completed,676.43,1
O0007605,E0007605,C0100,P073,2026-04-06,completed,300.58,1
O0007606,E0007606,C0471,P006,2026-04-06,completed,279.38,1
O0007607,E0007607,C0174,P024,2026-04-06,completed,67.04,1
O0007608,E0007608,C0460,P025,2026-04-06,completed,275.16,1
O0007609,E0007609,C0320,P023,2026-04-06,completed,85.49,1
O0007610,E0007610,C0397,P010,2026-04-06,completed,1065.88,1
O0007611,E0007611,C0508,P031,2026-04-06,completed,683.74,1
O0007612,E0007612,C0374,P063,2026-04-06,completed,432.79,1
O0007613,E0007613,C0360,P074,2026-04-06,cancelled,134.15,1
O0007614,E0007614,C0412,P031,2026-04-06,cancelled,204.55,1
O0007615,E0007615,C0037,P024,2026-04-06,completed,19.35,1
O0007616,E0007616,C0251,P074,2026-04-06,completed,421.38,1
O0007617,E0007617,C0103,P047,2026-04-06,completed,748.31,1
O0007618,E0007618,C0454,P029,2026-04-06,completed,413.29,1
O0007619,E0007619,C0301,P008,2026-04-06,completed,405.87,1
O0007620,E0007620,C0347,P062,2026-04-06,completed,76.43,1
O0007621,E0007621,C0228,P054,2026-04-06,completed,143.89,1
O0007622,E0007622,C0493,P050,2026-04-06,completed,301.26,1
O0007623,E0007623,C0517,P026,2026-04-06,completed,530.57,1
O0007624,E0007624,C0402,P002,2026-04-06,completed,119.61,1
O0007625,E0007625,C0441,P049,2026-04-06,completed,105.94,1
O0007626,E0007626,C0006,P031,2026-04-06,completed,584.48,1
O0007627,E0007627,C0370,P003,2026-04-06,completed,571.69,1
O0007628,E0007628,C0061,P038,2026-04-06,completed,514.04,1
O0007629,E0007629,C0144,P065,2026-04-06,completed,60.03,1
O0007630,E0007630,C0108,P022,2026-04-06,completed,436.53,1
O0007631,E0007631,C0017,P067,2026-04-06,completed,143.37,1
O0007632,E0007632,C0034,P077,2026-04-06,completed,701.14,1
O0007633,E0007633,C0400,P044,2026-04-06,completed,293.07,1
O0007634,E0007634,C0288,P060,2026-04-06,completed,58.08,1
O0007635,E0007635,C0528,P013,2026-04-06,returned,505.55,1
O0007636,E0007636,C0355,P037,2026-04-06,cancelled,917.24,1
O0007637,E0007637,C0169,P069,2026-04-06,returned,117.22,1
O0007638,E0007638,C0083,P019,2026-04-06,returned,530.78,1
O0007639,E0007639,C0233,P004,2026-04-06,completed,611.98,1
O0007640,E0007640,C0299,P063,2026-04-06,completed,368.11,1
O0007641,E0007641,C0118,P019,2026-04-06,completed,658.7,1
O0007642,E0007642,C0224,P075,2026-04-06,returned,689.46,1
O0007643,E0007643,C0574,P038,2026-04-06,completed,216.35,1
O0007644,E0007644,C0437,P007,2026-04-06,completed,165.64,1
O0007645,E0007645,C0435,P075,2026-04-06,completed,563.77,1
O0007646,E0007646,C0261,P033,2026-04-06,completed,353.59,1
O0007647,E0007647,C0580,P053,2026-04-06,completed,78.89,1
O0007648,E0007648,C0271,P021,2026-04-06,completed,121.03,1
O0007649,E0007649,C0203,P056,2026-04-06,completed,412.96,1
O0007650,E0007650,C0439,P001,2026-04-06,completed,95.72,1
O0007651,E0007651,C0208,P022,2026-04-06,completed,391.68,1
O0007652,E0007652,C0432,P011,2026-04-06,completed,167.31,1
O0007653,E0007653,C0307,P024,2026-04-06,completed,75.37,1
O0007654,E0007654,C0099,P009,2026-04-06,completed,180.89,1
O0007655,E0007655,C0360,P032,2026-04-06,cancelled,225.15,1
O0007656,E0007656,C0457,P071,2026-04-06,completed,160.19,1
O0007657,E0007657,C0106,P079,2026-04-06,completed,725.54,1
O0007658,E0007658,C0445,P070,2026-04-06,completed,212.96,1
O0007659,E0007659,C0292,P018,2026-04-06,completed,850.15,1
O0007660,E0007660,C0386,P036,2026-04-06,completed,847.22,1
O0007661,E0007661,C0339,P060,2026-04-06,completed,116.24,1
O0007662,E0007662,C0080,P007,2026-04-06,completed,188.13,1
O0007663,E0007663,C0365,P040,2026-04-06,completed,41.08,1
O0007664,E0007664,C0527,P002,2026-04-06,returned,242.12,1
O0007665,E0007665,C0110,P016,2026-04-06,completed,660.27,1
O0007666,E0007666,C0342,P031,2026-04-06,completed,766.75,1
O0007667,E0007667,C0346,P002,2026-04-06,completed,563.3,1
O0007668,E0007668,C0577,P073,2026-04-06,completed,163.12,1
O0007669,E0007669,C0044,P068,2026-04-06,completed,292.77,1
O0007670,E0007670,C0225,P044,2026-04-06,completed,583.36,1
O0007671,E0007671,C0233,P002,2026-04-06,completed,118.99,1
O0007672,E0007672,C0487,P068,2026-04-06,completed,513.07,1
O0007673,E0007673,C0596,P052,2026-04-06,completed,232.33,1
O0007674,E0007674,C0104,P016,2026-04-06,completed,801.36,1
O0007675,E0007675,C0301,P059,2026-04-06,completed,78.02,1
O0007676,E0007676,C0447,P040,2026-04-06,completed,18.35,1
O0007677,E0007677,C0445,P015,2026-04-06,returned,264.99,1
O0007678,E0007678,C0326,P027,2026-04-06,completed,164.71,1
O0007679,E0007679,C0473,P048,2026-04-06,completed,460.92,1
O0007680,E0007680,C0233,P021,2026-04-07,completed,519.63,1
O0007681,E0007681,C0501,P061,2026-04-07,completed,552.73,1
O0007682,E0007682,C0585,P006,2026-04-07,completed,275.27,1
O0007683,E0007683,C0112,P006,2026-04-07,completed,674.3,1
O0007684,E0007684,C0022,P034,2026-04-07,completed,339.48,1
O0007685,E0007685,C0154,P058,2026-04-07,completed,480.73,1
O0007686,E0007686,C0442,P065,2026-04-07,completed,64.4,1
O0007687,E0007687,C0483,P046,2026-04-07,completed,168.45,1
O0007688,E0007688,C0439,P001,2026-04-07,completed,208.6,1
O0007689,E0007689,C0474,P031,2026-04-07,completed,484.52,1
O0007690,E0007690,C0539,P069,2026-04-07,completed,21.64,1
O0007691,E0007691,C0123,P025,2026-04-07,completed,607.4,1
O0007692,E0007692,C0067,P056,2026-04-07,completed,176.61,1
O0007693,E0007693,C0026,P037,2026-04-07,completed,495.92,1
O0007694,E0007694,C0353,P027,2026-04-07,completed,369.28,1
O0007695,E0007695,C0428,P016,2026-04-07,completed,796.64,1
O0007696,E0007696,C0066,P040,2026-04-07,completed,40.34,1
O0007697,E0007697,C0181,P013,2026-04-07,completed,713.06,1
O0007698,E0007698,C0015,P052,2026-04-07,completed,226.43,1
O0007699,E0007699,C0047,P067,2026-04-07,returned,60.9,1
O0007700,E0007700,C0415,P039,2026-04-07,completed,31.73,1
O0007701,E0007701,C0271,P056,2026-04-07,completed,215.23,1
O0007702,E0007702,C0289,P009,2026-04-07,completed,429.69,1
O0007703,E0007703,C0443,P052,2026-04-07,completed,362.26,1
O0007704,E0007704,C0559,P060,2026-04-07,completed,68.0,1
O0007705,E0007705,C0081,P028,2026-04-07,completed,113.65,1
O0007706,E0007706,C0195,P073,2026-04-07,completed,117.42,1
O0007707,E0007707,C0533,P018,2026-04-07,completed,391.16,1
O0007708,E0007708,C0004,P001,2026-04-07,completed,179.81,1
O0007709,E0007709,C0083,P068,2026-04-07,completed,137.56,1
O0007710,E0007710,C0489,P037,2026-04-07,completed,365.61,1
O0007711,E0007711,C0209,P072,2026-04-07,completed,27.73,1
O0007712,E0007712,C0166,P030,2026-04-07,returned,395.22,1
O0007713,E0007713,C0572,P063,2026-04-07,completed,153.73,1
O0007714,E0007714,C0374,P047,2026-04-07,completed,375.42,1
O0007715,E0007715,C0091,P065,2026-04-07,completed,87.74,1
O0007716,E0007716,C0251,P051,2026-04-07,completed,75.89,1
O0007717,E0007717,C0414,P040,2026-04-07,completed,74.03,1
O0007718,E0007718,C0484,P020,2026-04-07,completed,57.13,1
O0007719,E0007719,C0004,P053,2026-04-07,returned,109.62,1
O0007720,E0007720,C0550,P004,2026-04-07,completed,695.97,1
O0007721,E0007721,C0227,P023,2026-04-07,completed,358.12,1
O0007722,E0007722,C0060,P070,2026-04-07,completed,145.13,1
O0007723,E0007723,C0459,P072,2026-04-07,returned,70.71,1
O0007724,E0007724,C0256,P067,2026-04-07,completed,98.93,1
O0007725,E0007725,C0249,P041,2026-04-07,completed,261.13,1
O0007726,E0007726,C0524,P023,2026-04-07,completed,209.84,1
O0007727,E0007727,C0164,P013,2026-04-07,completed,761.05,1
O0007728,E0007728,C0067,P007,2026-04-07,completed,148.76,1
O0007729,E0007729,C0284,P074,2026-04-07,completed,86.97,1
O0007730,E0007730,C0262,P010,2026-04-07,completed,244.73,1
O0007731,E0007731,C0039,P057,2026-04-07,completed,492.89,1
O0007732,E0007732,C0315,P026,2026-04-07,completed,718.49,1
O0007733,E0007733,C0558,P043,2026-04-07,completed,131.24,1
O0007734,E0007734,C0134,P072,2026-04-07,completed,46.27,1
O0007735,E0007735,C0193,P058,2026-04-07,completed,858.15,1
O0007736,E0007736,C0571,P043,2026-04-07,completed,166.33,1
O0007737,E0007737,C0299,P075,2026-04-07,completed,711.96,1
O0007738,E0007738,C0426,P053,2026-04-07,completed,178.0,1
O0007739,E0007739,C0427,P032,2026-04-07,completed,684.08,1
O0007740,E0007740,C0227,P011,2026-04-07,returned,112.99,1
O0007741,E0007741,C0577,P062,2026-04-07,completed,118.53,1
O0007742,E0007742,C0424,P079,2026-04-07,completed,299.38,1
O0007743,E0007743,C0451,P069,2026-04-07,cancelled,59.98,1
O0007744,E0007744,C0195,P040,2026-04-07,completed,34.49,1
O0007745,E0007745,C0134,P080,2026-04-07,returned,122.06,1
O0007746,E0007746,C0509,P035,2026-04-07,completed,781.38,1
O0007747,E0007747,C0341,P008,2026-04-07,completed,414.1,1
O0007748,E0007748,C0112,P076,2026-04-07,completed,362.22,1
O0007749,E0007749,C0214,P001,2026-04-07,cancelled,454.69,1
O0007750,E0007750,C0312,P021,2026-04-07,completed,117.13,1
O0007751,E0007751,C0563,P063,2026-04-07,completed,575.1,1
O0007752,E0007752,C0016,P066,2026-04-07,completed,207.24,1
O0007753,E0007753,C0004,P053,2026-04-07,completed,327.65,1
O0007754,E0007754,C0212,P064,2026-04-07,completed,60.67,1
O0007755,E0007755,C0171,P011,2026-04-07,completed,39.7,1
O0007756,E0007756,C0368,P061,2026-04-07,completed,472.6,1
O0007757,E0007757,C0460,P006,2026-04-07,completed,851.96,1
O0007758,E0007758,C0218,P047,2026-04-07,completed,789.25,1
O0007759,E0007759,C0004,P020,2026-04-07,completed,306.8,1
O0007760,E0007760,C0323,P044,2026-04-08,completed,420.78,1
O0007761,E0007761,C0119,P027,2026-04-08,completed,576.16,1
O0007762,E0007762,C0389,P074,2026-04-08,completed,395.15,1
O0007763,E0007763,C0352,P015,2026-04-08,completed,91.96,1
O0007764,E0007764,C0301,P011,2026-04-08,completed,71.75,1
O0007765,E0007765,C0523,P048,2026-04-08,completed,156.52,1
O0007766,E0007766,C0463,P038,2026-04-08,completed,1035.14,1
O0007767,E0007767,C0403,P059,2026-04-08,completed,71.47,1
O0007768,E0007768,C0428,P003,2026-04-08,completed,367.93,1
O0007769,E0007769,C0318,P048,2026-04-08,completed,374.21,1
O0007770,E0007770,C0052,P076,2026-04-08,cancelled,315.89,1
O0007771,E0007771,C0296,P015,2026-04-08,completed,84.31,1
O0007772,E0007772,C0314,P038,2026-04-08,completed,394.66,1
O0007773,E0007773,C0124,P057,2026-04-08,completed,653.64,1
O0007774,E0007774,C0169,P073,2026-04-08,returned,170.22,1
O0007775,E0007775,C0302,P078,2026-04-08,completed,448.25,1
O0007776,E0007776,C0282,P009,2026-04-08,completed,327.13,1
O0007777,E0007777,C0042,P042,2026-04-08,completed,140.65,1
O0007778,E0007778,C0135,P024,2026-04-08,completed,79.85,1
O0007779,E0007779,C0357,P008,2026-04-08,completed,581.95,1
O0007780,E0007780,C0380,P068,2026-04-08,cancelled,153.29,1
O0007781,E0007781,C0467,P007,2026-04-08,completed,549.95,1
O0007782,E0007782,C0132,P049,2026-04-08,cancelled,94.42,1
O0007783,E0007783,C0224,P017,2026-04-08,completed,840.22,1
O0007784,E0007784,C0463,P011,2026-04-08,completed,111.11,1
O0007785,E0007785,C0343,P016,2026-04-08,completed,509.24,1
O0007786,E0007786,C0306,P004,2026-04-08,returned,659.1,1
O0007787,E0007787,C0458,P072,2026-04-08,returned,117.55,1
O0007788,E0007788,C0397,P074,2026-04-08,completed,287.03,1
O0007789,E0007789,C0009,P035,2026-04-08,completed,927.72,1
O0007790,E0007790,C0305,P062,2026-04-08,completed,31.36,1
O0007791,E0007791,C0293,P070,2026-04-08,completed,62.59,1
O0007792,E0007792,C0478,P007,2026-04-08,completed,535.19,1
O0007793,E0007793,C0308,P024,2026-04-08,completed,61.83,1
O0007794,E0007794,C0066,P044,2026-04-08,completed,473.16,1
O0007795,E0007795,C0563,P078,2026-04-08,completed,378.31,1
O0007796,E0007796,C0252,P036,2026-04-08,returned,179.08,1
O0007797,E0007797,C0245,P016,2026-04-08,returned,205.82,1
O0007798,E0007798,C0234,P070,2026-04-08,completed,70.15,1
O0007799,E0007799,C0020,P053,2026-04-08,completed,105.47,1
O0007800,E0007800,C0481,P048,2026-04-08,completed,157.81,1
O0007801,E0007801,C0178,P004,2026-04-08,completed,447.05,1
O0007802,E0007802,C0312,P051,2026-04-08,cancelled,155.05,1
O0007803,E0007803,C0494,P051,2026-04-08,completed,128.18,1
O0007804,E0007804,C0541,P067,2026-04-08,completed,130.66,1
O0007805,E0007805,C0576,P009,2026-04-08,completed,355.38,1
O0007806,E0007806,C0203,P027,2026-04-08,completed,148.86,1
O0007807,E0007807,C0311,P053,2026-04-08,completed,438.32,1
O0007808,E0007808,C0581,P079,2026-04-08,completed,462.17,1
O0007809,E0007809,C0305,P058,2026-04-08,completed,818.28,1
O0007810,E0007810,C0295,P032,2026-04-08,completed,843.71,1
O0007811,E0007811,C0050,P017,2026-04-08,completed,394.37,1
O0007812,E0007812,C0544,P070,2026-04-08,completed,158.86,1
O0007813,E0007813,C0546,P032,2026-04-08,returned,552.07,1
O0007814,E0007814,C0364,P004,2026-04-08,completed,224.89,1
O0007815,E0007815,C0409,P050,2026-04-08,completed,221.3,1
O0007816,E0007816,C0082,P055,2026-04-08,completed,152.15,1
O0007817,E0007817,C0137,P022,2026-04-08,returned,395.69,1
O0007818,E0007818,C0321,P039,2026-04-08,completed,30.24,1
O0007819,E0007819,C0474,P059,2026-04-08,completed,45.62,1
O0007820,E0007820,C0492,P067,2026-04-08,completed,79.45,1
O0007821,E0007821,C0232,P074,2026-04-08,completed,149.78,1
O0007822,E0007822,C0159,P043,2026-04-08,completed,132.0,1
O0007823,E0007823,C0459,P012,2026-04-08,completed,377.01,1
O0007824,E0007824,C0590,P049,2026-04-08,completed,105.54,1
O0007825,E0007825,C0015,P047,2026-04-08,completed,208.9,1
O0007826,E0007826,C0252,P010,2026-04-08,completed,755.79,1
O0007827,E0007827,C0218,P024,2026-04-08,completed,39.55,1
O0007828,E0007828,C0289,P055,2026-04-08,completed,516.92,1
O0007829,E0007829,C0226,P009,2026-04-08,completed,218.51,1
O0007830,E0007830,C0178,P070,2026-04-08,completed,334.54,1
O0007831,E0007831,C0523,P034,2026-04-08,completed,306.28,1
O0007832,E0007832,C0342,P078,2026-04-08,completed,349.29,1
O0007833,E0007833,C0352,P044,2026-04-08,returned,254.58,1
O0007834,E0007834,C0003,P056,2026-04-08,completed,1043.09,1
O0007835,E0007835,C0466,P066,2026-04-08,completed,762.39,1
O0007836,E0007836,C0045,P043,2026-04-08,completed,100.08,1
O0007837,E0007837,C0019,P035,2026-04-08,completed,689.98,1
O0007838,E0007838,C0054,P069,2026-04-08,returned,62.13,1
O0007839,E0007839,C0428,P045,2026-04-08,completed,599.82,1
O0007840,E0007840,C0442,P045,2026-04-09,completed,173.58,1
O0007841,E0007841,C0466,P013,2026-04-09,completed,803.29,1
O0007842,E0007842,C0238,P057,2026-04-09,completed,175.98,1
O0007843,E0007843,C0257,P041,2026-04-09,completed,218.09,1
O0007844,E0007844,C0018,P017,2026-04-09,completed,654.64,1
O0007845,E0007845,C0111,P075,2026-04-09,cancelled,431.29,1
O0007846,E0007846,C0574,P046,2026-04-09,returned,500.46,1
O0007847,E0007847,C0596,P032,2026-04-09,completed,537.76,1
O0007848,E0007848,C0191,P005,2026-04-09,completed,53.86,1
O0007849,E0007849,C0339,P080,2026-04-09,completed,40.91,1
O0007850,E0007850,C0392,P047,2026-04-09,completed,612.35,1
O0007851,E0007851,C0381,P019,2026-04-09,returned,543.31,1
O0007852,E0007852,C0235,P045,2026-04-09,completed,426.12,1
O0007853,E0007853,C0074,P032,2026-04-09,completed,520.59,1
O0007854,E0007854,C0456,P075,2026-04-09,completed,458.56,1
O0007855,E0007855,C0580,P057,2026-04-09,completed,171.11,1
O0007856,E0007856,C0457,P062,2026-04-09,completed,84.24,1
O0007857,E0007857,C0371,P026,2026-04-09,completed,1015.93,1
O0007858,E0007858,C0414,P076,2026-04-09,completed,246.77,1
O0007859,E0007859,C0430,P003,2026-04-09,completed,723.08,1
O0007860,E0007860,C0004,P041,2026-04-09,completed,435.87,1
O0007861,E0007861,C0366,P027,2026-04-09,returned,707.44,1
O0007862,E0007862,C0136,P058,2026-04-09,completed,177.19,1
O0007863,E0007863,C0047,P063,2026-04-09,completed,333.09,1
O0007864,E0007864,C0474,P052,2026-04-09,completed,221.25,1
O0007865,E0007865,C0546,P027,2026-04-09,completed,578.01,1
O0007866,E0007866,C0043,P062,2026-04-09,cancelled,61.31,1
O0007867,E0007867,C0014,P039,2026-04-09,completed,89.9,1
O0007868,E0007868,C0083,P062,2026-04-09,completed,116.61,1
O0007869,E0007869,C0124,P070,2026-04-09,completed,76.25,1
O0007870,E0007870,C0501,P024,2026-04-09,completed,72.25,1
O0007871,E0007871,C0405,P024,2026-04-09,completed,25.75,1
O0007872,E0007872,C0402,P033,2026-04-09,returned,214.65,1
O0007873,E0007873,C0501,P054,2026-04-09,completed,130.57,1
O0007874,E0007874,C0431,P074,2026-04-09,completed,222.9,1
O0007875,E0007875,C0109,P018,2026-04-09,cancelled,411.97,1
O0007876,E0007876,C0082,P025,2026-04-09,completed,546.01,1
O0007877,E0007877,C0583,P068,2026-04-09,completed,254.45,1
O0007878,E0007878,C0072,P006,2026-04-09,completed,856.71,1
O0007879,E0007879,C0216,P050,2026-04-09,returned,270.16,1
O0007880,E0007880,C0570,P071,2026-04-09,completed,434.6,1
O0007881,E0007881,C0134,P031,2026-04-09,completed,435.5,1
O0007882,E0007882,C0486,P039,2026-04-09,completed,113.04,1
O0007883,E0007883,C0441,P005,2026-04-09,completed,34.3,1
O0007884,E0007884,C0075,P031,2026-04-09,completed,427.76,1
O0007885,E0007885,C0165,P016,2026-04-09,completed,682.78,1
O0007886,E0007886,C0546,P078,2026-04-09,completed,829.44,1
O0007887,E0007887,C0063,P006,2026-04-09,completed,1009.68,1
O0007888,E0007888,C0339,P045,2026-04-09,completed,781.69,1
O0007889,E0007889,C0231,P048,2026-04-09,completed,149.14,1
O0007890,E0007890,C0287,P029,2026-04-09,completed,390.88,1
O0007891,E0007891,C0598,P063,2026-04-09,returned,166.27,1
O0007892,E0007892,C0495,P080,2026-04-09,completed,89.77,1
O0007893,E0007893,C0167,P037,2026-04-09,completed,722.85,1
O0007894,E0007894,C0199,P006,2026-04-09,completed,423.75,1
O0007895,E0007895,C0027,P028,2026-04-09,completed,123.48,1
O0007896,E0007896,C0403,P060,2026-04-09,completed,95.49,1
O0007897,E0007897,C0208,P060,2026-04-09,completed,166.11,1
O0007898,E0007898,C0435,P079,2026-04-09,completed,145.99,1
O0007899,E0007899,C0145,P068,2026-04-09,completed,505.97,1
O0007900,E0007900,C0520,P026,2026-04-09,completed,758.49,1
O0007901,E0007901,C0231,P012,2026-04-09,completed,690.05,1
O0007902,E0007902,C0265,P032,2026-04-09,completed,235.46,1
O0007903,E0007903,C0081,P002,2026-04-09,completed,508.94,1
O0007904,E0007904,C0312,P022,2026-04-09,completed,464.21,1
O0007905,E0007905,C0496,P030,2026-04-09,completed,981.07,1
O0007906,E0007906,C0529,P012,2026-04-09,completed,553.1,1
O0007907,E0007907,C0426,P001,2026-04-09,completed,556.47,1
O0007908,E0007908,C0088,P055,2026-04-09,cancelled,347.3,1
O0007909,E0007909,C0118,P020,2026-04-09,returned,249.1,1
O0007910,E0007910,C0547,P002,2026-04-09,completed,358.48,1
O0007911,E0007911,C0104,P068,2026-04-09,completed,422.51,1
O0007912,E0007912,C0438,P061,2026-04-09,returned,632.62,1
O0007913,E0007913,C0191,P073,2026-04-09,completed,463.37,1
O0007914,E0007914,C0552,P023,2026-04-09,completed,323.0,1
O0007915,E0007915,C0227,P073,2026-04-09,completed,578.35,1
O0007916,E0007916,C0035,P074,2026-04-09,completed,330.91,1
O0007917,E0007917,C0031,P021,2026-04-09,cancelled,655.14,1
O0007918,E0007918,C0064,P034,2026-04-09,completed,449.87,1
O0007919,E0007919,C0100,P057,2026-04-09,completed,690.09,1
O0007920,E0007920,C0145,P079,2026-04-10,returned,358.7,1
O0007921,E0007921,C0155,P008,2026-04-10,completed,670.1,1
O0007922,E0007922,C0353,P076,2026-04-10,completed,249.08,1
O0007923,E0007923,C0094,P030,2026-04-10,completed,678.27,1
O0007924,E0007924,C0445,P017,2026-04-10,returned,246.53,1
O0007925,E0007925,C0419,P071,2026-04-10,completed,572.97,1
O0007926,E0007926,C0028,P007,2026-04-10,completed,357.03,1
O0007927,E0007927,C0535,P074,2026-04-10,completed,81.22,1
O0007928,E0007928,C0418,P034,2026-04-10,returned,346.88,1
O0007929,E0007929,C0454,P042,2026-04-10,completed,459.52,1
O0007930,E0007930,C0097,P032,2026-04-10,completed,576.4,1
O0007931,E0007931,C0298,P055,2026-04-10,completed,484.24,1
O0007932,E0007932,C0134,P003,2026-04-10,completed,580.93,1
O0007933,E0007933,C0536,P026,2026-04-10,completed,661.85,1
O0007934,E0007934,C0598,P004,2026-04-10,completed,523.05,1
O0007935,E0007935,C0570,P043,2026-04-10,completed,40.98,1
O0007936,E0007936,C0144,P045,2026-04-10,completed,995.29,1
O0007937,E0007937,C0346,P062,2026-04-10,returned,62.43,1
O0007938,E0007938,C0403,P013,2026-04-10,completed,1064.96,1
O0007939,E0007939,C0453,P029,2026-04-10,completed,117.49,1
O0007940,E0007940,C0350,P033,2026-04-10,completed,890.69,1
O0007941,E0007941,C0411,P024,2026-04-10,completed,69.6,1
O0007942,E0007942,C0069,P043,2026-04-10,returned,62.08,1
O0007943,E0007943,C0148,P048,2026-04-10,completed,388.89,1
O0007944,E0007944,C0030,P071,2026-04-10,completed,675.06,1
O0007945,E0007945,C0267,P042,2026-04-10,completed,449.1,1
O0007946,E0007946,C0426,P043,2026-04-10,completed,184.11,1
O0007947,E0007947,C0232,P040,2026-04-10,completed,16.87,1
O0007948,E0007948,C0508,P032,2026-04-10,completed,225.91,1
O0007949,E0007949,C0131,P031,2026-04-10,completed,459.36,1
O0007950,E0007950,C0397,P033,2026-04-10,completed,162.97,1
O0007951,E0007951,C0317,P002,2026-04-10,completed,275.18,1
O0007952,E0007952,C0418,P063,2026-04-10,completed,470.54,1
O0007953,E0007953,C0034,P034,2026-04-10,completed,207.29,1
O0007954,E0007954,C0582,P013,2026-04-10,completed,534.11,1
O0007955,E0007955,C0321,P011,2026-04-10,completed,86.67,1
O0007956,E0007956,C0102,P033,2026-04-10,completed,222.33,1
O0007957,E0007957,C0502,P059,2026-04-10,completed,69.4,1
O0007958,E0007958,C0200,P014,2026-04-10,returned,52.59,1
O0007959,E0007959,C0289,P078,2026-04-10,completed,804.01,1
O0007960,E0007960,C0539,P063,2026-04-10,completed,164.14,1
O0007961,E0007961,C0171,P025,2026-04-10,completed,406.47,1
O0007962,E0007962,C0399,P006,2026-04-10,completed,208.82,1
O0007963,E0007963,C0476,P072,2026-04-10,completed,45.26,1
O0007964,E0007964,C0569,P033,2026-04-10,completed,625.6,1
O0007965,E0007965,C0564,P017,2026-04-10,completed,481.87,1
O0007966,E0007966,C0045,P050,2026-04-10,completed,278.04,1
O0007967,E0007967,C0124,P071,2026-04-10,completed,197.32,1
O0007968,E0007968,C0254,P068,2026-04-10,completed,158.44,1
O0007969,E0007969,C0560,P001,2026-04-10,completed,200.56,1
O0007970,E0007970,C0053,P068,2026-04-10,completed,334.41,1
O0007971,E0007971,C0435,P025,2026-04-10,completed,141.98,1
O0007972,E0007972,C0388,P022,2026-04-10,returned,532.51,1
O0007973,E0007973,C0357,P051,2026-04-10,completed,37.17,1
O0007974,E0007974,C0457,P009,2026-04-10,cancelled,250.37,1
O0007975,E0007975,C0316,P017,2026-04-10,completed,331.92,1
O0007976,E0007976,C0551,P020,2026-04-10,completed,180.17,1
O0007977,E0007977,C0206,P031,2026-04-10,completed,737.93,1
O0007978,E0007978,C0276,P075,2026-04-10,completed,811.35,1
O0007979,E0007979,C0236,P042,2026-04-10,completed,233.47,1
O0007980,E0007980,C0467,P047,2026-04-10,completed,660.52,1
O0007981,E0007981,C0410,P020,2026-04-10,returned,201.48,1
O0007982,E0007982,C0446,P028,2026-04-10,completed,67.37,1
O0007983,E0007983,C0375,P077,2026-04-10,completed,861.61,1
O0007985,E0007985,C0067,P075,2026-04-10,completed,641.12,1
O0007986,E0007986,C0044,P060,2026-04-10,completed,132.18,1
O0007987,E0007987,C0282,P060,2026-04-10,completed,74.58,1
O0007988,E0007988,C0576,P034,2026-04-10,returned,155.79,1
O0007989,E0007989,C0346,P016,2026-04-10,completed,549.74,1
O0007990,E0007990,C0264,P067,2026-04-10,completed,114.02,1
O0007991,E0007991,C0566,P006,2026-04-10,completed,398.35,1
O0007992,E0007992,C0506,P067,2026-04-10,cancelled,31.7,1
O0007993,E0007993,C0365,P024,2026-04-10,cancelled,24.34,1
O0007994,E0007994,C0216,P003,2026-04-10,completed,768.61,1
O0007995,E0007995,C0339,P042,2026-04-10,completed,314.83,1
O0007996,E0007996,C0561,P048,2026-04-10,returned,153.42,1
O0007997,E0007997,C0107,P055,2026-04-10,completed,161.06,1
O0007998,E0007998,C0157,P072,2026-04-10,completed,131.32,1
O0007999,E0007999,C0496,P024,2026-04-10,completed,67.57,1
O0008000,E0008000,C0119,P005,2026-04-11,completed,110.68,1
O0008001,E0008001,C0316,P006,2026-04-11,completed,503.86,1
O0008002,E0008002,C0485,P035,2026-04-11,completed,543.3,1
O0008003,E0008003,C0497,P063,2026-04-11,returned,629.41,1
O0008004,E0008004,C0545,P059,2026-04-11,completed,25.41,1
O0008005,E0008005,C0097,P043,2026-04-11,completed,40.93,1
O0008006,E0008006,C0256,P008,2026-04-11,completed,734.53,1
O0008007,E0008007,C0518,P059,2026-04-11,completed,23.61,1
O0008008,E0008008,C0161,P034,2026-04-11,returned,321.4,1
O0008009,E0008009,C0353,P002,2026-04-11,completed,547.73,1
O0008010,E0008010,C0569,P032,2026-04-11,completed,1043.04,1
O0008011,E0008011,C0353,P024,2026-04-11,returned,98.17,1
O0008012,E0008012,C0522,P047,2026-04-11,completed,606.0,1
O0008013,E0008013,C0026,P072,2026-04-11,completed,82.26,1
O0008014,E0008014,C0538,P055,2026-04-11,completed,517.94,1
O0008015,E0008015,C0115,P052,2026-04-11,completed,1040.28,1
O0008016,E0008016,C0268,P006,2026-04-11,completed,598.01,1
O0008017,E0008017,C0456,P034,2026-04-11,completed,513.54,1
O0008018,E0008018,C0295,P066,2026-04-11,completed,706.85,1
O0008019,E0008019,C0381,P001,2026-04-11,completed,288.14,1
O0008020,E0008020,C0494,P043,2026-04-11,completed,71.74,1
O0008021,E0008021,C0068,P055,2026-04-11,completed,134.1,1
O0008022,E0008022,C0548,P014,2026-04-11,completed,39.65,1
O0008023,E0008023,C0334,P057,2026-04-11,completed,563.52,1
O0008024,E0008024,C0196,P036,2026-04-11,completed,189.28,1
O0008025,E0008025,C0474,P020,2026-04-11,completed,264.69,1
O0008026,E0008026,C0387,P012,2026-04-11,completed,108.92,1
O0008027,E0008027,C0053,P059,2026-04-11,completed,96.31,1
O0008028,E0008028,C0159,P034,2026-04-11,completed,711.56,1
O0008029,E0008029,C0588,P013,2026-04-11,cancelled,822.38,1
O0008030,E0008030,C0314,P035,2026-04-11,completed,567.16,1
O0008031,E0008031,C0518,P062,2026-04-11,completed,86.92,1
O0008032,E0008032,C0471,P011,2026-04-11,completed,166.91,1
O0008033,E0008033,C0553,P040,2026-04-11,cancelled,15.28,1
O0008034,E0008034,C0167,P025,2026-04-11,completed,563.54,1
O0008035,E0008035,C0029,P009,2026-04-11,returned,198.22,1
O0008036,E0008036,C0021,P042,2026-04-11,completed,460.49,1
O0008037,E0008037,C0144,P041,2026-04-11,completed,115.11,1
O0008038,E0008038,C0377,P069,2026-04-11,completed,67.89,1
O0008039,E0008039,C0175,P057,2026-04-11,completed,183.78,1
O0008040,E0008040,C0462,P067,2026-04-11,completed,53.38,1
O0008041,E0008041,C0357,P027,2026-04-11,completed,366.13,1
O0008042,E0008042,C0336,P040,2026-04-11,completed,55.77,1
O0008043,E0008043,C0186,P023,2026-04-11,completed,95.06,1
O0008044,E0008044,C0393,P045,2026-04-11,completed,218.97,1
O0008045,E0008045,C0290,P060,2026-04-11,completed,53.78,1
O0008046,E0008046,C0508,P017,2026-04-11,completed,384.29,1
O0008047,E0008047,C0035,P008,2026-04-11,completed,410.27,1
O0008048,E0008048,C0003,P068,2026-04-11,completed,495.23,1
O0008049,E0008049,C0213,P063,2026-04-11,completed,470.67,1
O0008050,E0008050,C0214,P036,2026-04-11,completed,559.97,1
O0008051,E0008051,C0184,P047,2026-04-11,completed,696.06,1
O0008052,E0008052,C0339,P071,2026-04-11,completed,379.55,1
O0008053,E0008053,C0276,P013,2026-04-11,completed,261.07,1
O0008054,E0008054,C0487,P030,2026-04-11,returned,233.31,1
O0008055,E0008055,C0045,P026,2026-04-11,completed,783.17,1
O0008056,E0008056,C0146,P040,2026-04-11,completed,14.13,1
O0008057,E0008057,C0173,P032,2026-04-11,completed,495.03,1
O0008058,E0008058,C0243,P005,2026-04-11,returned,108.74,1
O0008059,E0008059,C0018,P052,2026-04-11,returned,517.74,1
O0008060,E0008060,C0485,P035,2026-04-11,completed,466.0,1
O0008061,E0008061,C0037,P022,2026-04-11,completed,487.82,1
O0008062,E0008062,C0225,P048,2026-04-11,completed,362.76,1
O0008063,E0008063,C0569,P047,2026-04-11,cancelled,622.84,1
O0008064,E0008064,C0578,P068,2026-04-11,completed,323.57,1
O0008065,E0008065,C0045,P057,2026-04-11,completed,228.09,1
O0008066,E0008066,C0208,P045,2026-04-11,completed,435.55,1
O0008067,E0008067,C0416,P068,2026-04-11,completed,333.53,1
O0008068,E0008068,C0312,P050,2026-04-11,completed,88.6,1
O0008069,E0008069,C0466,P059,2026-04-11,returned,19.67,1
O0008070,E0008070,C0356,P041,2026-04-11,completed,443.53,1
O0008071,E0008071,C0408,P042,2026-04-11,completed,162.85,1
O0008072,E0008072,C0137,P069,2026-04-11,returned,117.09,1
O0008073,E0008073,C0246,P026,2026-04-11,completed,555.32,1
O0008074,E0008074,C0039,P008,2026-04-11,completed,183.59,1
O0008075,E0008075,C0253,P055,2026-04-11,completed,143.3,1
O0008076,E0008076,C0309,P031,2026-04-11,completed,175.33,1
O0008077,E0008077,C0561,P019,2026-04-11,completed,366.75,1
O0008078,E0008078,C0568,P014,2026-04-11,completed,30.86,1
O0008079,E0008079,C0295,P016,2026-04-11,completed,480.14,1
O0008080,E0008080,C0175,P043,2026-04-12,completed,63.18,1
O0008081,E0008081,C0058,P031,2026-04-12,completed,382.13,1
O0008082,E0008082,C0558,P004,2026-04-12,completed,356.38,1
O0008083,E0008083,C0501,P021,2026-04-12,completed,133.92,1
O0008084,E0008084,C0166,P013,2026-04-12,completed,413.41,1
O0008085,E0008085,C0421,P042,2026-04-12,cancelled,474.6,1
O0008086,E0008086,C0418,P076,2026-04-12,completed,252.78,1
O0008087,E0008087,C0470,P063,2026-04-12,completed,488.39,1
O0008088,E0008088,C0004,P047,2026-04-12,completed,520.59,1
O0008089,E0008089,C0402,P025,2026-04-12,completed,175.0,1
O0008090,E0008090,C0125,P031,2026-04-12,completed,361.01,1
O0008091,E0008091,C0432,P043,2026-04-12,completed,87.93,1
O0008092,E0008092,C0440,P063,2026-04-12,completed,324.48,1
O0008093,E0008093,C0462,P076,2026-04-12,completed,277.77,1
O0008094,E0008094,C0308,P059,2026-04-12,completed,46.35,1
O0008095,E0008095,C0164,P065,2026-04-12,completed,100.7,1
O0008096,E0008096,C0202,P024,2026-04-12,cancelled,51.01,1
O0008097,E0008097,C0181,P011,2026-04-12,completed,135.86,1
O0008098,E0008098,C0395,P021,2026-04-12,completed,160.23,1
O0008099,E0008099,C0044,P063,2026-04-12,completed,459.36,1
O0008100,E0008100,C0319,P013,2026-04-12,cancelled,428.09,1
O0008101,E0008101,C0379,P021,2026-04-12,completed,564.02,1
O0008102,E0008102,C0590,P057,2026-04-12,completed,405.6,1
O0008103,E0008103,C0036,P030,2026-04-12,returned,655.57,1
O0008104,E0008104,C0202,P054,2026-04-12,returned,358.07,1
O0008105,E0008105,C0351,P059,2026-04-12,completed,38.98,1
O0008106,E0008106,C0082,P030,2026-04-12,completed,606.15,1
O0008107,E0008107,C0594,P079,2026-04-12,completed,142.3,1
O0008108,E0008108,C0061,P035,2026-04-12,completed,683.24,1
O0008109,E0008109,C0231,P024,2026-04-12,completed,50.28,1
O0008110,E0008110,C0072,P025,2026-04-12,completed,705.75,1
O0008111,E0008111,C0404,P056,2026-04-12,completed,577.95,1
O0008112,E0008112,C0173,P059,2026-04-12,completed,69.31,1
O0008113,E0008113,C0390,P080,2026-04-12,completed,132.45,1
O0008114,E0008114,C0586,P047,2026-04-12,completed,927.22,1
O0008115,E0008115,C0177,P018,2026-04-12,completed,226.43,1
O0008116,E0008116,C0106,P017,2026-04-12,completed,564.36,1
O0008117,E0008117,C0364,P015,2026-04-12,completed,179.09,1
O0008118,E0008118,C0147,P053,2026-04-12,completed,91.48,1
O0008119,E0008119,C0584,P053,2026-04-12,completed,119.61,1
O0008120,E0008120,C0310,P034,2026-04-12,returned,863.59,1
O0008121,E0008121,C0175,P005,2026-04-12,completed,87.3,1
O0008122,E0008122,C0160,P037,2026-04-12,completed,379.19,1
O0008123,E0008123,C0144,P056,2026-04-12,completed,494.55,1
O0008124,E0008124,C0213,P009,2026-04-12,completed,176.56,1
O0008125,E0008125,C0195,P010,2026-04-12,completed,844.43,1
O0008126,E0008126,C0547,P016,2026-04-12,completed,693.29,1
O0008127,E0008127,C0247,P004,2026-04-12,completed,767.32,1
O0008128,E0008128,C0168,P010,2026-04-12,completed,608.26,1
O0008129,E0008129,C0563,P052,2026-04-12,completed,828.48,1
O0008130,E0008130,C0298,P008,2026-04-12,completed,721.76,1
O0008131,E0008131,C0038,P021,2026-04-12,completed,324.18,1
O0008132,E0008132,C0071,P004,2026-04-12,completed,173.11,1
O0008133,E0008133,C0537,P005,2026-04-12,completed,81.76,1
O0008134,E0008134,C0132,P002,2026-04-12,completed,367.63,1
O0008135,E0008135,C0027,P015,2026-04-12,completed,74.57,1
O0008136,E0008136,C0450,P033,2026-04-12,completed,208.98,1
O0008137,E0008137,C0584,P025,2026-04-12,completed,592.09,1
O0008138,E0008138,C0425,P004,2026-04-12,completed,226.09,1
O0008139,E0008139,C0061,P008,2026-04-12,returned,135.64,1
O0008140,E0008140,C0077,P006,2026-04-12,completed,420.53,1
O0008141,E0008141,C0374,P045,2026-04-12,completed,168.41,1
O0008142,E0008142,C0397,P067,2026-04-12,completed,34.97,1
O0008143,E0008143,C0119,P002,2026-04-12,completed,341.08,1
O0008144,E0008144,C0341,P015,2026-04-12,completed,65.56,1
O0008145,E0008145,C0469,P003,2026-04-12,completed,353.72,1
O0008146,E0008146,C0553,P007,2026-04-12,completed,249.69,1
O0008147,E0008147,C0082,P015,2026-04-12,completed,69.35,1
O0008148,E0008148,C0263,P056,2026-04-12,completed,234.75,1
O0008149,E0008149,C0403,P048,2026-04-12,completed,141.54,1
O0008150,E0008150,C0511,P054,2026-04-12,cancelled,378.76,1
O0008151,E0008151,C0509,P041,2026-04-12,completed,95.05,1
O0008152,E0008152,C0450,P064,2026-04-12,returned,23.18,1
O0008153,E0008153,C0329,P042,2026-04-12,completed,443.66,1
O0008154,E0008154,C0036,P023,2026-04-12,completed,256.78,1
O0008155,E0008155,C0236,P079,2026-04-12,completed,507.08,1
O0008156,E0008156,C0597,P031,2026-04-12,completed,177.45,1
O0008157,E0008157,C0276,P079,2026-04-12,completed,183.44,1
O0008158,E0008158,C0169,P008,2026-04-12,completed,176.04,1
O0008159,E0008159,C0190,P080,2026-04-12,completed,94.78,1
O0008160,E0008160,C0344,P067,2026-04-13,completed,40.58,1
O0008161,E0008161,C0365,P076,2026-04-13,completed,134.29,1
O0008162,E0008162,C0153,P025,2026-04-13,completed,163.77,1
O0008163,E0008163,C0546,P055,2026-04-13,completed,246.15,1
O0008164,E0008164,C0286,P056,2026-04-13,completed,990.66,1
O0008165,E0008165,C0176,P009,2026-04-13,returned,159.04,1
O0008166,E0008166,C0194,P018,2026-04-13,completed,554.65,1
O0008167,E0008167,C0395,P055,2026-04-13,completed,290.49,1
O0008168,E0008168,C0523,P059,2026-04-13,completed,16.13,1
O0008169,E0008169,C0368,P018,2026-04-13,completed,296.54,1
O0008170,E0008170,C0466,P029,2026-04-13,completed,447.24,1
O0008171,E0008171,C0443,P023,2026-04-13,completed,140.9,1
O0008172,E0008172,C0017,P011,2026-04-13,completed,71.09,1
O0008173,E0008173,C0120,P058,2026-04-13,completed,805.08,1
O0008174,E0008174,C0060,P018,2026-04-13,completed,871.77,1
O0008175,E0008175,C0114,P072,2026-04-13,returned,111.56,1
O0008176,E0008176,C0028,P003,2026-04-13,completed,329.65,1
O0008177,E0008177,C0401,P073,2026-04-13,completed,623.13,1
O0008178,E0008178,C0235,P062,2026-04-13,completed,137.6,1
O0008179,E0008179,C0046,P027,2026-04-13,completed,565.32,1
O0008180,E0008180,C0439,P051,2026-04-13,completed,169.3,1
O0008181,E0008181,C0038,P044,2026-04-13,completed,120.86,1
O0008182,E0008182,C0045,P007,2026-04-13,completed,247.96,1
O0008183,E0008183,C0360,P080,2026-04-13,completed,33.99,1
O0008184,E0008184,C0600,P056,2026-04-13,returned,193.46,1
O0008185,E0008185,C0217,P037,2026-04-13,completed,720.26,1
O0008186,E0008186,C0599,P009,2026-04-13,completed,382.04,1
O0008187,E0008187,C0517,P006,2026-04-13,completed,190.09,1
O0008188,E0008188,C0506,P040,2026-04-13,completed,68.06,1
O0008189,E0008189,C0461,P034,2026-04-13,completed,170.05,1
O0008190,E0008190,C0122,P036,2026-04-13,completed,222.04,1
O0008191,E0008191,C0042,P062,2026-04-13,completed,33.06,1
O0008192,E0008192,C0108,P025,2026-04-13,completed,328.91,1
O0008193,E0008193,C0182,P058,2026-04-13,completed,541.49,1
O0008194,E0008194,C0037,P042,2026-04-13,completed,589.55,1
O0008195,E0008195,C0508,P026,2026-04-13,returned,690.1,1
O0008196,E0008196,C0484,P072,2026-04-13,completed,135.13,1
O0008197,E0008197,C0324,P027,2026-04-13,completed,166.4,1
O0008198,E0008198,C0292,P034,2026-04-13,completed,952.0,1
O0008199,E0008199,C0175,P077,2026-04-13,returned,234.8,1
O0008200,E0008200,C0213,P059,2026-04-13,completed,23.53,1
O0008201,E0008201,C0256,P070,2026-04-13,completed,52.26,1
O0008202,E0008202,C0246,P019,2026-04-13,completed,229.92,1
O0008203,E0008203,C0591,P013,2026-04-13,completed,225.8,1
O0008204,E0008204,C0117,P045,2026-04-13,completed,663.19,1
O0008205,E0008205,C0406,P052,2026-04-13,completed,875.84,1
O0008206,E0008206,C0229,P040,2026-04-13,completed,52.53,1
O0008207,E0008207,C0077,P076,2026-04-13,completed,327.74,1
O0008208,E0008208,C0455,P019,2026-04-13,completed,505.91,1
O0008209,E0008209,C0174,P056,2026-04-13,completed,196.34,1
O0008210,E0008210,C0423,P049,2026-04-13,completed,157.07,1
O0008211,E0008211,C0393,P043,2026-04-13,completed,135.29,1
O0008212,E0008212,C0197,P065,2026-04-13,completed,133.69,1
O0008213,E0008213,C0065,P075,2026-04-13,completed,340.68,1
O0008214,E0008214,C0421,P006,2026-04-13,completed,959.11,1
O0008215,E0008215,C0452,P039,2026-04-13,completed,58.93,1
O0008216,E0008216,C0064,P030,2026-04-13,completed,213.51,1
O0008217,E0008217,C0314,P043,2026-04-13,completed,131.85,1
O0008218,E0008218,C0262,P051,2026-04-13,completed,64.57,1
O0008219,E0008219,C0499,P074,2026-04-13,completed,146.59,1
O0008220,E0008220,C0081,P044,2026-04-13,completed,410.74,1
O0008221,E0008221,C0115,P009,2026-04-13,completed,482.62,1
O0008222,E0008222,C0046,P055,2026-04-13,completed,645.96,1
O0008223,E0008223,C0518,P003,2026-04-13,completed,765.18,1
O0008224,E0008224,C0133,P080,2026-04-13,completed,140.37,1
O0008225,E0008225,C0591,P048,2026-04-13,completed,297.67,1
O0008226,E0008226,C0308,P072,2026-04-13,completed,25.6,1
O0008227,E0008227,C0589,P038,2026-04-13,completed,356.62,1
O0008228,E0008228,C0260,P052,2026-04-13,completed,502.2,1
O0008229,E0008229,C0264,P050,2026-04-13,completed,63.51,1
O0008230,E0008230,C0415,P078,2026-04-13,completed,475.63,1
O0008231,E0008231,C0079,P043,2026-04-13,cancelled,64.52,1
O0008232,E0008232,C0044,P026,2026-04-13,completed,168.2,1
O0008233,E0008233,C0024,P038,2026-04-13,completed,1007.73,1
O0008234,E0008234,C0245,P046,2026-04-13,completed,349.4,1
O0008235,E0008235,C0258,P036,2026-04-13,completed,291.75,1
O0008236,E0008236,C0509,P035,2026-04-13,completed,461.06,1
O0008237,E0008237,C0149,P067,2026-04-13,completed,109.78,1
O0008238,E0008238,C0228,P045,2026-04-13,completed,750.53,1
O0008239,E0008239,C0061,P018,2026-04-13,completed,483.55,1
O0008240,E0008240,C0341,P008,2026-04-14,completed,651.12,1
O0008241,E0008241,C0496,P001,2026-04-14,completed,321.63,1
O0008242,E0008242,C0464,P050,2026-04-14,completed,351.11,1
O0008243,E0008243,C0260,P028,2026-04-14,cancelled,93.45,1
O0008244,E0008244,C0445,P036,2026-04-14,completed,170.47,1
O0008245,E0008245,C0066,P029,2026-04-14,completed,484.91,1
O0008246,E0008246,C0271,P036,2026-04-14,completed,412.02,1
O0008247,E0008247,C0455,P031,2026-04-14,completed,223.41,1
O0008248,E0008248,C0486,P021,2026-04-14,completed,663.89,1
O0008249,E0008249,C0031,P008,2026-04-14,completed,537.09,1
O0008250,E0008250,C0314,P064,2026-04-14,completed,122.34,1
O0008251,E0008251,C0336,P008,2026-04-14,completed,373.23,1
O0008252,E0008252,C0437,P066,2026-04-14,completed,809.19,1
O0008253,E0008253,C0490,P017,2026-04-14,completed,707.36,1
O0008254,E0008254,C0305,P049,2026-04-14,completed,68.78,1
O0008255,E0008255,C0463,P016,2026-04-14,completed,356.8,1
O0008256,E0008256,C0429,P001,2026-04-14,completed,237.65,1
O0008257,E0008257,C0351,P046,2026-04-14,completed,679.07,1
O0008258,E0008258,C0371,P073,2026-04-14,completed,626.53,1
O0008259,E0008259,C0265,P023,2026-04-14,completed,279.41,1
O0008260,E0008260,C0460,P030,2026-04-14,completed,415.74,1
O0008261,E0008261,C0174,P080,2026-04-14,completed,113.5,1
O0008262,E0008262,C0340,P007,2026-04-14,completed,139.4,1
O0008263,E0008263,C0012,P034,2026-04-14,completed,369.46,1
O0008264,E0008264,C0457,P072,2026-04-14,completed,57.14,1
O0008265,E0008265,C0151,P035,2026-04-14,completed,692.72,1
O0008266,E0008266,C0531,P067,2026-04-14,completed,119.46,1
O0008267,E0008267,C0231,P035,2026-04-14,completed,737.19,1
O0008268,E0008268,C0246,P017,2026-04-14,completed,847.16,1
O0008269,E0008269,C0288,P041,2026-04-14,completed,271.89,1
O0008270,E0008270,C0549,P020,2026-04-14,completed,232.13,1
O0008271,E0008271,C0572,P001,2026-04-14,completed,451.64,1
O0008272,E0008272,C0205,P080,2026-04-14,completed,189.97,1
O0008273,E0008273,C0315,P033,2026-04-14,returned,306.71,1
O0008274,E0008274,C0199,P060,2026-04-14,completed,231.93,1
O0008275,E0008275,C0414,P069,2026-04-14,completed,29.53,1
O0008276,E0008276,C0088,P009,2026-04-14,completed,702.8,1
O0008277,E0008277,C0021,P068,2026-04-14,completed,405.47,1
O0008278,E0008278,C0408,P028,2026-04-14,returned,60.56,1
O0008279,E0008279,C0174,P054,2026-04-14,completed,723.62,1
O0008280,E0008280,C0492,P051,2026-04-14,completed,162.04,1
O0008281,E0008281,C0185,P051,2026-04-14,completed,88.15,1
O0008282,E0008282,C0129,P060,2026-04-14,completed,132.29,1
O0008283,E0008283,C0451,P064,2026-04-14,completed,133.04,1
O0008284,E0008284,C0275,P059,2026-04-14,completed,24.32,1
O0008285,E0008285,C0468,P074,2026-04-14,completed,275.51,1
O0008286,E0008286,C0155,P048,2026-04-14,completed,408.67,1
O0008287,E0008287,C0300,P065,2026-04-14,completed,138.68,1
O0008288,E0008288,C0350,P009,2026-04-14,completed,593.06,1
O0008289,E0008289,C0068,P017,2026-04-14,cancelled,198.44,1
O0008290,E0008290,C0068,P041,2026-04-14,completed,197.09,1
O0008291,E0008291,C0095,P015,2026-04-14,completed,277.16,1
O0008292,E0008292,C0446,P078,2026-04-14,cancelled,188.33,1
O0008293,E0008293,C0120,P061,2026-04-14,completed,555.27,1
O0008294,E0008294,C0321,P013,2026-04-14,completed,672.8,1
O0008295,E0008295,C0166,P071,2026-04-14,completed,543.8,1
O0008296,E0008296,C0251,P042,2026-04-14,cancelled,506.92,1
O0008297,E0008297,C0165,P023,2026-04-14,completed,66.87,1
O0008298,E0008298,C0300,P039,2026-04-14,completed,33.09,1
O0008299,E0008299,C0483,P076,2026-04-14,completed,283.04,1
O0008300,E0008300,C0370,P030,2026-04-14,completed,228.62,1
O0008301,E0008301,C0192,P069,2026-04-14,completed,41.13,1
O0008302,E0008302,C0338,P009,2026-04-14,returned,464.28,1
O0008303,E0008303,C0406,P048,2026-04-14,completed,380.71,1
O0008304,E0008304,C0448,P061,2026-04-14,completed,457.13,1
O0008305,E0008305,C0320,P056,2026-04-14,completed,676.61,1
O0008306,E0008306,C0032,P040,2026-04-14,returned,16.79,1
O0008307,E0008307,C0423,P052,2026-04-14,returned,364.15,1
O0008308,E0008308,C0387,P058,2026-04-14,completed,231.15,1
O0008309,E0008309,C0151,P003,2026-04-14,completed,757.69,1
O0008310,E0008310,C0180,P079,2026-04-14,completed,181.48,1
O0008311,E0008311,C0052,P058,2026-04-14,completed,581.94,1
O0008312,E0008312,C0062,P078,2026-04-14,completed,393.09,1
O0008313,E0008313,C0122,P075,2026-04-14,completed,381.61,1
O0008314,E0008314,C0518,P018,2026-04-14,returned,325.11,1
O0008315,E0008315,C0108,P076,2026-04-14,completed,92.66,1
O0008316,E0008316,C0358,P001,2026-04-14,completed,425.72,1
O0008317,E0008317,C0398,P063,2026-04-14,cancelled,108.85,1
O0008318,E0008318,C0007,P005,2026-04-14,cancelled,23.62,1
O0008319,E0008319,C0534,P042,2026-04-14,completed,632.77,1
O0008320,E0008320,C0281,P011,2026-04-15,completed,42.28,1
O0008321,E0008321,C0269,P031,2026-04-15,completed,1045.96,1
O0008322,E0008322,C0353,P024,2026-04-15,completed,24.87,1
O0008323,E0008323,C0592,P074,2026-04-15,completed,185.45,1
O0008324,E0008324,C0049,P061,2026-04-15,completed,1107.8,1
O0008325,E0008325,C0427,P009,2026-04-15,completed,733.85,1
O0008326,E0008326,C0588,P073,2026-04-15,completed,519.32,1
O0008327,E0008327,C0584,P070,2026-04-15,completed,77.45,1
O0008328,E0008328,C0085,P010,2026-04-15,completed,240.09,1
O0008329,E0008329,C0299,P028,2026-04-15,cancelled,225.37,1
O0008330,E0008330,C0274,P078,2026-04-15,completed,409.45,1
O0008331,E0008331,C0598,P078,2026-04-15,completed,158.86,1
O0008332,E0008332,C0207,P005,2026-04-15,returned,85.06,1
O0008333,E0008333,C0443,P004,2026-04-15,completed,549.71,1
O0008334,E0008334,C0308,P023,2026-04-15,returned,89.84,1
O0008335,E0008335,C0331,P064,2026-04-15,completed,78.16,1
O0008336,E0008336,C0167,P013,2026-04-15,completed,488.35,1
O0008337,E0008337,C0297,P037,2026-04-15,completed,761.52,1
O0008338,E0008338,C0204,P011,2026-04-15,returned,116.09,1
O0008339,E0008339,C0406,P013,2026-04-15,completed,206.83,1
O0008340,E0008340,C0159,P052,2026-04-15,completed,694.33,1
O0008341,E0008341,C0544,P065,2026-04-15,returned,207.0,1
O0008342,E0008342,C0148,P006,2026-04-15,completed,870.24,1
O0008343,E0008343,C0335,P002,2026-04-15,completed,265.62,1
O0008344,E0008344,C0558,P070,2026-04-15,completed,125.23,1
O0008345,E0008345,C0212,P025,2026-04-15,completed,616.08,1
O0008346,E0008346,C0581,P011,2026-04-15,completed,140.83,1
O0008347,E0008347,C0468,P040,2026-04-15,completed,14.41,1
O0008348,E0008348,C0263,P067,2026-04-15,completed,69.99,1
O0008349,E0008349,C0015,P076,2026-04-15,completed,243.93,1
O0008350,E0008350,C0396,P008,2026-04-15,completed,345.5,1
O0008351,E0008351,C0528,P064,2026-04-15,returned,62.45,1
O0008352,E0008352,C0197,P046,2026-04-15,completed,341.38,1
O0008353,E0008353,C0334,P033,2026-04-15,completed,442.02,1
O0008354,E0008354,C0150,P041,2026-04-15,completed,407.96,1
O0008355,E0008355,C0160,P047,2026-04-15,completed,194.27,1
O0008356,E0008356,C0196,P073,2026-04-15,completed,115.2,1
O0008357,E0008357,C0111,P017,2026-04-15,completed,501.15,1
O0008358,E0008358,C0528,P056,2026-04-15,completed,515.83,1
O0008359,E0008359,C0352,P021,2026-04-15,completed,670.28,1
O0008360,E0008360,C0135,P018,2026-04-15,returned,179.85,1
O0008361,E0008361,C0529,P050,2026-04-15,completed,235.65,1
O0008362,E0008362,C0225,P008,2026-04-15,completed,267.91,1
O0008363,E0008363,C0346,P003,2026-04-15,completed,842.95,1
O0008364,E0008364,C0227,P050,2026-04-15,completed,195.09,1
O0008365,E0008365,C0247,P025,2026-04-15,completed,485.44,1
O0008366,E0008366,C0499,P037,2026-04-15,completed,174.52,1
O0008367,E0008367,C0525,P078,2026-04-15,completed,351.77,1
O0008368,E0008368,C0008,P074,2026-04-15,completed,202.02,1
O0008369,E0008369,C0557,P035,2026-04-15,completed,979.67,1
O0008370,E0008370,C0184,P051,2026-04-15,completed,192.44,1
O0008371,E0008371,C0294,P004,2026-04-15,completed,859.45,1
O0008372,E0008372,C0597,P016,2026-04-15,cancelled,756.18,1
O0008373,E0008373,C0383,P045,2026-04-15,completed,260.73,1
O0008374,E0008374,C0377,P044,2026-04-15,completed,326.48,1
O0008375,E0008375,C0144,P080,2026-04-15,completed,114.11,1
O0008376,E0008376,C0145,P013,2026-04-15,completed,585.04,1
O0008377,E0008377,C0581,P068,2026-04-15,completed,336.41,1
O0008378,E0008378,C0078,P008,2026-04-15,completed,261.28,1
O0008379,E0008379,C0250,P059,2026-04-15,cancelled,19.8,1
O0008380,E0008380,C0503,P034,2026-04-15,completed,530.81,1
O0008381,E0008381,C0372,P015,2026-04-15,cancelled,198.42,1
O0008382,E0008382,C0224,P049,2026-04-15,completed,42.28,1
O0008383,E0008383,C0016,P018,2026-04-15,completed,149.29,1
O0008384,E0008384,C0315,P015,2026-04-15,completed,202.4,1
O0008385,E0008385,C0515,P011,2026-04-15,completed,147.67,1
O0008386,E0008386,C0137,P004,2026-04-15,cancelled,405.52,1
O0008387,E0008387,C0438,P062,2026-04-15,cancelled,55.68,1
O0008388,E0008388,C0598,P040,2026-04-15,completed,63.75,1
O0008389,E0008389,C0413,P067,2026-04-15,returned,111.96,1
O0008390,E0008390,C0066,P076,2026-04-15,completed,85.8,1
O0008391,E0008391,C0297,P045,2026-04-15,completed,854.41,1
O0008392,E0008392,C0413,P080,2026-04-15,completed,145.73,1
O0008393,E0008393,C0454,P028,2026-04-15,completed,58.82,1
O0008394,E0008394,C0049,P014,2026-04-15,completed,49.9,1
O0008395,E0008395,C0068,P046,2026-04-15,completed,131.12,1
O0008396,E0008396,C0146,P062,2026-04-15,completed,131.63,1
O0008397,E0008397,C0142,P048,2026-04-15,returned,352.31,1
O0008398,E0008398,C0115,P071,2026-04-15,completed,345.4,1
O0008399,E0008399,C0315,P010,2026-04-15,completed,909.42,1
O0008400,E0008400,C0041,P040,2026-04-16,returned,64.18,1
O0008401,E0008401,C0070,P015,2026-04-16,completed,278.23,1
O0008402,E0008402,C0132,P015,2026-04-16,completed,299.93,1
O0008403,E0008403,C0330,P075,2026-04-16,completed,163.42,1
O0008404,E0008404,C0187,P048,2026-04-16,returned,160.47,1
O0008405,E0008405,C0310,P039,2026-04-16,completed,64.64,1
O0008406,E0008406,C0595,P066,2026-04-16,completed,1111.0,1
O0008407,E0008407,C0565,P027,2026-04-16,completed,832.01,1
O0008408,E0008408,C0366,P045,2026-04-16,completed,220.95,1
O0008409,E0008409,C0542,P059,2026-04-16,completed,66.73,1
O0008410,E0008410,C0267,P040,2026-04-16,completed,53.07,1
O0008411,E0008411,C0237,P066,2026-04-16,completed,574.12,1
O0008412,E0008412,C0054,P078,2026-04-16,completed,737.01,1
O0008413,E0008413,C0120,P040,2026-04-16,completed,63.68,1
O0008414,E0008414,C0502,P069,2026-04-16,completed,47.73,1
O0008415,E0008415,C0475,P057,2026-04-16,completed,725.62,1
O0008416,E0008416,C0384,P076,2026-04-16,completed,278.02,1
O0008417,E0008417,C0105,P017,2026-04-16,completed,350.97,1
O0008418,E0008418,C0326,P067,2026-04-16,completed,40.66,1
O0008419,E0008419,C0344,P064,2026-04-16,completed,48.86,1
O0008420,E0008420,C0031,P046,2026-04-16,completed,617.24,1
O0008421,E0008421,C0453,P059,2026-04-16,completed,92.42,1
O0008422,E0008422,C0346,P008,2026-04-16,completed,536.65,1
O0008423,E0008423,C0107,P004,2026-04-16,cancelled,344.57,1
O0008424,E0008424,C0180,P034,2026-04-16,completed,574.2,1
O0008425,E0008425,C0459,P024,2026-04-16,completed,86.47,1
O0008426,E0008426,C0167,P017,2026-04-16,completed,563.72,1
O0008427,E0008427,C0442,P014,2026-04-16,completed,50.06,1
O0008428,E0008428,C0277,P020,2026-04-16,returned,119.8,1
O0008429,E0008429,C0158,P057,2026-04-16,completed,402.37,1
O0008430,E0008430,C0429,P024,2026-04-16,completed,18.85,1
O0008431,E0008431,C0349,P074,2026-04-16,completed,342.35,1
O0008432,E0008432,C0286,P008,2026-04-16,cancelled,198.33,1
O0008433,E0008433,C0238,P060,2026-04-16,completed,263.85,1
O0008434,E0008434,C0165,P022,2026-04-16,completed,244.41,1
O0008435,E0008435,C0184,P074,2026-04-16,completed,192.8,1
O0008436,E0008436,C0043,P048,2026-04-16,completed,460.44,1
O0008437,E0008437,C0554,P073,2026-04-16,completed,461.85,1
O0008438,E0008438,C0407,P033,2026-04-16,completed,336.91,1
O0008439,E0008439,C0035,P075,2026-04-16,returned,152.2,1
O0008440,E0008440,C0414,P022,2026-04-16,completed,638.61,1
O0008441,E0008441,C0148,P005,2026-04-16,completed,146.13,1
O0008442,E0008442,C0323,P024,2026-04-16,completed,78.87,1
O0008443,E0008443,C0591,P078,2026-04-16,completed,401.93,1
O0008444,E0008444,C0083,P004,2026-04-16,completed,417.53,1
O0008445,E0008445,C0508,P028,2026-04-16,completed,49.77,1
O0008446,E0008446,C0467,P006,2026-04-16,returned,203.9,1
O0008447,E0008447,C0341,P022,2026-04-16,completed,477.13,1
O0008448,E0008448,C0301,P065,2026-04-16,completed,249.47,1
O0008449,E0008449,C0402,P070,2026-04-16,completed,213.02,1
O0008450,E0008450,C0515,P061,2026-04-16,completed,460.16,1
O0008451,E0008451,C0034,P067,2026-04-16,completed,55.6,1
O0008452,E0008452,C0213,P045,2026-04-16,completed,527.45,1
O0008453,E0008453,C0216,P029,2026-04-16,completed,323.53,1
O0008454,E0008454,C0408,P064,2026-04-16,completed,24.24,1
O0008455,E0008455,C0563,P031,2026-04-16,completed,777.64,1
O0008456,E0008456,C0429,P053,2026-04-16,completed,234.28,1
O0008457,E0008457,C0133,P051,2026-04-16,completed,111.5,1
O0008458,E0008458,C0058,P075,2026-04-16,completed,819.2,1
O0008459,E0008459,C0080,P016,2026-04-16,returned,788.82,1
O0008460,E0008460,C0320,P050,2026-04-16,completed,91.32,1
O0008461,E0008461,C0376,P049,2026-04-16,completed,150.14,1
O0008462,E0008462,C0204,P038,2026-04-16,completed,772.8,1
O0008463,E0008463,C0470,P060,2026-04-16,completed,210.33,1
O0008464,E0008464,C0173,P005,2026-04-16,completed,103.98,1
O0008465,E0008465,C0407,P058,2026-04-16,completed,825.13,1
O0008466,E0008466,C0010,P035,2026-04-16,completed,1127.13,1
O0008467,E0008467,C0088,P069,2026-04-16,completed,29.54,1
O0008468,E0008468,C0241,P076,2026-04-16,completed,289.66,1
O0008469,E0008469,C0119,P024,2026-04-16,completed,20.93,1
O0008470,E0008470,C0176,P063,2026-04-16,completed,333.36,1
O0008471,E0008471,C0416,P059,2026-04-16,completed,25.55,1
O0008472,E0008472,C0146,P038,2026-04-16,returned,518.35,1
O0008473,E0008473,C0339,P045,2026-04-16,completed,775.85,1
O0008474,E0008474,C0415,P062,2026-04-16,cancelled,136.13,1
O0008475,E0008475,C0534,P063,2026-04-16,completed,439.9,1
O0008476,E0008476,C0444,P067,2026-04-16,cancelled,160.9,1
O0008477,E0008477,C0049,P064,2026-04-16,completed,70.66,1
O0008478,E0008478,C0524,P026,2026-04-16,completed,994.91,1
O0008479,E0008479,C0399,P051,2026-04-16,completed,64.85,1
O0008480,E0008480,C0556,P067,2026-04-17,completed,36.49,1
O0008481,E0008481,C0053,P062,2026-04-17,completed,68.97,1
O0008482,E0008482,C0014,P007,2026-04-17,completed,391.84,1
O0008484,E0008484,C0228,P001,2026-04-17,completed,240.8,1
O0008485,E0008485,C0484,P012,2026-04-17,completed,308.21,1
O0008486,E0008486,C0593,P058,2026-04-17,completed,448.42,1
O0008487,E0008487,C0585,P019,2026-04-17,completed,552.97,1
O0008488,E0008488,C0253,P034,2026-04-17,completed,447.18,1
O0008489,E0008489,C0145,P032,2026-04-17,returned,511.49,1
O0008490,E0008490,C0354,P040,2026-04-17,completed,16.5,1
O0008491,E0008491,C0078,P065,2026-04-17,completed,268.1,1
O0008492,E0008492,C0548,P065,2026-04-17,completed,64.1,1
O0008493,E0008493,C0404,P008,2026-04-17,completed,356.83,1
O0008494,E0008494,C0338,P023,2026-04-17,completed,306.76,1
O0008495,E0008495,C0140,P017,2026-04-17,completed,561.65,1
O0008496,E0008496,C0184,P063,2026-04-17,completed,449.53,1
O0008497,E0008497,C0244,P019,2026-04-17,completed,410.41,1
O0008498,E0008498,C0191,P041,2026-04-17,completed,187.36,1
O0008499,E0008499,C0347,P057,2026-04-17,completed,650.35,1
O0008500,E0008500,C0304,P009,2026-04-17,completed,415.5,1
O0008501,E0008501,C0205,P076,2026-04-17,completed,178.67,1
O0008502,E0008502,C0476,P055,2026-04-17,completed,481.68,1
O0008503,E0008503,C0491,P020,2026-04-17,completed,179.92,1
O0008504,E0008504,C0004,P012,2026-04-17,completed,245.42,1
O0008505,E0008505,C0551,P020,2026-04-17,completed,64.91,1
O0008506,E0008506,C0421,P052,2026-04-17,completed,199.19,1
O0008507,E0008507,C0065,P028,2026-04-17,completed,192.1,1
O0008508,E0008508,C0364,P059,2026-04-17,returned,73.78,1
O0008509,E0008509,C0423,P080,2026-04-17,returned,179.26,1
O0008510,E0008510,C0203,P057,2026-04-17,completed,446.82,1
O0008511,E0008511,C0107,P036,2026-04-17,cancelled,567.12,1
O0008512,E0008512,C0202,P038,2026-04-17,completed,746.23,1
O0008513,E0008513,C0429,P033,2026-04-17,cancelled,163.81,1
O0008514,E0008514,C0279,P056,2026-04-17,completed,848.1,1
O0008515,E0008515,C0309,P035,2026-04-17,completed,382.63,1
O0008516,E0008516,C0197,P014,2026-04-17,completed,84.37,1
O0008517,E0008517,C0239,P012,2026-04-17,completed,166.9,1
O0008518,E0008518,C0033,P057,2026-04-17,completed,196.31,1
O0008519,E0008519,C0573,P023,2026-04-17,completed,155.34,1
O0008520,E0008520,C0486,P002,2026-04-17,completed,201.12,1
O0008521,E0008521,C0090,P004,2026-04-17,completed,558.3,1
O0008522,E0008522,C0231,P041,2026-04-17,completed,384.81,1
O0008523,E0008523,C0390,P057,2026-04-17,cancelled,210.64,1
O0008524,E0008524,C0368,P026,2026-04-17,completed,193.25,1
O0008525,E0008525,C0332,P034,2026-04-17,completed,335.39,1
O0008526,E0008526,C0151,P014,2026-04-17,completed,35.49,1
O0008527,E0008527,C0350,P051,2026-04-17,returned,98.43,1
O0008528,E0008528,C0355,P071,2026-04-17,completed,482.98,1
O0008529,E0008529,C0578,P016,2026-04-17,completed,209.49,1
O0008530,E0008530,C0379,P066,2026-04-17,cancelled,437.6,1
O0008531,E0008531,C0330,P077,2026-04-17,completed,575.02,1
O0008532,E0008532,C0114,P054,2026-04-17,completed,563.66,1
O0008533,E0008533,C0084,P029,2026-04-17,completed,578.93,1
O0008534,E0008534,C0247,P013,2026-04-17,completed,545.88,1
O0008535,E0008535,C0392,P058,2026-04-17,completed,445.31,1
O0008536,E0008536,C0005,P011,2026-04-17,completed,164.33,1
O0008537,E0008537,C0080,P078,2026-04-17,completed,449.87,1
O0008538,E0008538,C0001,P014,2026-04-17,completed,56.34,1
O0008539,E0008539,C0458,P050,2026-04-17,completed,320.08,1
O0008540,E0008540,C0201,P007,2026-04-17,completed,322.02,1
O0008541,E0008541,C0455,P079,2026-04-17,completed,527.58,1
O0008542,E0008542,C0265,P058,2026-04-17,completed,977.36,1
O0008543,E0008543,C0148,P034,2026-04-17,completed,219.56,1
O0008544,E0008544,C0343,P047,2026-04-17,completed,1025.15,1
O0008545,E0008545,C0115,P001,2026-04-17,completed,542.79,1
O0008546,E0008546,C0051,P030,2026-04-17,completed,665.69,1
O0008547,E0008547,C0489,P078,2026-04-17,returned,635.29,1
O0008548,E0008548,C0596,P037,2026-04-17,completed,198.66,1
O0008549,E0008549,C0362,P012,2026-04-17,completed,132.3,1
O0008550,E0008550,C0522,P026,2026-04-17,completed,482.82,1
O0008551,E0008551,C0195,P042,2026-04-17,completed,324.39,1
O0008552,E0008552,C0498,P027,2026-04-17,completed,766.2,1
O0008553,E0008553,C0368,P028,2026-04-17,returned,137.15,1
O0008554,E0008554,C0478,P047,2026-04-17,completed,710.09,1
O0008555,E0008555,C0590,P032,2026-04-17,completed,927.82,1
O0008556,E0008556,C0233,P019,2026-04-17,completed,480.59,1
O0008557,E0008557,C0100,P053,2026-04-17,completed,385.26,1
O0008558,E0008558,C0380,P060,2026-04-17,completed,304.01,1
O0008559,E0008559,C0356,P028,2026-04-17,cancelled,162.91,1
O0008560,E0008560,C0436,P078,2026-04-18,completed,180.92,1
O0008561,E0008561,C0270,P073,2026-04-18,completed,268.07,1
O0008562,E0008562,C0155,P053,2026-04-18,completed,460.57,1
O0008563,E0008563,C0458,P043,2026-04-18,completed,40.19,1
O0008564,E0008564,C0225,P027,2026-04-18,completed,612.81,1
O0008565,E0008565,C0163,P040,2026-04-18,returned,55.02,1
O0008566,E0008566,C0594,P010,2026-04-18,completed,216.6,1
O0008567,E0008567,C0564,P060,2026-04-18,completed,104.0,1
O0008568,E0008568,C0163,P064,2026-04-18,completed,74.23,1
O0008569,E0008569,C0206,P063,2026-04-18,completed,133.56,1
O0008570,E0008570,C0052,P033,2026-04-18,returned,350.51,1
O0008571,E0008571,C0079,P057,2026-04-18,completed,632.56,1
O0008572,E0008572,C0101,P001,2026-04-18,completed,333.92,1
O0008573,E0008573,C0288,P037,2026-04-18,completed,348.98,1
O0008574,E0008574,C0122,P053,2026-04-18,completed,334.65,1
O0008575,E0008575,C0143,P009,2026-04-18,completed,409.13,1
O0008576,E0008576,C0030,P076,2026-04-18,completed,138.63,1
O0008577,E0008577,C0096,P023,2026-04-18,completed,77.3,1
O0008578,E0008578,C0181,P057,2026-04-18,completed,868.64,1
O0008579,E0008579,C0330,P074,2026-04-18,completed,243.18,1
O0008580,E0008580,C0259,P031,2026-04-18,completed,186.57,1
O0008581,E0008581,C0321,P064,2026-04-18,completed,89.31,1
O0008582,E0008582,C0238,P070,2026-04-18,completed,226.31,1
O0008583,E0008583,C0425,P027,2026-04-18,completed,478.9,1
O0008584,E0008584,C0575,P009,2026-04-18,completed,478.43,1
O0008585,E0008585,C0043,P007,2026-04-18,completed,283.61,1
O0008586,E0008586,C0270,P055,2026-04-18,completed,416.82,1
O0008587,E0008587,C0298,P075,2026-04-18,completed,357.13,1
O0008588,E0008588,C0209,P016,2026-04-18,cancelled,473.39,1
O0008589,E0008589,C0465,P030,2026-04-18,returned,219.59,1
O0008590,E0008590,C0545,P071,2026-04-18,completed,159.04,1
O0008591,E0008591,C0193,P012,2026-04-18,completed,613.29,1
O0008592,E0008592,C0473,P022,2026-04-18,cancelled,492.34,1
O0008593,E0008593,C0558,P067,2026-04-18,completed,27.5,1
O0008594,E0008594,C0409,P008,2026-04-18,completed,395.7,1
O0008595,E0008595,C0365,P062,2026-04-18,returned,80.91,1
O0008596,E0008596,C0434,P078,2026-04-18,returned,507.52,1
O0008597,E0008597,C0358,P035,2026-04-18,completed,546.56,1
O0008598,E0008598,C0580,P058,2026-04-18,completed,453.6,1
O0008599,E0008599,C0238,P051,2026-04-18,completed,90.79,1
O0008600,E0008600,C0073,P034,2026-04-18,cancelled,323.1,1
O0008601,E0008601,C0046,P045,2026-04-18,completed,194.38,1
O0008602,E0008602,C0491,P004,2026-04-18,completed,684.7,1
O0008603,E0008603,C0242,P067,2026-04-18,returned,108.09,1
O0008604,E0008604,C0232,P012,2026-04-18,completed,661.28,1
O0008605,E0008605,C0328,P028,2026-04-18,returned,199.75,1
O0008606,E0008606,C0183,P028,2026-04-18,returned,53.01,1
O0008607,E0008607,C0242,P039,2026-04-18,completed,64.26,1
O0008608,E0008608,C0028,P047,2026-04-18,completed,481.34,1
O0008609,E0008609,C0318,P001,2026-04-18,completed,287.09,1
O0008610,E0008610,C0005,P040,2026-04-18,completed,30.47,1
O0008611,E0008611,C0015,P035,2026-04-18,completed,747.85,1
O0008612,E0008612,C0468,P018,2026-04-18,completed,829.35,1
O0008613,E0008613,C0543,P079,2026-04-18,completed,402.14,1
O0008614,E0008614,C0181,P074,2026-04-18,completed,212.56,1
O0008615,E0008615,C0135,P036,2026-04-18,completed,577.24,1
O0008616,E0008616,C0177,P009,2026-04-18,completed,679.28,1
O0008617,E0008617,C0118,P044,2026-04-18,completed,349.42,1
O0008618,E0008618,C0506,P056,2026-04-18,completed,167.91,1
O0008619,E0008619,C0213,P078,2026-04-18,completed,463.03,1
O0008620,E0008620,C0479,P003,2026-04-18,completed,180.7,1
O0008621,E0008621,C0121,P055,2026-04-18,completed,295.25,1
O0008622,E0008622,C0213,P022,2026-04-18,completed,148.61,1
O0008623,E0008623,C0576,P039,2026-04-18,completed,120.26,1
O0008624,E0008624,C0408,P080,2026-04-18,returned,157.7,1
O0008625,E0008625,C0034,P009,2026-04-18,completed,515.47,1
O0008626,E0008626,C0511,P073,2026-04-18,completed,393.93,1
O0008627,E0008627,C0463,P027,2026-04-18,completed,350.32,1
O0008628,E0008628,C0358,P072,2026-04-18,returned,71.08,1
O0008629,E0008629,C0320,P038,2026-04-18,completed,859.19,1
O0008630,E0008630,C0509,P056,2026-04-18,completed,594.31,1
O0008631,E0008631,C0054,P001,2026-04-18,completed,361.28,1
O0008632,E0008632,C0287,P060,2026-04-18,completed,281.6,1
O0008633,E0008633,C0321,P044,2026-04-18,completed,112.31,1
O0008634,E0008634,C0516,P018,2026-04-18,returned,872.0,1
O0008635,E0008635,C0387,P001,2026-04-18,completed,295.98,1
O0008636,E0008636,C0307,P064,2026-04-18,completed,21.38,1
O0008637,E0008637,C0226,P051,2026-04-18,completed,121.82,1
O0008638,E0008638,C0105,P024,2026-04-18,completed,49.3,1
O0008639,E0008639,C0029,P019,2026-04-18,completed,275.7,1
O0008640,E0008640,C0189,P079,2026-04-19,completed,149.34,1
O0008641,E0008641,C0272,P029,2026-04-19,completed,337.18,1
O0008642,E0008642,C0505,P049,2026-04-19,cancelled,105.96,1
O0008643,E0008643,C0524,P032,2026-04-19,completed,763.32,1
O0008644,E0008644,C0323,P034,2026-04-19,completed,191.45,1
O0008645,E0008645,C0283,P013,2026-04-19,completed,741.6,1
O0008646,E0008646,C0229,P072,2026-04-19,completed,96.43,1
O0008647,E0008647,C0585,P030,2026-04-19,completed,702.53,1
O0008648,E0008648,C0444,P078,2026-04-19,completed,223.93,1
O0008649,E0008649,C0147,P045,2026-04-19,completed,610.0,1
O0008650,E0008650,C0082,P071,2026-04-19,completed,611.48,1
O0008651,E0008651,C0509,P001,2026-04-19,completed,91.96,1
O0008652,E0008652,C0126,P039,2026-04-19,completed,33.19,1
O0008653,E0008653,C0434,P037,2026-04-19,returned,398.32,1
O0008654,E0008654,C0056,P004,2026-04-19,completed,227.02,1
O0008655,E0008655,C0399,P001,2026-04-19,completed,433.1,1
O0008656,E0008656,C0064,P014,2026-04-19,completed,54.34,1
O0008657,E0008657,C0269,P047,2026-04-19,completed,408.09,1
O0008658,E0008658,C0092,P038,2026-04-19,completed,512.41,1
O0008659,E0008659,C0092,P039,2026-04-19,completed,110.0,1
O0008660,E0008660,C0329,P066,2026-04-19,completed,960.47,1
O0008661,E0008661,C0179,P073,2026-04-19,completed,571.21,1
O0008662,E0008662,C0343,P043,2026-04-19,completed,35.65,1
O0008663,E0008663,C0379,P016,2026-04-19,completed,902.02,1
O0008664,E0008664,C0594,P058,2026-04-19,completed,1100.6,1
O0008665,E0008665,C0434,P004,2026-04-19,cancelled,234.29,1
O0008666,E0008666,C0176,P036,2026-04-19,completed,205.24,1
O0008667,E0008667,C0389,P070,2026-04-19,completed,159.78,1
O0008668,E0008668,C0374,P077,2026-04-19,completed,797.35,1
O0008669,E0008669,C0598,P021,2026-04-19,completed,679.97,1
O0008670,E0008670,C0384,P017,2026-04-19,returned,192.54,1
O0008671,E0008671,C0446,P073,2026-04-19,completed,171.9,1
O0008672,E0008672,C0435,P003,2026-04-19,completed,920.06,1
O0008673,E0008673,C0079,P003,2026-04-19,completed,710.3,1
O0008674,E0008674,C0375,P018,2026-04-19,completed,595.87,1
O0008675,E0008675,C0211,P050,2026-04-19,completed,302.08,1
O0008676,E0008676,C0434,P034,2026-04-19,completed,686.55,1
O0008677,E0008677,C0088,P027,2026-04-19,completed,561.19,1
O0008678,E0008678,C0003,P070,2026-04-19,completed,323.2,1
O0008679,E0008679,C0123,P072,2026-04-19,completed,30.77,1
O0008680,E0008680,C0164,P030,2026-04-19,completed,592.31,1
O0008681,E0008681,C0084,P026,2026-04-19,completed,571.74,1
O0008682,E0008682,C0149,P057,2026-04-19,completed,197.41,1
O0008683,E0008683,C0252,P065,2026-04-19,completed,117.75,1
O0008684,E0008684,C0525,P066,2026-04-19,completed,259.93,1
O0008685,E0008685,C0052,P009,2026-04-19,completed,492.19,1
O0008686,E0008686,C0313,P065,2026-04-19,returned,47.75,1
O0008687,E0008687,C0326,P067,2026-04-19,completed,78.44,1
O0008688,E0008688,C0426,P078,2026-04-19,completed,217.85,1
O0008689,E0008689,C0298,P033,2026-04-19,completed,179.07,1
O0008690,E0008690,C0191,P044,2026-04-19,cancelled,124.52,1
O0008691,E0008691,C0511,P038,2026-04-19,completed,206.23,1
O0008692,E0008692,C0098,P016,2026-04-19,completed,493.56,1
O0008693,E0008693,C0036,P064,2026-04-19,completed,72.94,1
O0008694,E0008694,C0588,P008,2026-04-19,completed,749.78,1
O0008695,E0008695,C0229,P043,2026-04-19,completed,161.57,1
O0008696,E0008696,C0419,P032,2026-04-19,returned,465.81,1
O0008697,E0008697,C0160,P021,2026-04-19,completed,360.96,1
O0008698,E0008698,C0414,P063,2026-04-19,completed,417.5,1
O0008699,E0008699,C0055,P011,2026-04-19,completed,45.54,1
O0008700,E0008700,C0136,P022,2026-04-19,completed,128.17,1
O0008701,E0008701,C0444,P002,2026-04-19,completed,527.32,1
O0008702,E0008702,C0589,P044,2026-04-19,completed,206.54,1
O0008703,E0008703,C0045,P015,2026-04-19,completed,198.53,1
O0008704,E0008704,C0555,P013,2026-04-19,completed,843.52,1
O0008705,E0008705,C0540,P075,2026-04-19,completed,198.63,1
O0008706,E0008706,C0365,P066,2026-04-19,returned,817.34,1
O0008707,E0008707,C0361,P075,2026-04-19,completed,397.96,1
O0008708,E0008708,C0296,P060,2026-04-19,completed,67.01,1
O0008709,E0008709,C0111,P033,2026-04-19,completed,329.31,1
O0008710,E0008710,C0270,P047,2026-04-19,completed,224.74,1
O0008711,E0008711,C0265,P050,2026-04-19,completed,288.85,1
O0008712,E0008712,C0530,P054,2026-04-19,completed,460.45,1
O0008713,E0008713,C0524,P038,2026-04-19,completed,387.51,1
O0008714,E0008714,C0389,P066,2026-04-19,completed,774.74,1
O0008715,E0008715,C0257,P003,2026-04-19,returned,226.51,1
O0008716,E0008716,C0079,P011,2026-04-19,completed,77.12,1
O0008717,E0008717,C0349,P077,2026-04-19,completed,1063.35,1
O0008718,E0008718,C0496,P068,2026-04-19,completed,545.72,1
O0008719,E0008719,C0371,P017,2026-04-19,completed,247.32,1
O0008720,E0008720,C0002,P020,2026-04-20,completed,154.19,1
O0008721,E0008721,C0101,P027,2026-04-20,completed,589.43,1
O0008722,E0008722,C0150,P037,2026-04-20,completed,702.18,1
O0008723,E0008723,C0354,P057,2026-04-20,completed,639.86,1
O0008724,E0008724,C0242,P062,2026-04-20,completed,155.36,1
O0008725,E0008725,C0467,P031,2026-04-20,completed,1049.65,1
O0008726,E0008726,C0544,P029,2026-04-20,cancelled,111.44,1
O0008727,E0008727,C0365,P068,2026-04-20,completed,503.95,1
O0008728,E0008728,C0232,P070,2026-04-20,returned,309.71,1
O0008729,E0008729,C0103,P012,2026-04-20,completed,381.95,1
O0008730,E0008730,C0541,P008,2026-04-20,completed,156.35,1
O0008731,E0008731,C0186,P013,2026-04-20,completed,743.02,1
O0008732,E0008732,C0293,P016,2026-04-20,completed,515.63,1
O0008733,E0008733,C0348,P001,2026-04-20,completed,299.95,1
O0008734,E0008734,C0102,P040,2026-04-20,completed,60.1,1
O0008735,E0008735,C0052,P077,2026-04-20,completed,747.24,1
O0008736,E0008736,C0152,P073,2026-04-20,completed,377.27,1
O0008737,E0008737,C0026,P026,2026-04-20,completed,265.99,1
O0008738,E0008738,C0231,P011,2026-04-20,completed,183.05,1
O0008739,E0008739,C0004,P049,2026-04-20,completed,74.43,1
O0008740,E0008740,C0314,P067,2026-04-20,completed,73.64,1
O0008741,E0008741,C0498,P062,2026-04-20,completed,41.61,1
O0008742,E0008742,C0508,P018,2026-04-20,completed,670.33,1
O0008743,E0008743,C0052,P070,2026-04-20,returned,66.06,1
O0008744,E0008744,C0483,P039,2026-04-20,completed,69.92,1
O0008745,E0008745,C0181,P021,2026-04-20,cancelled,413.65,1
O0008746,E0008746,C0365,P057,2026-04-20,completed,208.51,1
O0008747,E0008747,C0505,P070,2026-04-20,completed,220.35,1
O0008748,E0008748,C0058,P074,2026-04-20,completed,252.89,1
O0008749,E0008749,C0283,P014,2026-04-20,returned,43.77,1
O0008750,E0008750,C0061,P003,2026-04-20,completed,847.82,1
O0008751,E0008751,C0483,P017,2026-04-20,completed,570.02,1
O0008752,E0008752,C0396,P012,2026-04-20,completed,221.57,1
O0008753,E0008753,C0245,P053,2026-04-20,completed,280.91,1
O0008754,E0008754,C0462,P061,2026-04-20,cancelled,596.38,1
O0008755,E0008755,C0515,P012,2026-04-20,completed,435.17,1
O0008756,E0008756,C0110,P050,2026-04-20,completed,128.93,1
O0008757,E0008757,C0417,P076,2026-04-20,completed,154.21,1
O0008758,E0008758,C0096,P061,2026-04-20,cancelled,208.77,1
O0008759,E0008759,C0089,P077,2026-04-20,completed,566.51,1
O0008760,E0008760,C0372,P020,2026-04-20,completed,54.85,1
O0008761,E0008761,C0359,P050,2026-04-20,completed,177.18,1
O0008762,E0008762,C0345,P020,2026-04-20,completed,230.44,1
O0008763,E0008763,C0443,P036,2026-04-20,completed,158.96,1
O0008764,E0008764,C0212,P012,2026-04-20,completed,132.17,1
O0008765,E0008765,C0163,P044,2026-04-20,completed,442.29,1
O0008766,E0008766,C0448,P027,2026-04-20,completed,668.99,1
O0008767,E0008767,C0172,P058,2026-04-20,completed,500.47,1
O0008768,E0008768,C0013,P062,2026-04-20,completed,143.08,1
O0008769,E0008769,C0147,P046,2026-04-20,cancelled,293.23,1
O0008770,E0008770,C0267,P022,2026-04-20,completed,577.59,1
O0008771,E0008771,C0385,P047,2026-04-20,completed,212.54,1
O0008772,E0008772,C0041,P030,2026-04-20,completed,844.0,1
O0008773,E0008773,C0228,P025,2026-04-20,completed,795.74,1
O0008774,E0008774,C0352,P014,2026-04-20,completed,60.97,1
O0008775,E0008775,C0099,P073,2026-04-20,completed,123.67,1
O0008776,E0008776,C0096,P041,2026-04-20,completed,98.43,1
O0008777,E0008777,C0063,P003,2026-04-20,completed,764.46,1
O0008778,E0008778,C0347,P068,2026-04-20,completed,322.31,1
O0008779,E0008779,C0438,P048,2026-04-20,returned,391.45,1
O0008780,E0008780,C0460,P042,2026-04-20,completed,446.95,1
O0008781,E0008781,C0137,P073,2026-04-20,completed,478.85,1
O0008782,E0008782,C0311,P038,2026-04-20,returned,244.99,1
O0008783,E0008783,C0414,P050,2026-04-20,completed,280.09,1
O0008784,E0008784,C0064,P033,2026-04-20,completed,542.06,1
O0008785,E0008785,C0493,P058,2026-04-20,completed,956.82,1
O0008786,E0008786,C0342,P024,2026-04-20,completed,18.43,1
O0008787,E0008787,C0535,P001,2026-04-20,completed,447.17,1
O0008788,E0008788,C0163,P077,2026-04-20,completed,383.69,1
O0008789,E0008789,C0476,P037,2026-04-20,completed,329.82,1
O0008790,E0008790,C0009,P022,2026-04-20,completed,183.66,1
O0008791,E0008791,C0395,P019,2026-04-20,completed,475.41,1
O0008792,E0008792,C0360,P041,2026-04-20,completed,520.59,1
O0008793,E0008793,C0577,P008,2026-04-20,completed,193.45,1
O0008794,E0008794,C0067,P032,2026-04-20,completed,200.42,1
O0008795,E0008795,C0494,P040,2026-04-20,completed,14.95,1
O0008796,E0008796,C0059,P073,2026-04-20,completed,155.87,1
O0008797,E0008797,C0397,P055,2026-04-20,completed,147.49,1
O0008798,E0008798,C0041,P029,2026-04-20,completed,441.25,1
O0008799,E0008799,C0255,P012,2026-04-20,completed,164.14,1
O0008800,E0008800,C0422,P063,2026-04-21,completed,399.65,1
O0008801,E0008801,C0240,P059,2026-04-21,completed,85.82,1
O0008802,E0008802,C0585,P028,2026-04-21,cancelled,191.06,1
O0008803,E0008803,C0317,P019,2026-04-21,completed,630.2,1
O0008804,E0008804,C0454,P007,2026-04-21,completed,484.96,1
O0008805,E0008805,C0057,P038,2026-04-21,completed,963.61,1
O0008806,E0008806,C0391,P066,2026-04-21,completed,850.96,1
O0008807,E0008807,C0540,P010,2026-04-21,completed,224.2,1
O0008808,E0008808,C0007,P044,2026-04-21,completed,136.85,1
O0008809,E0008809,C0144,P008,2026-04-21,completed,273.61,1
O0008810,E0008810,C0043,P015,2026-04-21,completed,143.01,1
O0008811,E0008811,C0560,P013,2026-04-21,completed,184.73,1
O0008812,E0008812,C0115,P009,2026-04-21,completed,628.88,1
O0008813,E0008813,C0067,P049,2026-04-21,returned,174.47,1
O0008814,E0008814,C0436,P015,2026-04-21,completed,68.29,1
O0008815,E0008815,C0115,P023,2026-04-21,completed,277.31,1
O0008816,E0008816,C0520,P049,2026-04-21,completed,111.73,1
O0008817,E0008817,C0065,P050,2026-04-21,completed,79.83,1
O0008818,E0008818,C0260,P063,2026-04-21,completed,461.54,1
O0008819,E0008819,C0335,P039,2026-04-21,completed,106.14,1
O0008820,E0008820,C0086,P021,2026-04-21,completed,366.83,1
O0008821,E0008821,C0270,P067,2026-04-21,completed,116.63,1
O0008822,E0008822,C0337,P068,2026-04-21,completed,516.22,1
O0008823,E0008823,C0429,P022,2026-04-21,completed,377.31,1
O0008824,E0008824,C0475,P032,2026-04-21,cancelled,195.88,1
O0008825,E0008825,C0199,P042,2026-04-21,completed,140.86,1
O0008826,E0008826,C0134,P001,2026-04-21,completed,223.21,1
O0008827,E0008827,C0436,P031,2026-04-21,completed,884.7,1
O0008828,E0008828,C0183,P060,2026-04-21,completed,125.77,1
O0008829,E0008829,C0064,P063,2026-04-21,completed,271.43,1
O0008830,E0008830,C0428,P039,2026-04-21,completed,118.27,1
O0008831,E0008831,C0033,P058,2026-04-21,completed,870.72,1
O0008832,E0008832,C0320,P021,2026-04-21,returned,671.91,1
O0008833,E0008833,C0264,P079,2026-04-21,completed,192.95,1
O0008834,E0008834,C0264,P064,2026-04-21,completed,78.29,1
O0008835,E0008835,C0417,P042,2026-04-21,completed,505.59,1
O0008836,E0008836,C0462,P060,2026-04-21,completed,150.92,1
O0008837,E0008837,C0179,P045,2026-04-21,completed,369.39,1
O0008838,E0008838,C0480,P060,2026-04-21,completed,103.94,1
O0008839,E0008839,C0132,P049,2026-04-21,completed,123.49,1
O0008840,E0008840,C0439,P040,2026-04-21,completed,56.57,1
O0008841,E0008841,C0194,P040,2026-04-21,completed,14.96,1
O0008842,E0008842,C0308,P004,2026-04-21,completed,180.82,1
O0008843,E0008843,C0368,P050,2026-04-21,completed,275.41,1
O0008844,E0008844,C0140,P026,2026-04-21,completed,446.33,1
O0008845,E0008845,C0224,P040,2026-04-21,completed,30.83,1
O0008846,E0008846,C0537,P050,2026-04-21,completed,187.64,1
O0008847,E0008847,C0311,P054,2026-04-21,completed,554.77,1
O0008848,E0008848,C0561,P020,2026-04-21,completed,153.44,1
O0008849,E0008849,C0407,P015,2026-04-21,completed,344.57,1
O0008850,E0008850,C0494,P079,2026-04-21,completed,606.75,1
O0008851,E0008851,C0081,P013,2026-04-21,returned,278.26,1
O0008852,E0008852,C0217,P068,2026-04-21,completed,297.45,1
O0008853,E0008853,C0116,P046,2026-04-21,completed,141.98,1
O0008854,E0008854,C0346,P070,2026-04-21,completed,301.6,1
O0008855,E0008855,C0374,P074,2026-04-21,completed,328.99,1
O0008856,E0008856,C0124,P048,2026-04-21,returned,366.6,1
O0008857,E0008857,C0064,P048,2026-04-21,completed,170.95,1
O0008858,E0008858,C0037,P075,2026-04-21,completed,172.18,1
O0008859,E0008859,C0385,P059,2026-04-21,completed,17.38,1
O0008860,E0008860,C0194,P051,2026-04-21,completed,132.22,1
O0008861,E0008861,C0203,P002,2026-04-21,completed,472.63,1
O0008862,E0008862,C0232,P022,2026-04-21,returned,708.48,1
O0008863,E0008863,C0470,P013,2026-04-21,completed,208.17,1
O0008864,E0008864,C0081,P030,2026-04-21,completed,800.92,1
O0008865,E0008865,C0443,P014,2026-04-21,completed,45.37,1
O0008866,E0008866,C0264,P038,2026-04-21,completed,801.38,1
O0008867,E0008867,C0519,P049,2026-04-21,returned,80.67,1
O0008868,E0008868,C0423,P026,2026-04-21,completed,241.06,1
O0008869,E0008869,C0319,P039,2026-04-21,completed,84.11,1
O0008870,E0008870,C0266,P007,2026-04-21,completed,564.2,1
O0008871,E0008871,C0137,P072,2026-04-21,completed,78.52,1
O0008872,E0008872,C0313,P066,2026-04-21,returned,449.78,1
O0008873,E0008873,C0192,P078,2026-04-21,completed,397.16,1
O0008874,E0008874,C0287,P037,2026-04-21,completed,225.28,1
O0008875,E0008875,C0122,P016,2026-04-21,completed,712.9,1
O0008876,E0008876,C0381,P061,2026-04-21,completed,623.59,1
O0008877,E0008877,C0451,P073,2026-04-21,completed,466.06,1
O0008878,E0008878,C0442,P080,2026-04-21,completed,81.66,1
O0008879,E0008879,C0248,P023,2026-04-21,completed,215.41,1
O0008880,E0008880,C0355,P002,2026-04-22,completed,252.3,1
O0008881,E0008881,C0379,P045,2026-04-22,returned,457.5,1
O0008882,E0008882,C0109,P027,2026-04-22,completed,417.68,1
O0008883,E0008883,C0033,P046,2026-04-22,completed,594.49,1
O0008884,E0008884,C0065,P029,2026-04-22,cancelled,147.59,1
O0008885,E0008885,C0374,P045,2026-04-22,completed,383.88,1
O0008886,E0008886,C0128,P026,2026-04-22,completed,515.68,1
O0008887,E0008887,C0226,P012,2026-04-22,completed,441.66,1
O0008888,E0008888,C0071,P064,2026-04-22,returned,107.48,1
O0008889,E0008889,C0357,P042,2026-04-22,cancelled,341.87,1
O0008890,E0008890,C0359,P066,2026-04-22,completed,182.19,1
O0008891,E0008891,C0339,P036,2026-04-22,completed,412.35,1
O0008892,E0008892,C0288,P021,2026-04-22,completed,607.1,1
O0008893,E0008893,C0001,P026,2026-04-22,completed,421.19,1
O0008894,E0008894,C0547,P077,2026-04-22,completed,1132.63,1
O0008895,E0008895,C0493,P061,2026-04-22,completed,759.46,1
O0008896,E0008896,C0141,P014,2026-04-22,completed,70.53,1
O0008897,E0008897,C0037,P076,2026-04-22,completed,274.98,1
O0008898,E0008898,C0560,P050,2026-04-22,completed,170.96,1
O0008899,E0008899,C0299,P051,2026-04-22,completed,122.64,1
O0008900,E0008900,C0102,P054,2026-04-22,completed,339.19,1
O0008901,E0008901,C0320,P011,2026-04-22,completed,106.33,1
O0008902,E0008902,C0531,P022,2026-04-22,completed,179.53,1
O0008903,E0008903,C0252,P051,2026-04-22,completed,42.58,1
O0008904,E0008904,C0126,P053,2026-04-22,completed,264.13,1
O0008905,E0008905,C0438,P042,2026-04-22,completed,120.56,1
O0008906,E0008906,C0451,P046,2026-04-22,completed,136.44,1
O0008907,E0008907,C0081,P031,2026-04-22,completed,881.23,1
O0008908,E0008908,C0316,P038,2026-04-22,completed,751.11,1
O0008909,E0008909,C0346,P026,2026-04-22,completed,642.15,1
O0008910,E0008910,C0125,P058,2026-04-22,completed,663.14,1
O0008911,E0008911,C0103,P038,2026-04-22,returned,796.77,1
O0008912,E0008912,C0376,P027,2026-04-22,completed,319.07,1
O0008913,E0008913,C0468,P032,2026-04-22,completed,593.3,1
O0008914,E0008914,C0414,P046,2026-04-22,completed,637.42,1
O0008915,E0008915,C0024,P008,2026-04-22,completed,400.45,1
O0008916,E0008916,C0590,P049,2026-04-22,completed,141.32,1
O0008917,E0008917,C0437,P046,2026-04-22,completed,383.16,1
O0008918,E0008918,C0355,P007,2026-04-22,completed,496.7,1
O0008919,E0008919,C0509,P027,2026-04-22,completed,611.41,1
O0008920,E0008920,C0279,P014,2026-04-22,completed,32.87,1
O0008921,E0008921,C0528,P034,2026-04-22,completed,564.67,1
O0008922,E0008922,C0052,P027,2026-04-22,completed,823.52,1
O0008923,E0008923,C0008,P001,2026-04-22,returned,239.91,1
O0008924,E0008924,C0544,P066,2026-04-22,completed,429.12,1
O0008925,E0008925,C0489,P071,2026-04-22,completed,329.47,1
O0008926,E0008926,C0573,P073,2026-04-22,completed,302.99,1
O0008927,E0008927,C0099,P014,2026-04-22,cancelled,37.66,1
O0008928,E0008928,C0477,P043,2026-04-22,completed,44.11,1
O0008929,E0008929,C0524,P047,2026-04-22,completed,242.71,1
O0008930,E0008930,C0129,P067,2026-04-22,completed,99.59,1
O0008931,E0008931,C0342,P053,2026-04-22,completed,105.42,1
O0008932,E0008932,C0414,P067,2026-04-22,completed,28.83,1
O0008933,E0008933,C0501,P056,2026-04-22,completed,948.8,1
O0008934,E0008934,C0297,P010,2026-04-22,completed,1106.26,1
O0008935,E0008935,C0437,P032,2026-04-22,completed,847.21,1
O0008936,E0008936,C0504,P024,2026-04-22,completed,39.08,1
O0008937,E0008937,C0329,P048,2026-04-22,completed,372.76,1
O0008938,E0008938,C0220,P055,2026-04-22,completed,537.15,1
O0008939,E0008939,C0258,P015,2026-04-22,completed,222.26,1
O0008940,E0008940,C0295,P025,2026-04-22,completed,361.74,1
O0008941,E0008941,C0291,P030,2026-04-22,completed,310.23,1
O0008942,E0008942,C0518,P002,2026-04-22,completed,425.4,1
O0008943,E0008943,C0439,P042,2026-04-22,completed,464.1,1
O0008944,E0008944,C0118,P041,2026-04-22,completed,204.41,1
O0008945,E0008945,C0109,P063,2026-04-22,completed,332.97,1
O0008946,E0008946,C0483,P017,2026-04-22,returned,954.95,1
O0008947,E0008947,C0067,P006,2026-04-22,returned,437.55,1
O0008948,E0008948,C0383,P009,2026-04-22,completed,914.22,1
O0008949,E0008949,C0577,P070,2026-04-22,completed,262.2,1
O0008950,E0008950,C0273,P055,2026-04-22,completed,504.73,1
O0008951,E0008951,C0089,P062,2026-04-22,returned,86.29,1
O0008952,E0008952,C0270,P044,2026-04-22,completed,254.65,1
O0008953,E0008953,C0139,P012,2026-04-22,completed,532.64,1
O0008954,E0008954,C0376,P080,2026-04-22,returned,166.35,1
O0008955,E0008955,C0511,P021,2026-04-22,returned,690.41,1
O0008956,E0008956,C0220,P007,2026-04-22,completed,371.87,1
O0008957,E0008957,C0319,P057,2026-04-22,completed,598.37,1
O0008958,E0008958,C0208,P013,2026-04-22,completed,787.64,1
O0008959,E0008959,C0533,P061,2026-04-22,returned,253.52,1
O0008960,E0008960,C0037,P008,2026-04-23,returned,438.39,1
O0008961,E0008961,C0489,P032,2026-04-23,completed,516.77,1
O0008962,E0008962,C0055,P015,2026-04-23,returned,149.36,1
O0008963,E0008963,C0289,P011,2026-04-23,completed,145.7,1
O0008964,E0008964,C0487,P056,2026-04-23,completed,515.9,1
O0008965,E0008965,C0539,P066,2026-04-23,completed,1079.36,1
O0008966,E0008966,C0365,P066,2026-04-23,cancelled,842.12,1
O0008967,E0008967,C0470,P075,2026-04-23,completed,154.6,1
O0008968,E0008968,C0385,P078,2026-04-23,completed,185.23,1
O0008969,E0008969,C0099,P023,2026-04-23,completed,265.01,1
O0008970,E0008970,C0137,P069,2026-04-23,completed,60.78,1
O0008971,E0008971,C0533,P064,2026-04-23,completed,132.38,1
O0008972,E0008972,C0150,P055,2026-04-23,completed,469.1,1
O0008973,E0008973,C0062,P003,2026-04-23,completed,780.35,1
O0008974,E0008974,C0268,P030,2026-04-23,cancelled,471.09,1
O0008975,E0008975,C0417,P013,2026-04-23,completed,797.93,1
O0008976,E0008976,C0183,P013,2026-04-23,cancelled,616.66,1
O0008977,E0008977,C0055,P073,2026-04-23,completed,546.17,1
O0008978,E0008978,C0553,P073,2026-04-23,completed,158.12,1
O0008979,E0008979,C0056,P073,2026-04-23,completed,640.43,1
O0008980,E0008980,C0408,P041,2026-04-23,completed,562.07,1
O0008981,E0008981,C0503,P019,2026-04-23,completed,618.4,1
O0008983,E0008983,C0233,P042,2026-04-23,completed,346.07,1
O0008984,E0008984,C0312,P016,2026-04-23,completed,373.81,1
O0008985,E0008985,C0251,P074,2026-04-23,completed,288.27,1
O0008986,E0008986,C0033,P009,2026-04-23,completed,249.66,1
O0008987,E0008987,C0031,P043,2026-04-23,completed,29.75,1
O0008988,E0008988,C0033,P023,2026-04-23,completed,406.17,1
O0008989,E0008989,C0503,P052,2026-04-23,completed,362.01,1
O0008990,E0008990,C0319,P032,2026-04-23,completed,397.2,1
O0008991,E0008991,C0403,P038,2026-04-23,returned,896.5,1
O0008992,E0008992,C0302,P010,2026-04-23,completed,1078.46,1
O0008993,E0008993,C0101,P019,2026-04-23,cancelled,319.64,1
O0008994,E0008994,C0555,P014,2026-04-23,completed,55.48,1
O0008995,E0008995,C0492,P018,2026-04-23,completed,173.61,1
O0008996,E0008996,C0582,P044,2026-04-23,cancelled,529.71,1
O0008997,E0008997,C0282,P031,2026-04-23,completed,182.04,1
O0008998,E0008998,C0327,P050,2026-04-23,completed,346.48,1
O0008999,E0008999,C0283,P079,2026-04-23,completed,136.92,1
O0009000,E0009000,C0520,P062,2026-04-23,completed,138.42,1
O0009001,E0009001,C0453,P021,2026-04-23,completed,366.76,1
O0009002,E0009002,C0475,P048,2026-04-23,completed,155.43,1
O0009003,E0009003,C0089,P023,2026-04-23,completed,172.93,1
O0009004,E0009004,C0012,P049,2026-04-23,completed,178.02,1
O0009005,E0009005,C0165,P017,2026-04-23,completed,778.74,1
O0009006,E0009006,C0201,P036,2026-04-23,completed,466.69,1
O0009007,E0009007,C0431,P002,2026-04-23,completed,119.2,1
O0009008,E0009008,C0090,P037,2026-04-23,completed,751.55,1
O0009009,E0009009,C0524,P070,2026-04-23,completed,218.79,1
O0009010,E0009010,C0008,P035,2026-04-23,completed,393.07,1
O0009011,E0009011,C0514,P075,2026-04-23,completed,718.55,1
O0009012,E0009012,C0382,P004,2026-04-23,completed,558.22,1
O0009013,E0009013,C0336,P063,2026-04-23,completed,462.18,1
O0009014,E0009014,C0267,P050,2026-04-23,returned,141.79,1
O0009015,E0009015,C0228,P054,2026-04-23,completed,126.84,1
O0009016,E0009016,C0020,P020,2026-04-23,completed,230.63,1
O0009017,E0009017,C0245,P010,2026-04-23,completed,687.25,1
O0009018,E0009018,C0323,P048,2026-04-23,completed,366.11,1
O0009019,E0009019,C0435,P057,2026-04-23,completed,361.04,1
O0009020,E0009020,C0449,P023,2026-04-23,completed,356.32,1
O0009021,E0009021,C0493,P001,2026-04-23,completed,120.13,1
O0009022,E0009022,C0280,P008,2026-04-23,completed,596.33,1
O0009023,E0009023,C0490,P059,2026-04-23,completed,73.5,1
O0009024,E0009024,C0208,P032,2026-04-23,completed,517.11,1
O0009025,E0009025,C0440,P065,2026-04-23,completed,192.58,1
O0009026,E0009026,C0535,P066,2026-04-23,completed,999.94,1
O0009027,E0009027,C0216,P068,2026-04-23,completed,634.13,1
O0009028,E0009028,C0357,P056,2026-04-23,cancelled,690.28,1
O0009029,E0009029,C0492,P019,2026-04-23,completed,234.38,1
O0009030,E0009030,C0117,P063,2026-04-23,completed,288.4,1
O0009031,E0009031,C0414,P078,2026-04-23,completed,544.84,1
O0009032,E0009032,C0360,P026,2026-04-23,returned,523.38,1
O0009033,E0009033,C0419,P070,2026-04-23,completed,114.28,1
O0009034,E0009034,C0461,P056,2026-04-23,completed,171.14,1
O0009035,E0009035,C0454,P057,2026-04-23,completed,984.42,1
O0009036,E0009036,C0047,P030,2026-04-23,completed,198.27,1
O0009037,E0009037,C0223,P074,2026-04-23,completed,208.14,1
O0009038,E0009038,C0435,P047,2026-04-23,completed,216.22,1
O0009039,E0009039,C0248,P033,2026-04-23,completed,297.04,1
O0009040,E0009040,C0193,P036,2026-04-24,cancelled,797.74,1
O0009041,E0009041,C0550,P045,2026-04-24,completed,222.74,1
O0009042,E0009042,C0595,P053,2026-04-24,completed,161.87,1
O0009043,E0009043,C0187,P003,2026-04-24,completed,1041.41,1
O0009044,E0009044,C0488,P060,2026-04-24,completed,161.0,1
O0009045,E0009045,C0036,P019,2026-04-24,completed,483.41,1
O0009046,E0009046,C0233,P060,2026-04-24,completed,224.81,1
O0009047,E0009047,C0028,P046,2026-04-24,completed,186.84,1
O0009048,E0009048,C0445,P080,2026-04-24,completed,206.29,1
O0009049,E0009049,C0321,P073,2026-04-24,completed,475.97,1
O0009050,E0009050,C0030,P003,2026-04-24,returned,513.67,1
O0009051,E0009051,C0500,P065,2026-04-24,completed,188.2,1
O0009052,E0009052,C0241,P035,2026-04-24,completed,619.98,1
O0009053,E0009053,C0500,P038,2026-04-24,completed,218.91,1
O0009054,E0009054,C0154,P074,2026-04-24,completed,170.11,1
O0009055,E0009055,C0087,P019,2026-04-24,completed,544.99,1
O0009056,E0009056,C0011,P042,2026-04-24,returned,126.85,1
O0009057,E0009057,C0062,P064,2026-04-24,completed,80.02,1
O0009058,E0009058,C0448,P061,2026-04-24,completed,1037.83,1
O0009059,E0009059,C0327,P073,2026-04-24,completed,147.74,1
O0009060,E0009060,C0011,P033,2026-04-24,completed,850.98,1
O0009061,E0009061,C0039,P056,2026-04-24,completed,499.03,1
O0009062,E0009062,C0083,P044,2026-04-24,returned,377.48,1
O0009063,E0009063,C0600,P047,2026-04-24,completed,522.88,1
O0009064,E0009064,C0327,P021,2026-04-24,completed,537.95,1
O0009065,E0009065,C0099,P056,2026-04-24,completed,367.04,1
O0009066,E0009066,C0195,P069,2026-04-24,cancelled,22.71,1
O0009067,E0009067,C0412,P074,2026-04-24,completed,374.95,1
O0009068,E0009068,C0565,P077,2026-04-24,completed,567.29,1
O0009069,E0009069,C0494,P041,2026-04-24,completed,106.24,1
O0009070,E0009070,C0379,P045,2026-04-24,completed,947.55,1
O0009071,E0009071,C0422,P009,2026-04-24,completed,393.44,1
O0009072,E0009072,C0532,P015,2026-04-24,completed,119.51,1
O0009073,E0009073,C0066,P063,2026-04-24,completed,148.87,1
O0009074,E0009074,C0544,P025,2026-04-24,cancelled,387.17,1
O0009075,E0009075,C0532,P009,2026-04-24,completed,672.46,1
O0009076,E0009076,C0139,P078,2026-04-24,completed,912.21,1
O0009077,E0009077,C0566,P074,2026-04-24,cancelled,152.84,1
O0009078,E0009078,C0049,P008,2026-04-24,completed,404.34,1
O0009079,E0009079,C0110,P050,2026-04-24,completed,168.41,1
O0009080,E0009080,C0560,P013,2026-04-24,completed,678.54,1
O0009081,E0009081,C0562,P068,2026-04-24,completed,144.68,1
O0009082,E0009082,C0557,P035,2026-04-24,cancelled,479.71,1
O0009083,E0009083,C0192,P055,2026-04-24,completed,132.25,1
O0009084,E0009084,C0260,P064,2026-04-24,completed,98.52,1
O0009085,E0009085,C0409,P059,2026-04-24,completed,62.0,1
O0009086,E0009086,C0381,P020,2026-04-24,completed,73.32,1
O0009087,E0009087,C0401,P001,2026-04-24,completed,433.76,1
O0009088,E0009088,C0227,P014,2026-04-24,completed,43.32,1
O0009089,E0009089,C0386,P043,2026-04-24,completed,108.1,1
O0009090,E0009090,C0358,P008,2026-04-24,completed,194.67,1
O0009091,E0009091,C0469,P003,2026-04-24,completed,753.14,1
O0009092,E0009092,C0488,P043,2026-04-24,completed,89.78,1
O0009093,E0009093,C0500,P032,2026-04-24,completed,830.99,1
O0009094,E0009094,C0196,P029,2026-04-24,completed,156.22,1
O0009095,E0009095,C0019,P020,2026-04-24,completed,285.33,1
O0009096,E0009096,C0510,P016,2026-04-24,completed,640.15,1
O0009097,E0009097,C0173,P040,2026-04-24,completed,36.22,1
O0009098,E0009098,C0134,P013,2026-04-24,completed,251.09,1
O0009099,E0009099,C0461,P054,2026-04-24,completed,543.07,1
O0009100,E0009100,C0008,P071,2026-04-24,completed,330.13,1
O0009101,E0009101,C0167,P069,2026-04-24,completed,92.37,1
O0009102,E0009102,C0213,P063,2026-04-24,completed,152.92,1
O0009103,E0009103,C0528,P050,2026-04-24,completed,140.38,1
O0009104,E0009104,C0328,P034,2026-04-24,completed,887.02,1
O0009105,E0009105,C0342,P071,2026-04-24,completed,213.5,1
O0009106,E0009106,C0570,P071,2026-04-24,completed,449.66,1
O0009107,E0009107,C0558,P045,2026-04-24,returned,479.08,1
O0009108,E0009108,C0095,P042,2026-04-24,completed,136.08,1
O0009109,E0009109,C0465,P041,2026-04-24,completed,377.09,1
O0009110,E0009110,C0465,P014,2026-04-24,completed,58.4,1
O0009111,E0009111,C0289,P036,2026-04-24,completed,202.11,1
O0009112,E0009112,C0356,P068,2026-04-24,cancelled,185.13,1
O0009113,E0009113,C0095,P015,2026-04-24,cancelled,268.37,1
O0009114,E0009114,C0466,P077,2026-04-24,completed,217.61,1
O0009115,E0009115,C0425,P005,2026-04-24,completed,104.82,1
O0009116,E0009116,C0298,P019,2026-04-24,returned,426.38,1
O0009117,E0009117,C0226,P041,2026-04-24,completed,404.9,1
O0009118,E0009118,C0047,P064,2026-04-24,completed,76.2,1
O0009119,E0009119,C0239,P030,2026-04-24,completed,479.47,1
O0009120,E0009120,C0391,P072,2026-04-25,completed,56.04,1
O0009121,E0009121,C0540,P035,2026-04-25,completed,209.11,1
O0009122,E0009122,C0562,P051,2026-04-25,completed,75.03,1
O0009123,E0009123,C0384,P030,2026-04-25,completed,219.93,1
O0009124,E0009124,C0205,P027,2026-04-25,completed,194.84,1
O0009125,E0009125,C0455,P026,2026-04-25,completed,178.14,1
O0009126,E0009126,C0193,P001,2026-04-25,completed,469.8,1
O0009127,E0009127,C0457,P040,2026-04-25,completed,38.66,1
O0009128,E0009128,C0495,P023,2026-04-25,completed,87.63,1
O0009129,E0009129,C0571,P049,2026-04-25,completed,196.7,1
O0009130,E0009130,C0202,P022,2026-04-25,completed,473.84,1
O0009131,E0009131,C0312,P028,2026-04-25,completed,262.34,1
O0009132,E0009132,C0463,P068,2026-04-25,completed,153.66,1
O0009133,E0009133,C0107,P079,2026-04-25,completed,670.54,1
O0009134,E0009134,C0586,P063,2026-04-25,completed,502.62,1
O0009135,E0009135,C0297,P008,2026-04-25,completed,338.08,1
O0009136,E0009136,C0324,P020,2026-04-25,completed,50.53,1
O0009137,E0009137,C0297,P043,2026-04-25,completed,78.85,1
O0009138,E0009138,C0243,P048,2026-04-25,returned,641.32,1
O0009139,E0009139,C0090,P071,2026-04-25,completed,605.65,1
O0009140,E0009140,C0258,P058,2026-04-25,completed,1037.52,1
O0009141,E0009141,C0505,P016,2026-04-25,completed,400.07,1
O0009142,E0009142,C0391,P045,2026-04-25,completed,508.56,1
O0009143,E0009143,C0389,P013,2026-04-25,completed,285.4,1
O0009144,E0009144,C0234,P039,2026-04-25,cancelled,125.94,1
O0009145,E0009145,C0008,P061,2026-04-25,completed,831.81,1
O0009146,E0009146,C0519,P080,2026-04-25,completed,153.79,1
O0009147,E0009147,C0494,P002,2026-04-25,completed,348.02,1
O0009148,E0009148,C0105,P014,2026-04-25,completed,50.33,1
O0009149,E0009149,C0335,P075,2026-04-25,completed,512.46,1
O0009150,E0009150,C0563,P025,2026-04-25,completed,831.49,1
O0009151,E0009151,C0530,P060,2026-04-25,completed,59.25,1
O0009152,E0009152,C0392,P069,2026-04-25,completed,29.59,1
O0009153,E0009153,C0174,P070,2026-04-25,completed,226.76,1
O0009154,E0009154,C0018,P003,2026-04-25,completed,903.5,1
O0009155,E0009155,C0349,P040,2026-04-25,completed,47.47,1
O0009156,E0009156,C0268,P031,2026-04-25,completed,167.95,1
O0009157,E0009157,C0526,P016,2026-04-25,completed,229.7,1
O0009158,E0009158,C0387,P030,2026-04-25,completed,622.36,1
O0009159,E0009159,C0212,P018,2026-04-25,completed,367.76,1
O0009160,E0009160,C0061,P064,2026-04-25,completed,78.74,1
O0009161,E0009161,C0340,P027,2026-04-25,completed,194.05,1
O0009162,E0009162,C0336,P007,2026-04-25,completed,274.63,1
O0009163,E0009163,C0267,P019,2026-04-25,completed,503.95,1
O0009164,E0009164,C0215,P027,2026-04-25,completed,619.23,1
O0009165,E0009165,C0099,P060,2026-04-25,returned,210.74,1
O0009166,E0009166,C0149,P045,2026-04-25,completed,683.95,1
O0009167,E0009167,C0576,P008,2026-04-25,completed,194.19,1
O0009168,E0009168,C0322,P059,2026-04-25,completed,18.53,1
O0009169,E0009169,C0298,P034,2026-04-25,completed,682.17,1
O0009170,E0009170,C0445,P009,2026-04-25,completed,474.42,1
O0009171,E0009171,C0370,P054,2026-04-25,completed,258.52,1
O0009172,E0009172,C0044,P037,2026-04-25,returned,174.86,1
O0009173,E0009173,C0172,P017,2026-04-25,completed,428.5,1
O0009174,E0009174,C0193,P067,2026-04-25,completed,127.68,1
O0009175,E0009175,C0576,P077,2026-04-25,completed,729.87,1
O0009176,E0009176,C0286,P022,2026-04-25,completed,491.4,1
O0009177,E0009177,C0470,P063,2026-04-25,completed,567.78,1
O0009178,E0009178,C0447,P051,2026-04-25,completed,96.71,1
O0009179,E0009179,C0356,P069,2026-04-25,completed,99.38,1
O0009180,E0009180,C0081,P059,2026-04-25,completed,16.81,1
O0009181,E0009181,C0365,P017,2026-04-25,completed,705.84,1
O0009182,E0009182,C0183,P027,2026-04-25,completed,590.17,1
O0009183,E0009183,C0296,P039,2026-04-25,completed,102.13,1
O0009184,E0009184,C0436,P043,2026-04-25,completed,74.18,1
O0009185,E0009185,C0371,P067,2026-04-25,cancelled,70.33,1
O0009186,E0009186,C0350,P048,2026-04-25,completed,275.87,1
O0009187,E0009187,C0361,P032,2026-04-25,returned,213.26,1
O0009188,E0009188,C0431,P063,2026-04-25,completed,667.07,1
O0009189,E0009189,C0262,P003,2026-04-25,returned,416.98,1
O0009190,E0009190,C0426,P014,2026-04-25,cancelled,54.96,1
O0009191,E0009191,C0040,P014,2026-04-25,completed,14.57,1
O0009192,E0009192,C0144,P028,2026-04-25,completed,49.33,1
O0009193,E0009193,C0099,P075,2026-04-25,completed,356.64,1
O0009194,E0009194,C0157,P054,2026-04-25,completed,285.56,1
O0009195,E0009195,C0169,P046,2026-04-25,returned,257.84,1
O0009196,E0009196,C0117,P030,2026-04-25,completed,383.43,1
O0009197,E0009197,C0345,P034,2026-04-25,completed,231.38,1
O0009198,E0009198,C0501,P005,2026-04-25,completed,99.38,1
O0009199,E0009199,C0081,P057,2026-04-25,completed,200.69,1
O0009200,E0009200,C0214,P016,2026-04-26,completed,244.77,1
O0009201,E0009201,C0403,P055,2026-04-26,completed,247.86,1
O0009202,E0009202,C0213,P044,2026-04-26,completed,106.4,1
O0009203,E0009203,C0089,P050,2026-04-26,completed,168.64,1
O0009204,E0009204,C0181,P044,2026-04-26,completed,246.37,1
O0009205,E0009205,C0141,P071,2026-04-26,completed,515.08,1
O0009206,E0009206,C0391,P072,2026-04-26,completed,56.29,1
O0009207,E0009207,C0023,P024,2026-04-26,returned,58.17,1
O0009208,E0009208,C0522,P075,2026-04-26,completed,806.24,1
O0009209,E0009209,C0575,P011,2026-04-26,completed,141.18,1
O0009210,E0009210,C0538,P064,2026-04-26,returned,66.93,1
O0009211,E0009211,C0576,P073,2026-04-26,cancelled,358.34,1
O0009212,E0009212,C0086,P059,2026-04-26,completed,34.35,1
O0009213,E0009213,C0345,P002,2026-04-26,completed,315.41,1
O0009214,E0009214,C0223,P064,2026-04-26,completed,99.87,1
O0009215,E0009215,C0485,P058,2026-04-26,completed,386.25,1
O0009216,E0009216,C0419,P017,2026-04-26,completed,920.77,1
O0009217,E0009217,C0553,P065,2026-04-26,completed,199.3,1
O0009218,E0009218,C0069,P035,2026-04-26,completed,370.48,1
O0009219,E0009219,C0313,P052,2026-04-26,completed,247.57,1
O0009220,E0009220,C0373,P079,2026-04-26,completed,636.08,1
O0009221,E0009221,C0363,P038,2026-04-26,completed,554.61,1
O0009222,E0009222,C0057,P064,2026-04-26,completed,42.73,1
O0009223,E0009223,C0571,P019,2026-04-26,completed,154.99,1
O0009224,E0009224,C0463,P070,2026-04-26,cancelled,306.85,1
O0009225,E0009225,C0209,P025,2026-04-26,cancelled,626.17,1
O0009226,E0009226,C0342,P021,2026-04-26,completed,407.36,1
O0009227,E0009227,C0047,P013,2026-04-26,completed,1037.66,1
O0009228,E0009228,C0565,P018,2026-04-26,completed,210.76,1
O0009229,E0009229,C0325,P035,2026-04-26,completed,237.69,1
O0009230,E0009230,C0062,P039,2026-04-26,completed,91.64,1
O0009231,E0009231,C0273,P045,2026-04-26,completed,351.23,1
O0009232,E0009232,C0225,P035,2026-04-26,completed,1121.99,1
O0009233,E0009233,C0422,P054,2026-04-26,completed,388.16,1
O0009234,E0009234,C0589,P058,2026-04-26,completed,489.22,1
O0009235,E0009235,C0014,P023,2026-04-26,completed,286.73,1
O0009236,E0009236,C0465,P038,2026-04-26,completed,179.22,1
O0009237,E0009237,C0541,P036,2026-04-26,completed,790.77,1
O0009238,E0009238,C0516,P044,2026-04-26,completed,406.94,1
O0009239,E0009239,C0170,P023,2026-04-26,completed,67.23,1
O0009240,E0009240,C0126,P040,2026-04-26,completed,75.39,1
O0009241,E0009241,C0500,P034,2026-04-26,returned,219.58,1
O0009242,E0009242,C0016,P021,2026-04-26,completed,687.11,1
O0009243,E0009243,C0326,P056,2026-04-26,completed,198.09,1
O0009244,E0009244,C0242,P010,2026-04-26,completed,440.26,1
O0009245,E0009245,C0209,P057,2026-04-26,completed,650.42,1
O0009246,E0009246,C0053,P064,2026-04-26,completed,83.24,1
O0009247,E0009247,C0564,P031,2026-04-26,completed,649.51,1
O0009248,E0009248,C0505,P024,2026-04-26,completed,18.09,1
O0009249,E0009249,C0233,P005,2026-04-26,completed,55.33,1
O0009250,E0009250,C0392,P001,2026-04-26,completed,412.18,1
O0009251,E0009251,C0196,P054,2026-04-26,completed,184.39,1
O0009252,E0009252,C0425,P031,2026-04-26,completed,177.58,1
O0009253,E0009253,C0162,P030,2026-04-26,completed,737.31,1
O0009254,E0009254,C0310,P053,2026-04-26,completed,259.38,1
O0009255,E0009255,C0212,P028,2026-04-26,completed,69.15,1
O0009256,E0009256,C0365,P040,2026-04-26,completed,13.72,1
O0009257,E0009257,C0443,P049,2026-04-26,completed,154.13,1
O0009258,E0009258,C0337,P012,2026-04-26,completed,257.97,1
O0009259,E0009259,C0218,P039,2026-04-26,completed,57.65,1
O0009260,E0009260,C0192,P042,2026-04-26,completed,501.91,1
O0009261,E0009261,C0262,P077,2026-04-26,completed,495.26,1
O0009262,E0009262,C0563,P053,2026-04-26,completed,293.62,1
O0009263,E0009263,C0001,P029,2026-04-26,completed,435.76,1
O0009264,E0009264,C0091,P050,2026-04-26,completed,298.28,1
O0009265,E0009265,C0332,P026,2026-04-26,returned,263.34,1
O0009266,E0009266,C0516,P006,2026-04-26,completed,835.22,1
O0009267,E0009267,C0015,P002,2026-04-26,returned,342.35,1
O0009268,E0009268,C0195,P052,2026-04-26,completed,212.45,1
O0009269,E0009269,C0355,P035,2026-04-26,completed,202.94,1
O0009270,E0009270,C0424,P049,2026-04-26,returned,95.37,1
O0009271,E0009271,C0192,P039,2026-04-26,completed,40.76,1
O0009272,E0009272,C0292,P052,2026-04-26,returned,566.49,1
O0009273,E0009273,C0444,P050,2026-04-26,completed,329.11,1
O0009274,E0009274,C0396,P040,2026-04-26,completed,35.5,1
O0009275,E0009275,C0239,P066,2026-04-26,completed,193.99,1
O0009276,E0009276,C0097,P029,2026-04-26,completed,279.81,1
O0009277,E0009277,C0496,P058,2026-04-26,completed,956.86,1
O0009278,E0009278,C0097,P078,2026-04-26,completed,461.45,1
O0009279,E0009279,C0364,P070,2026-04-26,completed,248.38,1
O0009280,E0009280,C0558,P016,2026-04-27,cancelled,484.91,1
O0009281,E0009281,C0408,P075,2026-04-27,returned,466.28,1
O0009282,E0009282,C0514,P054,2026-04-27,completed,279.3,1
O0009283,E0009283,C0087,P073,2026-04-27,completed,415.86,1
O0009284,E0009284,C0378,P002,2026-04-27,completed,110.15,1
O0009285,E0009285,C0463,P022,2026-04-27,completed,396.09,1
O0009286,E0009286,C0045,P077,2026-04-27,completed,721.24,1
O0009287,E0009287,C0293,P073,2026-04-27,completed,229.53,1
O0009288,E0009288,C0081,P062,2026-04-27,completed,41.26,1
O0009289,E0009289,C0240,P007,2026-04-27,completed,271.49,1
O0009290,E0009290,C0100,P068,2026-04-27,completed,575.03,1
O0009291,E0009291,C0476,P018,2026-04-27,completed,157.13,1
O0009292,E0009292,C0381,P019,2026-04-27,completed,340.45,1
O0009293,E0009293,C0070,P071,2026-04-27,completed,496.56,1
O0009294,E0009294,C0481,P016,2026-04-27,cancelled,923.65,1
O0009295,E0009295,C0450,P032,2026-04-27,completed,496.39,1
O0009296,E0009296,C0252,P060,2026-04-27,completed,121.05,1
O0009297,E0009297,C0134,P001,2026-04-27,completed,257.77,1
O0009298,E0009298,C0337,P050,2026-04-27,completed,367.4,1
O0009299,E0009299,C0347,P039,2026-04-27,completed,120.17,1
O0009300,E0009300,C0024,P035,2026-04-27,completed,545.46,1
O0009301,E0009301,C0580,P068,2026-04-27,completed,511.91,1
O0009302,E0009302,C0052,P016,2026-04-27,completed,477.53,1
O0009303,E0009303,C0005,P076,2026-04-27,completed,60.23,1
O0009304,E0009304,C0297,P035,2026-04-27,completed,245.54,1
O0009305,E0009305,C0449,P011,2026-04-27,completed,38.41,1
O0009306,E0009306,C0002,P053,2026-04-27,completed,259.03,1
O0009307,E0009307,C0290,P036,2026-04-27,completed,507.15,1
O0009308,E0009308,C0585,P022,2026-04-27,completed,356.56,1
O0009309,E0009309,C0115,P001,2026-04-27,completed,354.56,1
O0009310,E0009310,C0419,P053,2026-04-27,completed,190.02,1
O0009311,E0009311,C0118,P023,2026-04-27,completed,197.06,1
O0009312,E0009312,C0201,P055,2026-04-27,completed,127.65,1
O0009313,E0009313,C0302,P002,2026-04-27,cancelled,518.77,1
O0009314,E0009314,C0180,P005,2026-04-27,completed,57.82,1
O0009315,E0009315,C0132,P043,2026-04-27,completed,93.51,1
O0009316,E0009316,C0240,P069,2026-04-27,completed,92.77,1
O0009317,E0009317,C0422,P064,2026-04-27,completed,33.49,1
O0009318,E0009318,C0491,P036,2026-04-27,completed,525.41,1
O0009319,E0009319,C0103,P025,2026-04-27,completed,212.33,1
O0009320,E0009320,C0347,P008,2026-04-27,returned,194.83,1
O0009321,E0009321,C0539,P044,2026-04-27,completed,415.32,1
O0009322,E0009322,C0394,P016,2026-04-27,completed,516.34,1
O0009323,E0009323,C0346,P017,2026-04-27,completed,447.29,1
O0009324,E0009324,C0100,P076,2026-04-27,cancelled,76.15,1
O0009325,E0009325,C0249,P035,2026-04-27,cancelled,467.52,1
O0009326,E0009326,C0392,P055,2026-04-27,completed,467.08,1
O0009327,E0009327,C0475,P007,2026-04-27,completed,254.13,1
O0009328,E0009328,C0092,P072,2026-04-27,completed,136.25,1
O0009329,E0009329,C0315,P010,2026-04-27,completed,408.29,1
O0009330,E0009330,C0013,P057,2026-04-27,completed,186.34,1
O0009331,E0009331,C0190,P033,2026-04-27,completed,223.02,1
O0009332,E0009332,C0306,P022,2026-04-27,returned,133.89,1
O0009333,E0009333,C0309,P066,2026-04-27,completed,240.32,1
O0009334,E0009334,C0391,P030,2026-04-27,completed,673.33,1
O0009335,E0009335,C0336,P060,2026-04-27,completed,129.92,1
O0009336,E0009336,C0022,P053,2026-04-27,completed,104.59,1
O0009337,E0009337,C0253,P012,2026-04-27,completed,273.15,1
O0009338,E0009338,C0092,P047,2026-04-27,completed,578.74,1
O0009339,E0009339,C0454,P012,2026-04-27,completed,111.46,1
O0009340,E0009340,C0397,P050,2026-04-27,completed,65.35,1
O0009341,E0009341,C0424,P014,2026-04-27,completed,61.43,1
O0009342,E0009342,C0535,P069,2026-04-27,completed,20.68,1
O0009343,E0009343,C0525,P017,2026-04-27,completed,225.8,1
O0009344,E0009344,C0232,P069,2026-04-27,completed,47.4,1
O0009345,E0009345,C0379,P036,2026-04-27,completed,485.55,1
O0009346,E0009346,C0176,P019,2026-04-27,completed,545.44,1
O0009347,E0009347,C0414,P029,2026-04-27,completed,254.19,1
O0009348,E0009348,C0008,P004,2026-04-27,completed,897.01,1
O0009349,E0009349,C0489,P035,2026-04-27,completed,275.22,1
O0009350,E0009350,C0065,P021,2026-04-27,completed,121.86,1
O0009351,E0009351,C0249,P008,2026-04-27,completed,639.24,1
O0009352,E0009352,C0569,P057,2026-04-27,completed,658.03,1
O0009353,E0009353,C0053,P028,2026-04-27,completed,177.08,1
O0009354,E0009354,C0468,P040,2026-04-27,completed,56.77,1
O0009355,E0009355,C0394,P021,2026-04-27,completed,419.42,1
O0009356,E0009356,C0400,P036,2026-04-27,completed,706.69,1
O0009357,E0009357,C0086,P059,2026-04-27,completed,20.53,1
O0009358,E0009358,C0108,P016,2026-04-27,completed,262.78,1
O0009359,E0009359,C0377,P003,2026-04-27,completed,456.18,1
O0009360,E0009360,C0420,P055,2026-04-28,completed,303.08,1
O0009361,E0009361,C0472,P047,2026-04-28,completed,603.55,1
O0009362,E0009362,C0193,P011,2026-04-28,completed,82.54,1
O0009363,E0009363,C0549,P078,2026-04-28,completed,581.95,1
O0009364,E0009364,C0011,P067,2026-04-28,completed,68.47,1
O0009365,E0009365,C0508,P033,2026-04-28,completed,439.62,1
O0009366,E0009366,C0004,P048,2026-04-28,completed,183.74,1
O0009367,E0009367,C0010,P031,2026-04-28,completed,454.48,1
O0009368,E0009368,C0431,P002,2026-04-28,completed,367.46,1
O0009369,E0009369,C0109,P071,2026-04-28,completed,211.26,1
O0009370,E0009370,C0001,P039,2026-04-28,completed,93.9,1
O0009371,E0009371,C0333,P046,2026-04-28,completed,158.07,1
O0009372,E0009372,C0278,P008,2026-04-28,completed,201.58,1
O0009373,E0009373,C0529,P025,2026-04-28,completed,207.98,1
O0009374,E0009374,C0544,P025,2026-04-28,completed,513.71,1
O0009375,E0009375,C0082,P070,2026-04-28,completed,225.88,1
O0009376,E0009376,C0069,P025,2026-04-28,completed,693.36,1
O0009377,E0009377,C0185,P059,2026-04-28,completed,65.72,1
O0009378,E0009378,C0554,P050,2026-04-28,completed,229.24,1
O0009379,E0009379,C0272,P079,2026-04-28,completed,164.98,1
O0009380,E0009380,C0484,P018,2026-04-28,completed,868.16,1
O0009381,E0009381,C0346,P047,2026-04-28,completed,884.28,1
O0009382,E0009382,C0303,P044,2026-04-28,completed,346.37,1
O0009383,E0009383,C0453,P069,2026-04-28,completed,111.23,1
O0009384,E0009384,C0232,P076,2026-04-28,completed,88.81,1
O0009385,E0009385,C0064,P074,2026-04-28,completed,361.97,1
O0009386,E0009386,C0023,P036,2026-04-28,completed,293.52,1
O0009387,E0009387,C0217,P031,2026-04-28,completed,694.22,1
O0009388,E0009388,C0319,P023,2026-04-28,completed,93.24,1
O0009389,E0009389,C0201,P038,2026-04-28,completed,840.98,1
O0009390,E0009390,C0221,P046,2026-04-28,completed,381.74,1
O0009391,E0009391,C0514,P021,2026-04-28,completed,133.3,1
O0009392,E0009392,C0318,P074,2026-04-28,completed,238.05,1
O0009393,E0009393,C0065,P065,2026-04-28,completed,133.67,1
O0009394,E0009394,C0397,P006,2026-04-28,completed,736.86,1
O0009395,E0009395,C0059,P054,2026-04-28,completed,322.0,1
O0009396,E0009396,C0585,P061,2026-04-28,completed,173.83,1
O0009397,E0009397,C0407,P065,2026-04-28,completed,194.24,1
O0009398,E0009398,C0121,P054,2026-04-28,completed,380.79,1
O0009399,E0009399,C0167,P006,2026-04-28,completed,1091.45,1
O0009400,E0009400,C0035,P062,2026-04-28,completed,29.69,1
O0009401,E0009401,C0383,P068,2026-04-28,completed,462.45,1
O0009402,E0009402,C0281,P004,2026-04-28,completed,728.29,1
O0009403,E0009403,C0244,P045,2026-04-28,completed,1017.22,1
O0009404,E0009404,C0382,P048,2026-04-28,completed,755.89,1
O0009405,E0009405,C0023,P020,2026-04-28,completed,149.42,1
O0009406,E0009406,C0575,P015,2026-04-28,completed,153.26,1
O0009407,E0009407,C0030,P073,2026-04-28,completed,531.65,1
O0009408,E0009408,C0468,P030,2026-04-28,completed,219.61,1
O0009409,E0009409,C0532,P001,2026-04-28,completed,304.38,1
O0009410,E0009410,C0494,P025,2026-04-28,completed,591.44,1
O0009411,E0009411,C0385,P047,2026-04-28,completed,645.58,1
O0009412,E0009412,C0120,P070,2026-04-28,completed,236.64,1
O0009413,E0009413,C0499,P038,2026-04-28,completed,193.34,1
O0009414,E0009414,C0448,P046,2026-04-28,completed,506.77,1
O0009415,E0009415,C0563,P045,2026-04-28,completed,948.76,1
O0009416,E0009416,C0284,P051,2026-04-28,completed,74.35,1
O0009417,E0009417,C0573,P058,2026-04-28,completed,399.12,1
O0009418,E0009418,C0213,P012,2026-04-28,completed,472.72,1
O0009419,E0009419,C0247,P014,2026-04-28,completed,72.97,1
O0009420,E0009420,C0497,P009,2026-04-28,completed,836.02,1
O0009421,E0009421,C0599,P039,2026-04-28,completed,64.78,1
O0009422,E0009422,C0069,P010,2026-04-28,cancelled,587.14,1
O0009423,E0009423,C0510,P069,2026-04-28,completed,56.4,1
O0009424,E0009424,C0553,P073,2026-04-28,returned,708.79,1
O0009425,E0009425,C0179,P067,2026-04-28,completed,99.52,1
O0009426,E0009426,C0482,P043,2026-04-28,completed,88.6,1
O0009427,E0009427,C0415,P038,2026-04-28,completed,192.04,1
O0009428,E0009428,C0326,P034,2026-04-28,completed,714.35,1
O0009429,E0009429,C0301,P015,2026-04-28,completed,60.54,1
O0009430,E0009430,C0514,P010,2026-04-28,completed,416.05,1
O0009431,E0009431,C0522,P062,2026-04-28,completed,145.69,1
O0009432,E0009432,C0448,P041,2026-04-28,completed,415.65,1
O0009433,E0009433,C0507,P053,2026-04-28,completed,114.25,1
O0009434,E0009434,C0038,P045,2026-04-28,completed,922.93,1
O0009435,E0009435,C0397,P043,2026-04-28,completed,88.92,1
O0009436,E0009436,C0384,P010,2026-04-28,completed,845.32,1
O0009437,E0009437,C0498,P020,2026-04-28,completed,226.79,1
O0009438,E0009438,C0325,P058,2026-04-28,cancelled,547.49,1
O0009439,E0009439,C0163,P049,2026-04-28,completed,74.68,1
O0009440,E0009440,C0513,P060,2026-04-29,completed,50.11,1
O0009441,E0009441,C0033,P008,2026-04-29,completed,188.07,1
O0009442,E0009442,C0341,P069,2026-04-29,completed,91.56,1
O0009443,E0009443,C0154,P058,2026-04-29,completed,395.16,1
O0009444,E0009444,C0131,P024,2026-04-29,completed,44.27,1
O0009445,E0009445,C0426,P009,2026-04-29,completed,468.43,1
O0009446,E0009446,C0367,P075,2026-04-29,completed,469.46,1
O0009447,E0009447,C0529,P066,2026-04-29,completed,916.63,1
O0009448,E0009448,C0324,P064,2026-04-29,completed,112.7,1
O0009449,E0009449,C0110,P035,2026-04-29,completed,887.12,1
O0009450,E0009450,C0307,P025,2026-04-29,completed,565.25,1
O0009451,E0009451,C0063,P079,2026-04-29,completed,150.33,1
O0009452,E0009452,C0479,P052,2026-04-29,returned,496.41,1
O0009453,E0009453,C0436,P026,2026-04-29,cancelled,500.27,1
O0009454,E0009454,C0182,P052,2026-04-29,completed,783.39,1
O0009455,E0009455,C0085,P035,2026-04-29,completed,435.31,1
O0009456,E0009456,C0594,P068,2026-04-29,completed,179.59,1
O0009457,E0009457,C0529,P059,2026-04-29,completed,18.44,1
O0009458,E0009458,C0350,P011,2026-04-29,completed,29.38,1
O0009459,E0009459,C0081,P013,2026-04-29,cancelled,757.63,1
O0009460,E0009460,C0111,P050,2026-04-29,completed,191.61,1
O0009461,E0009461,C0501,P050,2026-04-29,completed,138.0,1
O0009462,E0009462,C0511,P001,2026-04-29,completed,547.57,1
O0009463,E0009463,C0211,P048,2026-04-29,completed,125.85,1
O0009464,E0009464,C0248,P021,2026-04-29,cancelled,591.84,1
O0009465,E0009465,C0437,P060,2026-04-29,completed,112.21,1
O0009466,E0009466,C0225,P033,2026-04-29,returned,494.71,1
O0009467,E0009467,C0224,P008,2026-04-29,completed,414.59,1
O0009468,E0009468,C0249,P070,2026-04-29,returned,234.45,1
O0009469,E0009469,C0365,P056,2026-04-29,cancelled,210.39,1
O0009470,E0009470,C0285,P044,2026-04-29,completed,382.54,1
O0009471,E0009471,C0142,P044,2026-04-29,completed,251.45,1
O0009472,E0009472,C0153,P027,2026-04-29,completed,150.29,1
O0009473,E0009473,C0173,P047,2026-04-29,returned,435.71,1
O0009474,E0009474,C0114,P027,2026-04-29,completed,555.14,1
O0009475,E0009475,C0060,P043,2026-04-29,completed,163.27,1
O0009476,E0009476,C0308,P064,2026-04-29,completed,59.57,1
O0009477,E0009477,C0334,P044,2026-04-29,completed,550.77,1
O0009478,E0009478,C0113,P078,2026-04-29,cancelled,307.43,1
O0009479,E0009479,C0120,P054,2026-04-29,completed,379.64,1
O0009480,E0009480,C0325,P006,2026-04-29,completed,591.88,1
O0009482,E0009482,C0013,P037,2026-04-29,completed,178.78,1
O0009483,E0009483,C0516,P074,2026-04-29,completed,305.99,1
O0009484,E0009484,C0485,P061,2026-04-29,completed,387.68,1
O0009485,E0009485,C0159,P005,2026-04-29,completed,30.05,1
O0009486,E0009486,C0241,P040,2026-04-29,completed,37.33,1
O0009487,E0009487,C0501,P057,2026-04-29,completed,241.23,1
O0009488,E0009488,C0583,P056,2026-04-29,cancelled,766.83,1
O0009489,E0009489,C0593,P006,2026-04-29,completed,747.19,1
O0009490,E0009490,C0577,P080,2026-04-29,completed,47.93,1
O0009491,E0009491,C0246,P052,2026-04-29,completed,488.94,1
O0009492,E0009492,C0177,P053,2026-04-29,completed,104.66,1
O0009493,E0009493,C0006,P010,2026-04-29,completed,1122.79,1
O0009494,E0009494,C0184,P006,2026-04-29,cancelled,368.64,1
O0009495,E0009495,C0044,P008,2026-04-29,completed,278.53,1
O0009496,E0009496,C0051,P076,2026-04-29,completed,334.46,1
O0009497,E0009497,C0073,P074,2026-04-29,completed,315.04,1
O0009498,E0009498,C0293,P058,2026-04-29,completed,261.19,1
O0009499,E0009499,C0579,P069,2026-04-29,completed,85.75,1
O0009500,E0009500,C0582,P013,2026-04-29,completed,562.74,1
O0009501,E0009501,C0528,P051,2026-04-29,completed,125.67,1
O0009502,E0009502,C0188,P065,2026-04-29,completed,61.92,1
O0009503,E0009503,C0055,P026,2026-04-29,completed,505.59,1
O0009504,E0009504,C0205,P040,2026-04-29,returned,61.88,1
O0009505,E0009505,C0159,P060,2026-04-29,completed,226.79,1
O0009506,E0009506,C0264,P036,2026-04-29,returned,786.76,1
O0009507,E0009507,C0388,P041,2026-04-29,completed,419.02,1
O0009508,E0009508,C0422,P051,2026-04-29,completed,143.19,1
O0009509,E0009509,C0009,P016,2026-04-29,completed,719.75,1
O0009510,E0009510,C0217,P001,2026-04-29,returned,135.56,1
O0009511,E0009511,C0501,P057,2026-04-29,completed,587.14,1
O0009512,E0009512,C0196,P013,2026-04-29,completed,467.11,1
O0009513,E0009513,C0229,P019,2026-04-29,completed,331.16,1
O0009514,E0009514,C0215,P055,2026-04-29,completed,346.03,1
O0009515,E0009515,C0283,P031,2026-04-29,completed,515.44,1
O0009516,E0009516,C0448,P061,2026-04-29,completed,851.68,1
O0009517,E0009517,C0360,P006,2026-04-29,completed,185.47,1
O0009518,E0009518,C0167,P012,2026-04-29,completed,466.9,1
O0009519,E0009519,C0212,P035,2026-04-29,completed,513.85,1
O0009520,E0009520,C0132,P066,2026-04-30,completed,182.34,1
O0009521,E0009521,C0089,P076,2026-04-30,completed,143.71,1
O0009522,E0009522,C0020,P045,2026-04-30,completed,237.12,1
O0009523,E0009523,C0337,P062,2026-04-30,completed,161.94,1
O0009524,E0009524,C0565,P028,2026-04-30,completed,140.98,1
O0009525,E0009525,C0282,P025,2026-04-30,completed,575.34,1
O0009526,E0009526,C0108,P050,2026-04-30,completed,87.23,1
O0009527,E0009527,C0306,P026,2026-04-30,completed,526.41,1
O0009528,E0009528,C0165,P014,2026-04-30,completed,33.72,1
O0009529,E0009529,C0482,P036,2026-04-30,cancelled,178.84,1
O0009530,E0009530,C0039,P058,2026-04-30,completed,1041.31,1
O0009531,E0009531,C0355,P007,2026-04-30,completed,134.27,1
O0009532,E0009532,C0081,P073,2026-04-30,completed,247.16,1
O0009533,E0009533,C0493,P005,2026-04-30,completed,71.1,1
O0009534,E0009534,C0445,P041,2026-04-30,completed,130.6,1
O0009535,E0009535,C0011,P003,2026-04-30,completed,863.49,1
O0009536,E0009536,C0087,P047,2026-04-30,completed,254.94,1
O0009537,E0009537,C0018,P072,2026-04-30,completed,30.06,1
O0009538,E0009538,C0576,P041,2026-04-30,completed,314.99,1
O0009539,E0009539,C0203,P031,2026-04-30,completed,435.98,1
O0009540,E0009540,C0514,P049,2026-04-30,completed,109.3,1
O0009541,E0009541,C0123,P076,2026-04-30,completed,314.54,1
O0009542,E0009542,C0224,P061,2026-04-30,completed,862.62,1
O0009543,E0009543,C0287,P041,2026-04-30,completed,527.61,1
O0009544,E0009544,C0347,P022,2026-04-30,completed,296.95,1
O0009545,E0009545,C0203,P044,2026-04-30,completed,104.82,1
O0009546,E0009546,C0378,P045,2026-04-30,completed,943.45,1
O0009547,E0009547,C0041,P032,2026-04-30,completed,207.86,1
O0009548,E0009548,C0088,P067,2026-04-30,completed,59.74,1
O0009549,E0009549,C0168,P078,2026-04-30,completed,917.39,1
O0009550,E0009550,C0519,P058,2026-04-30,completed,1028.28,1
O0009551,E0009551,C0141,P027,2026-04-30,completed,362.11,1
O0009552,E0009552,C0089,P011,2026-04-30,returned,121.1,1
O0009553,E0009553,C0232,P063,2026-04-30,completed,109.82,1
O0009554,E0009554,C0225,P006,2026-04-30,completed,1146.49,1
O0009555,E0009555,C0109,P009,2026-04-30,completed,558.01,1
O0009556,E0009556,C0019,P079,2026-04-30,completed,144.57,1
O0009557,E0009557,C0234,P008,2026-04-30,completed,130.07,1
O0009558,E0009558,C0121,P008,2026-04-30,completed,366.7,1
O0009559,E0009559,C0082,P071,2026-04-30,completed,168.29,1
O0009560,E0009560,C0112,P032,2026-04-30,completed,520.14,1
O0009561,E0009561,C0478,P072,2026-04-30,completed,68.37,1
O0009562,E0009562,C0460,P063,2026-04-30,returned,241.73,1
O0009563,E0009563,C0531,P054,2026-04-30,cancelled,150.33,1
O0009564,E0009564,C0383,P040,2026-04-30,completed,17.31,1
O0009565,E0009565,C0337,P070,2026-04-30,completed,233.97,1
O0009566,E0009566,C0299,P057,2026-04-30,completed,236.95,1
O0009567,E0009567,C0016,P060,2026-04-30,completed,135.72,1
O0009568,E0009568,C0385,P066,2026-04-30,completed,394.01,1
O0009569,E0009569,C0557,P055,2026-04-30,completed,573.42,1
O0009570,E0009570,C0395,P010,2026-04-30,completed,227.02,1
O0009571,E0009571,C0464,P074,2026-04-30,completed,410.52,1
O0009572,E0009572,C0386,P004,2026-04-30,completed,864.29,1
O0009573,E0009573,C0381,P059,2026-04-30,returned,95.26,1
O0009574,E0009574,C0476,P077,2026-04-30,completed,759.91,1
O0009575,E0009575,C0041,P056,2026-04-30,completed,231.45,1
O0009576,E0009576,C0538,P060,2026-04-30,completed,276.7,1
O0009577,E0009577,C0241,P025,2026-04-30,completed,627.41,1
O0009578,E0009578,C0096,P029,2026-04-30,completed,356.76,1
O0009579,E0009579,C0346,P023,2026-04-30,completed,341.44,1
O0009580,E0009580,C0268,P007,2026-04-30,completed,503.02,1
O0009581,E0009581,C0160,P052,2026-04-30,completed,711.21,1
O0009582,E0009582,C0069,P059,2026-04-30,cancelled,50.54,1
O0009583,E0009583,C0574,P028,2026-04-30,completed,216.08,1
O0009584,E0009584,C0169,P022,2026-04-30,completed,155.16,1
O0009585,E0009585,C0512,P021,2026-04-30,completed,527.2,1
O0009586,E0009586,C0511,P080,2026-04-30,completed,68.28,1
O0009587,E0009587,C0011,P005,2026-04-30,completed,33.47,1
O0009588,E0009588,C0355,P017,2026-04-30,completed,215.79,1
O0009589,E0009589,C0577,P037,2026-04-30,completed,187.81,1
O0009590,E0009590,C0560,P063,2026-04-30,completed,158.15,1
O0009591,E0009591,C0115,P037,2026-04-30,completed,196.6,1
O0009592,E0009592,C0600,P057,2026-04-30,completed,505.26,1
O0009593,E0009593,C0257,P031,2026-04-30,completed,210.73,1
O0009594,E0009594,C0467,P054,2026-04-30,returned,696.7,1
O0009595,E0009595,C0574,P035,2026-04-30,completed,482.44,1
O0009596,E0009596,C0147,P064,2026-04-30,completed,64.35,1
O0009597,E0009597,C0460,P013,2026-04-30,completed,1102.55,1
O0009598,E0009598,C0122,P009,2026-04-30,completed,858.95,1
O0009599,E0009599,C0047,P015,2026-04-30,completed,170.62,1
O0009600,E0009600,C0154,P011,2026-05-01,returned,44.01,1
O0009601,E0009601,C0034,P011,2026-05-01,completed,184.93,1
O0009602,E0009602,C0093,P005,2026-05-01,completed,27.51,1
O0009603,E0009603,C0263,P031,2026-05-01,completed,1055.25,1
O0009604,E0009604,C0373,P012,2026-05-01,completed,493.01,1
O0009605,E0009605,C0212,P042,2026-05-01,completed,355.78,1
O0009606,E0009606,C0090,P044,2026-05-01,completed,286.54,1
O0009607,E0009607,C0392,P053,2026-05-01,completed,156.41,1
O0009608,E0009608,C0341,P030,2026-05-01,completed,880.73,1
O0009609,E0009609,C0334,P007,2026-05-01,completed,283.6,1
O0009610,E0009610,C0424,P041,2026-05-01,completed,88.52,1
O0009611,E0009611,C0446,P030,2026-05-01,completed,785.15,1
O0009612,E0009612,C0498,P055,2026-05-01,completed,615.9,1
O0009613,E0009613,C0317,P013,2026-05-01,completed,203.88,1
O0009614,E0009614,C0561,P044,2026-05-01,completed,433.72,1
O0009615,E0009615,C0222,P056,2026-05-01,completed,662.0,1
O0009616,E0009616,C0360,P004,2026-05-01,completed,465.92,1
O0009617,E0009617,C0214,P010,2026-05-01,completed,851.74,1
O0009618,E0009618,C0373,P020,2026-05-01,completed,222.35,1
O0009619,E0009619,C0036,P027,2026-05-01,completed,177.56,1
O0009620,E0009620,C0440,P080,2026-05-01,completed,70.25,1
O0009621,E0009621,C0484,P036,2026-05-01,cancelled,480.24,1
O0009622,E0009622,C0018,P004,2026-05-01,completed,444.04,1
O0009623,E0009623,C0217,P007,2026-05-01,returned,508.26,1
O0009624,E0009624,C0401,P073,2026-05-01,completed,350.77,1
O0009625,E0009625,C0370,P041,2026-05-01,completed,401.66,1
O0009626,E0009626,C0301,P016,2026-05-01,completed,475.75,1
O0009627,E0009627,C0003,P014,2026-05-01,completed,41.76,1
O0009628,E0009628,C0525,P004,2026-05-01,completed,253.51,1
O0009629,E0009629,C0506,P080,2026-05-01,completed,161.67,1
O0009630,E0009630,C0009,P012,2026-05-01,completed,541.01,1
O0009631,E0009631,C0153,P080,2026-05-01,completed,69.9,1
O0009632,E0009632,C0255,P030,2026-05-01,returned,219.07,1
O0009633,E0009633,C0254,P027,2026-05-01,completed,437.09,1
O0009634,E0009634,C0141,P056,2026-05-01,completed,950.77,1
O0009635,E0009635,C0280,P040,2026-05-01,cancelled,18.29,1
O0009636,E0009636,C0509,P004,2026-05-01,completed,702.25,1
O0009637,E0009637,C0080,P055,2026-05-01,completed,295.16,1
O0009638,E0009638,C0100,P017,2026-05-01,completed,379.48,1
O0009639,E0009639,C0218,P025,2026-05-01,completed,186.14,1
O0009640,E0009640,C0237,P056,2026-05-01,completed,763.14,1
O0009641,E0009641,C0259,P021,2026-05-01,completed,253.91,1
O0009642,E0009642,C0403,P056,2026-05-01,completed,521.45,1
O0009643,E0009643,C0351,P011,2026-05-01,completed,99.43,1
O0009644,E0009644,C0489,P067,2026-05-01,completed,123.8,1
O0009645,E0009645,C0093,P079,2026-05-01,completed,430.54,1
O0009646,E0009646,C0004,P055,2026-05-01,completed,129.87,1
O0009647,E0009647,C0396,P059,2026-05-01,completed,22.6,1
O0009648,E0009648,C0593,P042,2026-05-01,completed,269.08,1
O0009649,E0009649,C0285,P017,2026-05-01,completed,464.33,1
O0009650,E0009650,C0327,P048,2026-05-01,completed,579.19,1
O0009651,E0009651,C0495,P001,2026-05-01,completed,501.83,1
O0009652,E0009652,C0330,P034,2026-05-01,completed,213.89,1
O0009653,E0009653,C0355,P058,2026-05-01,completed,433.45,1
O0009654,E0009654,C0192,P001,2026-05-01,completed,226.31,1
O0009655,E0009655,C0128,P039,2026-05-01,completed,156.67,1
O0009656,E0009656,C0169,P079,2026-05-01,completed,662.38,1
O0009657,E0009657,C0120,P067,2026-05-01,completed,166.69,1
O0009658,E0009658,C0006,P023,2026-05-01,returned,194.85,1
O0009659,E0009659,C0521,P055,2026-05-01,completed,161.01,1
O0009660,E0009660,C0514,P003,2026-05-01,completed,229.65,1
O0009661,E0009661,C0365,P024,2026-05-01,completed,32.95,1
O0009662,E0009662,C0148,P015,2026-05-01,completed,247.16,1
O0009663,E0009663,C0217,P045,2026-05-01,completed,218.06,1
O0009664,E0009664,C0595,P021,2026-05-01,completed,345.96,1
O0009665,E0009665,C0174,P022,2026-05-01,completed,239.73,1
O0009666,E0009666,C0475,P077,2026-05-01,completed,804.52,1
O0009667,E0009667,C0341,P074,2026-05-01,completed,207.56,1
O0009668,E0009668,C0217,P079,2026-05-01,completed,540.51,1
O0009669,E0009669,C0307,P056,2026-05-01,completed,371.02,1
O0009670,E0009670,C0033,P071,2026-05-01,completed,814.06,1
O0009671,E0009671,C0109,P030,2026-05-01,completed,812.67,1
O0009672,E0009672,C0152,P045,2026-05-01,completed,619.77,1
O0009673,E0009673,C0590,P049,2026-05-01,completed,135.54,1
O0009674,E0009674,C0087,P007,2026-05-01,completed,386.07,1
O0009675,E0009675,C0393,P024,2026-05-01,completed,98.61,1
O0009676,E0009676,C0297,P003,2026-05-01,cancelled,895.08,1
O0009677,E0009677,C0113,P036,2026-05-01,returned,594.64,1
O0009678,E0009678,C0513,P075,2026-05-01,returned,500.34,1
O0009679,E0009679,C0022,P063,2026-05-01,completed,335.61,1
O0009680,E0009680,C0519,P014,2026-05-02,completed,77.68,1
O0009681,E0009681,C0139,P067,2026-05-02,completed,60.91,1
O0009682,E0009682,C0077,P057,2026-05-02,completed,863.32,1
O0009683,E0009683,C0581,P040,2026-05-02,cancelled,41.25,1
O0009684,E0009684,C0497,P044,2026-05-02,completed,429.49,1
O0009685,E0009685,C0053,P075,2026-05-02,completed,823.8,1
O0009686,E0009686,C0049,P060,2026-05-02,cancelled,65.3,1
O0009687,E0009687,C0358,P047,2026-05-02,completed,415.18,1
O0009688,E0009688,C0207,P020,2026-05-02,completed,151.09,1
O0009689,E0009689,C0382,P002,2026-05-02,cancelled,130.64,1
O0009690,E0009690,C0431,P069,2026-05-02,cancelled,120.07,1
O0009691,E0009691,C0555,P015,2026-05-02,cancelled,160.93,1
O0009692,E0009692,C0150,P008,2026-05-02,completed,401.86,1
O0009693,E0009693,C0263,P015,2026-05-02,completed,268.03,1
O0009694,E0009694,C0334,P015,2026-05-02,completed,332.64,1
O0009695,E0009695,C0404,P075,2026-05-02,completed,376.81,1
O0009696,E0009696,C0229,P050,2026-05-02,completed,251.35,1
O0009697,E0009697,C0001,P028,2026-05-02,completed,69.73,1
O0009698,E0009698,C0111,P012,2026-05-02,completed,112.42,1
O0009699,E0009699,C0278,P053,2026-05-02,completed,254.7,1
O0009700,E0009700,C0083,P021,2026-05-02,completed,517.75,1
O0009701,E0009701,C0594,P066,2026-05-02,completed,243.23,1
O0009702,E0009702,C0067,P065,2026-05-02,completed,155.1,1
O0009703,E0009703,C0411,P077,2026-05-02,completed,422.8,1
O0009704,E0009704,C0277,P072,2026-05-02,returned,45.47,1
O0009705,E0009705,C0030,P078,2026-05-02,completed,391.7,1
O0009706,E0009706,C0035,P079,2026-05-02,completed,163.81,1
O0009707,E0009707,C0549,P054,2026-05-02,completed,156.39,1
O0009708,E0009708,C0088,P028,2026-05-02,completed,143.33,1
O0009709,E0009709,C0395,P061,2026-05-02,completed,1017.93,1
O0009710,E0009710,C0050,P003,2026-05-02,completed,498.73,1
O0009711,E0009711,C0441,P045,2026-05-02,completed,225.56,1
O0009712,E0009712,C0113,P003,2026-05-02,completed,683.03,1
O0009713,E0009713,C0101,P074,2026-05-02,completed,277.26,1
O0009714,E0009714,C0554,P042,2026-05-02,completed,167.23,1
O0009715,E0009715,C0363,P043,2026-05-02,completed,113.67,1
O0009716,E0009716,C0088,P046,2026-05-02,completed,272.35,1
O0009717,E0009717,C0341,P047,2026-05-02,completed,965.24,1
O0009718,E0009718,C0523,P073,2026-05-02,cancelled,513.97,1
O0009719,E0009719,C0008,P019,2026-05-02,completed,143.5,1
O0009720,E0009720,C0181,P072,2026-05-02,returned,71.47,1
O0009721,E0009721,C0024,P011,2026-05-02,completed,58.81,1
O0009722,E0009722,C0256,P068,2026-05-02,completed,350.57,1
O0009723,E0009723,C0087,P023,2026-05-02,completed,99.23,1
O0009724,E0009724,C0475,P080,2026-05-02,completed,145.52,1
O0009725,E0009725,C0461,P013,2026-05-02,returned,275.44,1
O0009726,E0009726,C0446,P035,2026-05-02,completed,816.33,1
O0009727,E0009727,C0354,P003,2026-05-02,completed,505.59,1
O0009728,E0009728,C0189,P057,2026-05-02,returned,183.27,1
O0009729,E0009729,C0452,P033,2026-05-02,completed,505.06,1
O0009730,E0009730,C0588,P046,2026-05-02,completed,452.33,1
O0009731,E0009731,C0029,P079,2026-05-02,completed,564.71,1
O0009732,E0009732,C0319,P076,2026-05-02,cancelled,209.77,1
O0009733,E0009733,C0149,P074,2026-05-02,completed,280.38,1
O0009734,E0009734,C0223,P015,2026-05-02,completed,264.84,1
O0009735,E0009735,C0469,P075,2026-05-02,cancelled,216.91,1
O0009736,E0009736,C0156,P052,2026-05-02,completed,608.78,1
O0009737,E0009737,C0107,P033,2026-05-02,completed,308.01,1
O0009738,E0009738,C0415,P042,2026-05-02,completed,151.16,1
O0009739,E0009739,C0285,P045,2026-05-02,completed,348.45,1
O0009740,E0009740,C0447,P008,2026-05-02,completed,327.12,1
O0009741,E0009741,C0524,P042,2026-05-02,completed,660.14,1
O0009742,E0009742,C0123,P014,2026-05-02,completed,91.27,1
O0009743,E0009743,C0367,P054,2026-05-02,completed,282.76,1
O0009744,E0009744,C0178,P054,2026-05-02,completed,644.19,1
O0009745,E0009745,C0131,P054,2026-05-02,completed,328.86,1
O0009746,E0009746,C0140,P056,2026-05-02,completed,587.53,1
O0009747,E0009747,C0565,P058,2026-05-02,returned,264.68,1
O0009748,E0009748,C0059,P028,2026-05-02,completed,132.46,1
O0009749,E0009749,C0045,P022,2026-05-02,completed,369.91,1
O0009750,E0009750,C0097,P052,2026-05-02,completed,774.29,1
O0009751,E0009751,C0349,P048,2026-05-02,completed,130.29,1
O0009752,E0009752,C0182,P038,2026-05-02,completed,801.02,1
O0009753,E0009753,C0522,P072,2026-05-02,returned,26.81,1
O0009754,E0009754,C0388,P070,2026-05-02,returned,158.9,1
O0009755,E0009755,C0260,P073,2026-05-02,completed,538.26,1
O0009756,E0009756,C0199,P067,2026-05-02,completed,108.58,1
O0009757,E0009757,C0165,P079,2026-05-02,completed,254.86,1
O0009758,E0009758,C0478,P056,2026-05-02,completed,217.48,1
O0009759,E0009759,C0343,P013,2026-05-02,completed,277.45,1
O0009760,E0009760,C0138,P063,2026-05-03,completed,155.74,1
O0009761,E0009761,C0200,P048,2026-05-03,completed,259.19,1
O0009762,E0009762,C0312,P002,2026-05-03,completed,93.54,1
O0009763,E0009763,C0398,P044,2026-05-03,completed,563.59,1
O0009764,E0009764,C0207,P075,2026-05-03,completed,538.57,1
O0009765,E0009765,C0140,P058,2026-05-03,completed,182.36,1
O0009766,E0009766,C0275,P030,2026-05-03,completed,749.68,1
O0009767,E0009767,C0214,P057,2026-05-03,completed,372.0,1
O0009768,E0009768,C0133,P007,2026-05-03,returned,267.4,1
O0009769,E0009769,C0234,P058,2026-05-03,completed,828.6,1
O0009770,E0009770,C0087,P025,2026-05-03,completed,622.37,1
O0009771,E0009771,C0068,P077,2026-05-03,completed,459.69,1
O0009772,E0009772,C0453,P009,2026-05-03,completed,494.31,1
O0009773,E0009773,C0057,P002,2026-05-03,completed,285.44,1
O0009774,E0009774,C0120,P061,2026-05-03,completed,200.92,1
O0009775,E0009775,C0077,P012,2026-05-03,completed,318.53,1
O0009776,E0009776,C0269,P010,2026-05-03,completed,279.1,1
O0009777,E0009777,C0319,P005,2026-05-03,completed,27.78,1
O0009778,E0009778,C0355,P044,2026-05-03,completed,567.12,1
O0009779,E0009779,C0216,P003,2026-05-03,completed,749.89,1
O0009780,E0009780,C0588,P024,2026-05-03,completed,47.57,1
O0009781,E0009781,C0220,P024,2026-05-03,completed,48.6,1
O0009782,E0009782,C0504,P040,2026-05-03,completed,17.07,1
O0009783,E0009783,C0366,P053,2026-05-03,completed,445.96,1
O0009784,E0009784,C0586,P061,2026-05-03,completed,414.17,1
O0009785,E0009785,C0263,P077,2026-05-03,cancelled,241.19,1
O0009786,E0009786,C0351,P031,2026-05-03,completed,553.05,1
O0009787,E0009787,C0079,P031,2026-05-03,completed,194.17,1
O0009788,E0009788,C0558,P005,2026-05-03,completed,107.37,1
O0009789,E0009789,C0273,P016,2026-05-03,completed,363.06,1
O0009790,E0009790,C0465,P035,2026-05-03,completed,785.74,1
O0009791,E0009791,C0318,P039,2026-05-03,completed,137.07,1
O0009792,E0009792,C0377,P043,2026-05-03,completed,33.67,1
O0009793,E0009793,C0136,P018,2026-05-03,completed,585.94,1
O0009794,E0009794,C0277,P008,2026-05-03,completed,146.25,1
O0009795,E0009795,C0407,P069,2026-05-03,completed,71.46,1
O0009796,E0009796,C0271,P017,2026-05-03,completed,630.05,1
O0009797,E0009797,C0213,P019,2026-05-03,returned,165.64,1
O0009798,E0009798,C0480,P023,2026-05-03,completed,255.29,1
O0009799,E0009799,C0576,P028,2026-05-03,completed,247.87,1
O0009800,E0009800,C0262,P031,2026-05-03,completed,460.44,1
O0009801,E0009801,C0352,P072,2026-05-03,completed,91.49,1
O0009802,E0009802,C0563,P073,2026-05-03,completed,303.94,1
O0009803,E0009803,C0523,P021,2026-05-03,completed,166.18,1
O0009804,E0009804,C0454,P027,2026-05-03,returned,200.4,1
O0009805,E0009805,C0348,P080,2026-05-03,completed,131.5,1
O0009806,E0009806,C0097,P047,2026-05-03,completed,655.9,1
O0009807,E0009807,C0405,P012,2026-05-03,completed,352.28,1
O0009808,E0009808,C0166,P053,2026-05-03,completed,397.45,1
O0009809,E0009809,C0518,P060,2026-05-03,returned,105.76,1
O0009810,E0009810,C0420,P016,2026-05-03,cancelled,593.83,1
O0009811,E0009811,C0464,P045,2026-05-03,completed,763.86,1
O0009812,E0009812,C0395,P027,2026-05-03,completed,433.85,1
O0009813,E0009813,C0291,P028,2026-05-03,completed,156.21,1
O0009814,E0009814,C0076,P001,2026-05-03,completed,251.29,1
O0009815,E0009815,C0574,P079,2026-05-03,cancelled,554.36,1
O0009816,E0009816,C0251,P027,2026-05-03,completed,664.83,1
O0009817,E0009817,C0025,P071,2026-05-03,completed,401.45,1
O0009818,E0009818,C0169,P020,2026-05-03,completed,53.46,1
O0009819,E0009819,C0418,P040,2026-05-03,returned,76.65,1
O0009820,E0009820,C0544,P076,2026-05-03,completed,348.97,1
O0009821,E0009821,C0460,P071,2026-05-03,completed,640.72,1
O0009822,E0009822,C0493,P008,2026-05-03,completed,130.31,1
O0009823,E0009823,C0190,P029,2026-05-03,completed,618.9,1
O0009824,E0009824,C0145,P077,2026-05-03,completed,181.87,1
O0009825,E0009825,C0122,P028,2026-05-03,completed,70.15,1
O0009826,E0009826,C0443,P044,2026-05-03,completed,259.52,1
O0009827,E0009827,C0064,P034,2026-05-03,completed,806.06,1
O0009828,E0009828,C0298,P061,2026-05-03,completed,813.86,1
O0009829,E0009829,C0188,P027,2026-05-03,completed,323.06,1
O0009830,E0009830,C0506,P010,2026-05-03,completed,633.12,1
O0009831,E0009831,C0233,P003,2026-05-03,returned,599.46,1
O0009832,E0009832,C0361,P013,2026-05-03,completed,865.64,1
O0009833,E0009833,C0377,P001,2026-05-03,completed,404.76,1
O0009834,E0009834,C0056,P046,2026-05-03,cancelled,730.39,1
O0009835,E0009835,C0593,P021,2026-05-03,completed,471.87,1
O0009836,E0009836,C0398,P026,2026-05-03,cancelled,903.65,1
O0009837,E0009837,C0349,P075,2026-05-03,completed,618.06,1
O0009838,E0009838,C0201,P024,2026-05-03,completed,56.84,1
O0009839,E0009839,C0106,P041,2026-05-03,completed,399.76,1
O0009840,E0009840,C0456,P013,2026-05-04,completed,536.67,1
O0009841,E0009841,C0143,P059,2026-05-04,completed,62.73,1
O0009842,E0009842,C0055,P004,2026-05-04,completed,793.49,1
O0009843,E0009843,C0584,P080,2026-05-04,completed,196.0,1
O0009844,E0009844,C0049,P030,2026-05-04,completed,194.58,1
O0009845,E0009845,C0026,P034,2026-05-04,completed,605.7,1
O0009846,E0009846,C0570,P046,2026-05-04,completed,402.9,1
O0009847,E0009847,C0108,P058,2026-05-04,completed,715.11,1
O0009848,E0009848,C0525,P040,2026-05-04,completed,13.61,1
O0009849,E0009849,C0080,P067,2026-05-04,completed,117.7,1
O0009850,E0009850,C0118,P052,2026-05-04,completed,491.49,1
O0009851,E0009851,C0065,P026,2026-05-04,completed,245.17,1
O0009852,E0009852,C0490,P071,2026-05-04,completed,617.39,1
O0009853,E0009853,C0483,P052,2026-05-04,completed,556.96,1
O0009854,E0009854,C0591,P077,2026-05-04,completed,573.59,1
O0009855,E0009855,C0503,P065,2026-05-04,completed,221.28,1
O0009856,E0009856,C0456,P059,2026-05-04,completed,40.58,1
O0009857,E0009857,C0570,P053,2026-05-04,completed,453.21,1
O0009858,E0009858,C0304,P054,2026-05-04,completed,638.68,1
O0009859,E0009859,C0097,P051,2026-05-04,completed,48.68,1
O0009860,E0009860,C0319,P067,2026-05-04,completed,78.34,1
O0009861,E0009861,C0503,P064,2026-05-04,completed,82.4,1
O0009862,E0009862,C0209,P021,2026-05-04,completed,488.61,1
O0009863,E0009863,C0028,P042,2026-05-04,completed,119.06,1
O0009864,E0009864,C0586,P072,2026-05-04,completed,94.93,1
O0009865,E0009865,C0133,P009,2026-05-04,completed,160.55,1
O0009866,E0009866,C0265,P011,2026-05-04,completed,172.21,1
O0009867,E0009867,C0583,P072,2026-05-04,completed,105.82,1
O0009868,E0009868,C0133,P013,2026-05-04,cancelled,832.51,1
O0009869,E0009869,C0264,P065,2026-05-04,completed,125.0,1
O0009870,E0009870,C0009,P069,2026-05-04,completed,116.54,1
O0009871,E0009871,C0473,P004,2026-05-04,completed,338.87,1
O0009872,E0009872,C0296,P047,2026-05-04,completed,965.83,1
O0009873,E0009873,C0063,P043,2026-05-04,completed,164.26,1
O0009874,E0009874,C0300,P050,2026-05-04,completed,200.4,1
O0009875,E0009875,C0496,P052,2026-05-04,completed,225.3,1
O0009876,E0009876,C0119,P023,2026-05-04,completed,138.47,1
O0009877,E0009877,C0247,P067,2026-05-04,completed,167.32,1
O0009878,E0009878,C0597,P039,2026-05-04,completed,60.61,1
O0009879,E0009879,C0584,P047,2026-05-04,returned,342.49,1
O0009880,E0009880,C0399,P003,2026-05-04,completed,784.1,1
O0009881,E0009881,C0286,P077,2026-05-04,completed,857.12,1
O0009882,E0009882,C0388,P020,2026-05-04,completed,107.79,1
O0009883,E0009883,C0469,P036,2026-05-04,completed,495.87,1
O0009884,E0009884,C0355,P008,2026-05-04,completed,164.99,1
O0009885,E0009885,C0442,P063,2026-05-04,completed,114.48,1
O0009886,E0009886,C0530,P070,2026-05-04,completed,159.9,1
O0009887,E0009887,C0484,P002,2026-05-04,cancelled,180.3,1
O0009888,E0009888,C0275,P002,2026-05-04,completed,231.44,1
O0009889,E0009889,C0153,P041,2026-05-04,completed,198.92,1
O0009890,E0009890,C0409,P022,2026-05-04,completed,155.6,1
O0009891,E0009891,C0179,P003,2026-05-04,completed,522.11,1
O0009892,E0009892,C0313,P020,2026-05-04,completed,125.19,1
O0009893,E0009893,C0060,P018,2026-05-04,completed,891.54,1
O0009894,E0009894,C0261,P028,2026-05-04,completed,70.63,1
O0009895,E0009895,C0169,P070,2026-05-04,completed,142.6,1
O0009896,E0009896,C0436,P025,2026-05-04,completed,534.35,1
O0009897,E0009897,C0084,P051,2026-05-04,completed,164.89,1
O0009898,E0009898,C0202,P066,2026-05-04,completed,1019.71,1
O0009899,E0009899,C0183,P015,2026-05-04,completed,196.57,1
O0009900,E0009900,C0264,P034,2026-05-04,completed,543.09,1
O0009901,E0009901,C0271,P017,2026-05-04,completed,155.94,1
O0009902,E0009902,C0270,P079,2026-05-04,returned,689.53,1
O0009903,E0009903,C0464,P033,2026-05-04,completed,460.32,1
O0009904,E0009904,C0054,P005,2026-05-04,completed,80.01,1
O0009905,E0009905,C0228,P028,2026-05-04,completed,170.81,1
O0009906,E0009906,C0410,P007,2026-05-04,completed,185.68,1
O0009907,E0009907,C0003,P001,2026-05-04,completed,265.21,1
O0009908,E0009908,C0495,P059,2026-05-04,completed,101.71,1
O0009909,E0009909,C0499,P047,2026-05-04,cancelled,811.56,1
O0009910,E0009910,C0341,P041,2026-05-04,completed,202.39,1
O0009911,E0009911,C0189,P065,2026-05-04,completed,63.21,1
O0009912,E0009912,C0058,P069,2026-05-04,completed,92.2,1
O0009913,E0009913,C0389,P056,2026-05-04,completed,764.98,1
O0009914,E0009914,C0158,P014,2026-05-04,cancelled,15.64,1
O0009915,E0009915,C0287,P006,2026-05-04,completed,499.68,1
O0009916,E0009916,C0163,P005,2026-05-04,returned,103.2,1
O0009917,E0009917,C0437,P034,2026-05-04,completed,651.91,1
O0009918,E0009918,C0155,P058,2026-05-04,completed,1065.37,1
O0009919,E0009919,C0066,P011,2026-05-04,completed,41.54,1
O0009920,E0009920,C0466,P058,2026-05-05,completed,825.59,1
O0009921,E0009921,C0429,P038,2026-05-05,completed,216.37,1
O0009922,E0009922,C0503,P039,2026-05-05,completed,30.05,1
O0009923,E0009923,C0241,P052,2026-05-05,completed,211.87,1
O0009924,E0009924,C0225,P022,2026-05-05,cancelled,379.6,1
O0009925,E0009925,C0230,P001,2026-05-05,cancelled,180.13,1
O0009926,E0009926,C0328,P016,2026-05-05,returned,215.87,1
O0009927,E0009927,C0199,P041,2026-05-05,completed,178.86,1
O0009928,E0009928,C0195,P030,2026-05-05,completed,233.46,1
O0009929,E0009929,C0452,P048,2026-05-05,completed,259.43,1
O0009930,E0009930,C0030,P029,2026-05-05,completed,479.04,1
O0009931,E0009931,C0555,P035,2026-05-05,completed,231.28,1
O0009932,E0009932,C0234,P047,2026-05-05,completed,1071.02,1
O0009933,E0009933,C0538,P023,2026-05-05,completed,274.44,1
O0009934,E0009934,C0589,P080,2026-05-05,completed,102.91,1
O0009935,E0009935,C0040,P070,2026-05-05,completed,80.28,1
O0009936,E0009936,C0576,P023,2026-05-05,completed,402.14,1
O0009937,E0009937,C0397,P026,2026-05-05,returned,245.22,1
O0009938,E0009938,C0492,P009,2026-05-05,returned,910.55,1
O0009939,E0009939,C0263,P060,2026-05-05,completed,272.73,1
O0009940,E0009940,C0084,P036,2026-05-05,completed,450.42,1
O0009941,E0009941,C0180,P014,2026-05-05,completed,80.01,1
O0009942,E0009942,C0517,P043,2026-05-05,returned,33.07,1
O0009943,E0009943,C0180,P006,2026-05-05,completed,584.66,1
O0009944,E0009944,C0185,P029,2026-05-05,completed,446.28,1
O0009945,E0009945,C0499,P048,2026-05-05,completed,346.65,1
O0009946,E0009946,C0227,P019,2026-05-05,completed,526.72,1
O0009947,E0009947,C0556,P009,2026-05-05,completed,384.32,1
O0009948,E0009948,C0136,P054,2026-05-05,completed,735.59,1
O0009949,E0009949,C0418,P057,2026-05-05,completed,645.54,1
O0009950,E0009950,C0340,P046,2026-05-05,completed,762.83,1
O0009951,E0009951,C0391,P057,2026-05-05,completed,225.2,1
O0009952,E0009952,C0517,P069,2026-05-05,completed,108.78,1
O0009953,E0009953,C0163,P013,2026-05-05,completed,852.17,1
O0009954,E0009954,C0198,P017,2026-05-05,completed,901.28,1
O0009955,E0009955,C0557,P003,2026-05-05,completed,241.28,1
O0009956,E0009956,C0494,P009,2026-05-05,completed,156.68,1
O0009957,E0009957,C0531,P061,2026-05-05,completed,277.37,1
O0009958,E0009958,C0073,P021,2026-05-05,completed,394.75,1
O0009959,E0009959,C0188,P070,2026-05-05,completed,152.26,1
O0009960,E0009960,C0237,P041,2026-05-05,completed,232.96,1
O0009961,E0009961,C0299,P020,2026-05-05,completed,230.12,1
O0009962,E0009962,C0290,P048,2026-05-05,completed,521.4,1
O0009963,E0009963,C0179,P062,2026-05-05,returned,139.74,1
O0009964,E0009964,C0078,P037,2026-05-05,completed,949.55,1
O0009965,E0009965,C0461,P040,2026-05-05,completed,80.31,1
O0009966,E0009966,C0385,P074,2026-05-05,completed,71.95,1
O0009967,E0009967,C0196,P028,2026-05-05,completed,123.33,1
O0009968,E0009968,C0210,P049,2026-05-05,completed,138.75,1
O0009969,E0009969,C0578,P004,2026-05-05,completed,870.56,1
O0009970,E0009970,C0181,P077,2026-05-05,completed,235.23,1
O0009971,E0009971,C0375,P021,2026-05-05,returned,132.58,1
O0009972,E0009972,C0176,P062,2026-05-05,completed,121.46,1
O0009973,E0009973,C0197,P042,2026-05-05,completed,321.72,1
O0009974,E0009974,C0298,P054,2026-05-05,completed,600.45,1
O0009975,E0009975,C0513,P063,2026-05-05,completed,309.58,1
O0009976,E0009976,C0364,P004,2026-05-05,completed,350.27,1
O0009977,E0009977,C0048,P017,2026-05-05,completed,356.69,1
O0009978,E0009978,C0158,P009,2026-05-05,completed,203.32,1
O0009979,E0009979,C0442,P062,2026-05-05,returned,136.61,1
O0009981,E0009981,C0487,P077,2026-05-05,completed,370.82,1
O0009982,E0009982,C0544,P011,2026-05-05,completed,108.15,1
O0009983,E0009983,C0507,P039,2026-05-05,completed,110.07,1
O0009984,E0009984,C0335,P079,2026-05-05,completed,593.41,1
O0009985,E0009985,C0437,P080,2026-05-05,completed,130.07,1
O0009986,E0009986,C0041,P032,2026-05-05,completed,638.6,1
O0009987,E0009987,C0596,P052,2026-05-05,completed,714.32,1
O0009988,E0009988,C0049,P028,2026-05-05,completed,46.35,1
O0009989,E0009989,C0486,P060,2026-05-05,completed,211.23,1
O0009990,E0009990,C0329,P018,2026-05-05,completed,888.07,1
O0009991,E0009991,C0121,P017,2026-05-05,returned,370.08,1
O0009992,E0009992,C0173,P021,2026-05-05,returned,520.95,1
O0009993,E0009993,C0323,P035,2026-05-05,returned,746.55,1
O0009994,E0009994,C0559,P002,2026-05-05,completed,269.98,1
O0009995,E0009995,C0153,P043,2026-05-05,completed,146.5,1
O0009996,E0009996,C0578,P080,2026-05-05,completed,93.15,1
O0009997,E0009997,C0557,P057,2026-05-05,completed,322.13,1
O0009998,E0009998,C0307,P052,2026-05-05,completed,812.52,1
O0009999,E0009999,C0471,P078,2026-05-05,completed,223.27,1
O0010000,E0010000,C0512,P060,2026-05-06,completed,52.67,1
O0010001,E0010001,C0293,P036,2026-05-06,completed,158.53,1
O0010002,E0010002,C0082,P046,2026-05-06,completed,246.87,1
O0010003,E0010003,C0536,P079,2026-05-06,completed,447.62,1
O0010004,E0010004,C0585,P072,2026-05-06,completed,106.7,1
O0010005,E0010005,C0035,P017,2026-05-06,completed,929.13,1
O0010006,E0010006,C0066,P018,2026-05-06,completed,587.78,1
O0010007,E0010007,C0194,P063,2026-05-06,completed,639.76,1
O0010008,E0010008,C0359,P080,2026-05-06,completed,44.0,1
O0010009,E0010009,C0270,P033,2026-05-06,completed,141.35,1
O0010010,E0010010,C0197,P044,2026-05-06,completed,291.58,1
O0010011,E0010011,C0035,P057,2026-05-06,completed,241.23,1
O0010012,E0010012,C0257,P034,2026-05-06,completed,166.76,1
O0010013,E0010013,C0432,P076,2026-05-06,cancelled,123.38,1
O0010014,E0010014,C0369,P007,2026-05-06,completed,690.4,1
O0010015,E0010015,C0489,P065,2026-05-06,completed,192.43,1
O0010016,E0010016,C0528,P066,2026-05-06,completed,874.62,1
O0010017,E0010017,C0589,P006,2026-05-06,completed,216.41,1
O0010018,E0010018,C0487,P065,2026-05-06,completed,151.57,1
O0010019,E0010019,C0301,P024,2026-05-06,completed,67.42,1
O0010020,E0010020,C0024,P060,2026-05-06,completed,246.73,1
O0010021,E0010021,C0348,P006,2026-05-06,completed,751.42,1
O0010022,E0010022,C0425,P065,2026-05-06,completed,153.65,1
O0010023,E0010023,C0316,P030,2026-05-06,returned,699.66,1
O0010024,E0010024,C0154,P010,2026-05-06,completed,653.74,1
O0010025,E0010025,C0393,P059,2026-05-06,completed,50.54,1
O0010026,E0010026,C0553,P050,2026-05-06,completed,91.79,1
O0010027,E0010027,C0028,P048,2026-05-06,completed,391.6,1
O0010028,E0010028,C0433,P072,2026-05-06,completed,27.61,1
O0010029,E0010029,C0410,P036,2026-05-06,returned,219.51,1
O0010030,E0010030,C0165,P052,2026-05-06,completed,438.25,1
O0010031,E0010031,C0528,P063,2026-05-06,completed,296.42,1
O0010032,E0010032,C0270,P026,2026-05-06,completed,189.53,1
O0010033,E0010033,C0524,P032,2026-05-06,completed,645.66,1
O0010034,E0010034,C0009,P074,2026-05-06,completed,174.8,1
O0010035,E0010035,C0512,P051,2026-05-06,completed,109.01,1
O0010036,E0010036,C0582,P058,2026-05-06,returned,252.72,1
O0010037,E0010037,C0001,P003,2026-05-06,completed,219.06,1
O0010038,E0010038,C0409,P003,2026-05-06,completed,726.65,1
O0010039,E0010039,C0263,P012,2026-05-06,completed,437.64,1
O0010040,E0010040,C0401,P080,2026-05-06,returned,44.81,1
O0010041,E0010041,C0004,P064,2026-05-06,completed,92.22,1
O0010042,E0010042,C0363,P078,2026-05-06,completed,464.27,1
O0010043,E0010043,C0371,P011,2026-05-06,completed,43.06,1
O0010044,E0010044,C0493,P048,2026-05-06,completed,292.75,1
O0010045,E0010045,C0120,P076,2026-05-06,completed,288.31,1
O0010046,E0010046,C0218,P022,2026-05-06,completed,324.59,1
O0010047,E0010047,C0046,P004,2026-05-06,completed,931.99,1
O0010048,E0010048,C0316,P057,2026-05-06,completed,720.45,1
O0010049,E0010049,C0272,P003,2026-05-06,completed,778.61,1
O0010050,E0010050,C0561,P015,2026-05-06,completed,275.77,1
O0010051,E0010051,C0228,P026,2026-05-06,completed,360.04,1
O0010052,E0010052,C0387,P041,2026-05-06,completed,403.01,1
O0010053,E0010053,C0227,P014,2026-05-06,completed,16.67,1
O0010054,E0010054,C0575,P045,2026-05-06,completed,535.27,1
O0010055,E0010055,C0195,P053,2026-05-06,completed,204.3,1
O0010056,E0010056,C0456,P059,2026-05-06,completed,49.34,1
O0010057,E0010057,C0424,P051,2026-05-06,completed,136.46,1
O0010058,E0010058,C0070,P047,2026-05-06,completed,202.9,1
O0010059,E0010059,C0269,P009,2026-05-06,completed,219.62,1
O0010060,E0010060,C0196,P076,2026-05-06,completed,211.19,1
O0010061,E0010061,C0086,P044,2026-05-06,completed,104.59,1
O0010062,E0010062,C0060,P074,2026-05-06,completed,311.77,1
O0010063,E0010063,C0582,P080,2026-05-06,completed,158.23,1
O0010064,E0010064,C0005,P034,2026-05-06,completed,218.79,1
O0010065,E0010065,C0002,P005,2026-05-06,completed,103.93,1
O0010066,E0010066,C0023,P058,2026-05-06,completed,1039.77,1
O0010067,E0010067,C0007,P037,2026-05-06,returned,164.49,1
O0010068,E0010068,C0363,P037,2026-05-06,completed,820.69,1
O0010069,E0010069,C0565,P011,2026-05-06,completed,89.32,1
O0010070,E0010070,C0444,P041,2026-05-06,completed,321.98,1
O0010071,E0010071,C0057,P067,2026-05-06,completed,56.83,1
O0010072,E0010072,C0472,P042,2026-05-06,completed,130.0,1
O0010073,E0010073,C0220,P003,2026-05-06,completed,1008.06,1
O0010074,E0010074,C0588,P019,2026-05-06,completed,655.12,1
O0010075,E0010075,C0258,P005,2026-05-06,completed,92.82,1
O0010076,E0010076,C0343,P067,2026-05-06,completed,56.82,1
O0010077,E0010077,C0576,P068,2026-05-06,cancelled,388.03,1
O0010078,E0010078,C0085,P074,2026-05-06,completed,281.68,1
O0010079,E0010079,C0495,P047,2026-05-06,completed,688.09,1
O0010080,E0010080,C0458,P006,2026-05-07,completed,201.51,1
O0010081,E0010081,C0371,P017,2026-05-07,completed,353.54,1
O0010082,E0010082,C0222,P028,2026-05-07,completed,172.64,1
O0010083,E0010083,C0131,P030,2026-05-07,completed,459.94,1
O0010084,E0010084,C0543,P008,2026-05-07,completed,573.16,1
O0010085,E0010085,C0238,P059,2026-05-07,completed,46.75,1
O0010086,E0010086,C0263,P001,2026-05-07,completed,555.54,1
O0010087,E0010087,C0255,P062,2026-05-07,completed,40.59,1
O0010088,E0010088,C0088,P008,2026-05-07,completed,619.19,1
O0010089,E0010089,C0108,P041,2026-05-07,completed,367.19,1
O0010090,E0010090,C0283,P006,2026-05-07,completed,193.27,1
O0010091,E0010091,C0598,P035,2026-05-07,completed,179.51,1
O0010092,E0010092,C0261,P007,2026-05-07,completed,326.88,1
O0010093,E0010093,C0542,P075,2026-05-07,completed,208.23,1
O0010094,E0010094,C0540,P062,2026-05-07,returned,102.81,1
O0010095,E0010095,C0167,P048,2026-05-07,completed,344.17,1
O0010096,E0010096,C0479,P024,2026-05-07,completed,61.45,1
O0010097,E0010097,C0320,P047,2026-05-07,completed,757.93,1
O0010098,E0010098,C0089,P075,2026-05-07,completed,190.0,1
O0010099,E0010099,C0452,P027,2026-05-07,completed,677.42,1
O0010100,E0010100,C0093,P079,2026-05-07,completed,378.47,1
O0010101,E0010101,C0179,P050,2026-05-07,completed,299.01,1
O0010102,E0010102,C0078,P066,2026-05-07,completed,1109.03,1
O0010103,E0010103,C0326,P037,2026-05-07,completed,320.23,1
O0010104,E0010104,C0260,P064,2026-05-07,completed,47.21,1
O0010105,E0010105,C0385,P038,2026-05-07,completed,465.08,1
O0010106,E0010106,C0360,P030,2026-05-07,cancelled,718.39,1
O0010107,E0010107,C0495,P028,2026-05-07,completed,151.12,1
O0010108,E0010108,C0328,P056,2026-05-07,completed,998.27,1
O0010109,E0010109,C0365,P046,2026-05-07,completed,621.98,1
O0010110,E0010110,C0354,P050,2026-05-07,completed,97.65,1
O0010111,E0010111,C0251,P071,2026-05-07,completed,165.05,1
O0010112,E0010112,C0275,P063,2026-05-07,completed,163.05,1
O0010113,E0010113,C0419,P040,2026-05-07,completed,27.58,1
O0010114,E0010114,C0321,P060,2026-05-07,completed,263.99,1
O0010115,E0010115,C0362,P041,2026-05-07,completed,281.5,1
O0010116,E0010116,C0576,P013,2026-05-07,completed,284.29,1
O0010117,E0010117,C0107,P052,2026-05-07,completed,893.17,1
O0010118,E0010118,C0500,P048,2026-05-07,completed,167.4,1
O0010119,E0010119,C0009,P065,2026-05-07,completed,185.19,1
O0010120,E0010120,C0120,P011,2026-05-07,completed,88.57,1
O0010121,E0010121,C0062,P052,2026-05-07,completed,500.12,1
O0010122,E0010122,C0099,P007,2026-05-07,completed,184.78,1
O0010123,E0010123,C0352,P080,2026-05-07,completed,42.8,1
O0010124,E0010124,C0565,P032,2026-05-07,completed,771.66,1
O0010125,E0010125,C0459,P017,2026-05-07,completed,679.41,1
O0010126,E0010126,C0178,P075,2026-05-07,completed,415.66,1
O0010127,E0010127,C0253,P014,2026-05-07,completed,85.13,1
O0010128,E0010128,C0124,P044,2026-05-07,cancelled,223.66,1
O0010129,E0010129,C0307,P031,2026-05-07,completed,500.58,1
O0010130,E0010130,C0333,P079,2026-05-07,completed,186.59,1
O0010131,E0010131,C0454,P033,2026-05-07,cancelled,155.93,1
O0010132,E0010132,C0405,P011,2026-05-07,completed,120.35,1
O0010133,E0010133,C0466,P009,2026-05-07,completed,822.72,1
O0010134,E0010134,C0548,P003,2026-05-07,completed,888.18,1
O0010135,E0010135,C0303,P027,2026-05-07,completed,590.76,1
O0010136,E0010136,C0098,P080,2026-05-07,completed,88.28,1
O0010137,E0010137,C0198,P046,2026-05-07,completed,618.75,1
O0010138,E0010138,C0351,P014,2026-05-07,completed,19.85,1
O0010139,E0010139,C0495,P001,2026-05-07,completed,409.79,1
O0010140,E0010140,C0277,P072,2026-05-07,completed,54.85,1
O0010141,E0010141,C0303,P053,2026-05-07,completed,82.34,1
O0010142,E0010142,C0567,P043,2026-05-07,returned,137.43,1
O0010143,E0010143,C0452,P002,2026-05-07,completed,134.88,1
O0010144,E0010144,C0531,P069,2026-05-07,completed,82.95,1
O0010145,E0010145,C0166,P043,2026-05-07,completed,59.91,1
O0010146,E0010146,C0099,P062,2026-05-07,cancelled,78.05,1
O0010147,E0010147,C0130,P007,2026-05-07,completed,608.34,1
O0010148,E0010148,C0261,P023,2026-05-07,completed,212.71,1
O0010149,E0010149,C0416,P035,2026-05-07,completed,277.1,1
O0010150,E0010150,C0571,P063,2026-05-07,completed,113.02,1
O0010151,E0010151,C0205,P002,2026-05-07,completed,387.04,1
O0010152,E0010152,C0172,P063,2026-05-07,completed,442.4,1
O0010153,E0010153,C0190,P057,2026-05-07,returned,742.95,1
O0010154,E0010154,C0265,P030,2026-05-07,completed,350.66,1
O0010155,E0010155,C0533,P059,2026-05-07,completed,76.34,1
O0010156,E0010156,C0170,P066,2026-05-07,completed,485.25,1
O0010157,E0010157,C0345,P043,2026-05-07,completed,88.96,1
O0010158,E0010158,C0268,P024,2026-05-07,cancelled,71.7,1
O0010159,E0010159,C0531,P051,2026-05-07,completed,60.93,1
O0010160,E0010160,C0010,P063,2026-05-08,returned,471.48,1
O0010161,E0010161,C0344,P068,2026-05-08,returned,743.02,1
O0010162,E0010162,C0047,P021,2026-05-08,completed,245.77,1
O0010163,E0010163,C0137,P040,2026-05-08,completed,41.93,1
O0010164,E0010164,C0216,P007,2026-05-08,completed,680.48,1
O0010165,E0010165,C0368,P039,2026-05-08,completed,76.27,1
O0010166,E0010166,C0422,P005,2026-05-08,completed,74.56,1
O0010167,E0010167,C0194,P070,2026-05-08,completed,192.97,1
O0010168,E0010168,C0073,P044,2026-05-08,completed,397.07,1
O0010169,E0010169,C0117,P074,2026-05-08,completed,285.99,1
O0010170,E0010170,C0323,P029,2026-05-08,completed,472.39,1
O0010171,E0010171,C0510,P042,2026-05-08,completed,486.87,1
O0010172,E0010172,C0160,P025,2026-05-08,completed,487.41,1
O0010173,E0010173,C0112,P027,2026-05-08,completed,775.64,1
O0010174,E0010174,C0190,P054,2026-05-08,completed,432.83,1
O0010175,E0010175,C0348,P066,2026-05-08,completed,237.56,1
O0010176,E0010176,C0468,P015,2026-05-08,completed,254.37,1
O0010177,E0010177,C0073,P046,2026-05-08,completed,140.92,1
O0010178,E0010178,C0381,P034,2026-05-08,returned,938.34,1
O0010179,E0010179,C0186,P035,2026-05-08,cancelled,218.51,1
O0010180,E0010180,C0018,P055,2026-05-08,completed,465.05,1
O0010181,E0010181,C0526,P046,2026-05-08,completed,295.19,1
O0010182,E0010182,C0227,P034,2026-05-08,returned,372.29,1
O0010183,E0010183,C0343,P077,2026-05-08,completed,273.47,1
O0010184,E0010184,C0054,P069,2026-05-08,completed,54.73,1
O0010185,E0010185,C0459,P039,2026-05-08,completed,105.9,1
O0010186,E0010186,C0280,P047,2026-05-08,completed,421.56,1
O0010187,E0010187,C0265,P071,2026-05-08,completed,498.13,1
O0010188,E0010188,C0596,P040,2026-05-08,completed,76.32,1
O0010189,E0010189,C0104,P027,2026-05-08,completed,302.9,1
O0010190,E0010190,C0219,P037,2026-05-08,completed,719.02,1
O0010191,E0010191,C0532,P044,2026-05-08,completed,128.26,1
O0010192,E0010192,C0528,P029,2026-05-08,completed,589.22,1
O0010193,E0010193,C0459,P058,2026-05-08,completed,795.17,1
O0010194,E0010194,C0135,P056,2026-05-08,completed,507.84,1
O0010195,E0010195,C0414,P059,2026-05-08,completed,16.87,1
O0010196,E0010196,C0404,P033,2026-05-08,completed,296.57,1
O0010197,E0010197,C0517,P078,2026-05-08,completed,233.73,1
O0010198,E0010198,C0234,P060,2026-05-08,completed,205.86,1
O0010199,E0010199,C0360,P074,2026-05-08,completed,85.78,1
O0010200,E0010200,C0548,P035,2026-05-08,completed,547.83,1
O0010201,E0010201,C0493,P041,2026-05-08,completed,95.05,1
O0010202,E0010202,C0455,P022,2026-05-08,completed,281.74,1
O0010203,E0010203,C0171,P004,2026-05-08,completed,346.73,1
O0010204,E0010204,C0472,P043,2026-05-08,completed,88.19,1
O0010205,E0010205,C0464,P072,2026-05-08,completed,96.97,1
O0010206,E0010206,C0038,P036,2026-05-08,completed,147.33,1
O0010207,E0010207,C0262,P040,2026-05-08,completed,34.75,1
O0010208,E0010208,C0556,P005,2026-05-08,completed,49.57,1
O0010209,E0010209,C0183,P046,2026-05-08,completed,682.04,1
O0010210,E0010210,C0009,P030,2026-05-08,completed,184.42,1
O0010211,E0010211,C0133,P056,2026-05-08,completed,738.95,1
O0010212,E0010212,C0219,P075,2026-05-08,completed,207.36,1
O0010213,E0010213,C0278,P036,2026-05-08,completed,844.99,1
O0010214,E0010214,C0546,P068,2026-05-08,completed,551.14,1
O0010215,E0010215,C0551,P063,2026-05-08,completed,143.64,1
O0010216,E0010216,C0078,P054,2026-05-08,completed,553.53,1
O0010217,E0010217,C0036,P011,2026-05-08,completed,134.72,1
O0010218,E0010218,C0044,P078,2026-05-08,returned,663.8,1
O0010219,E0010219,C0143,P051,2026-05-08,completed,99.0,1
O0010220,E0010220,C0092,P035,2026-05-08,completed,1044.38,1
O0010221,E0010221,C0060,P032,2026-05-08,completed,1133.89,1
O0010222,E0010222,C0166,P042,2026-05-08,completed,686.83,1
O0010223,E0010223,C0310,P080,2026-05-08,completed,129.39,1
O0010224,E0010224,C0583,P064,2026-05-08,cancelled,30.23,1
O0010225,E0010225,C0527,P033,2026-05-08,completed,483.8,1
O0010226,E0010226,C0046,P066,2026-05-08,returned,961.73,1
O0010227,E0010227,C0466,P056,2026-05-08,completed,850.34,1
O0010228,E0010228,C0315,P057,2026-05-08,completed,369.82,1
O0010229,E0010229,C0043,P058,2026-05-08,completed,511.77,1
O0010230,E0010230,C0129,P051,2026-05-08,returned,93.3,1
O0010231,E0010231,C0115,P003,2026-05-08,completed,878.21,1
O0010232,E0010232,C0136,P048,2026-05-08,completed,563.09,1
O0010233,E0010233,C0538,P025,2026-05-08,completed,723.5,1
O0010234,E0010234,C0330,P028,2026-05-08,completed,230.99,1
O0010235,E0010235,C0120,P070,2026-05-08,completed,245.38,1
O0010236,E0010236,C0310,P019,2026-05-08,completed,520.69,1
O0010237,E0010237,C0215,P049,2026-05-08,completed,170.54,1
O0010238,E0010238,C0214,P025,2026-05-08,cancelled,182.28,1
O0010239,E0010239,C0181,P080,2026-05-08,completed,92.85,1
O0010240,E0010240,C0100,P008,2026-05-09,returned,411.24,1
O0010241,E0010241,C0032,P030,2026-05-09,completed,446.87,1
O0010242,E0010242,C0511,P069,2026-05-09,completed,60.2,1
O0010243,E0010243,C0206,P006,2026-05-09,returned,380.24,1
O0010244,E0010244,C0507,P058,2026-05-09,completed,463.21,1
O0010245,E0010245,C0083,P061,2026-05-09,completed,210.57,1
O0010246,E0010246,C0159,P077,2026-05-09,completed,544.08,1
O0010247,E0010247,C0293,P004,2026-05-09,completed,186.29,1
O0010248,E0010248,C0051,P061,2026-05-09,returned,749.08,1
O0010249,E0010249,C0083,P061,2026-05-09,completed,237.78,1
O0010250,E0010250,C0594,P078,2026-05-09,completed,638.49,1
O0010251,E0010251,C0444,P040,2026-05-09,completed,34.18,1
O0010252,E0010252,C0224,P029,2026-05-09,completed,135.77,1
O0010253,E0010253,C0467,P072,2026-05-09,completed,101.55,1
O0010254,E0010254,C0064,P026,2026-05-09,returned,623.83,1
O0010255,E0010255,C0374,P064,2026-05-09,completed,65.3,1
O0010256,E0010256,C0549,P054,2026-05-09,completed,531.43,1
O0010257,E0010257,C0296,P065,2026-05-09,completed,179.77,1
O0010258,E0010258,C0169,P020,2026-05-09,completed,148.75,1
O0010259,E0010259,C0536,P031,2026-05-09,completed,693.3,1
O0010260,E0010260,C0040,P027,2026-05-09,completed,151.23,1
O0010261,E0010261,C0008,P072,2026-05-09,completed,29.25,1
O0010262,E0010262,C0510,P021,2026-05-09,completed,338.58,1
O0010263,E0010263,C0317,P057,2026-05-09,completed,229.1,1
O0010264,E0010264,C0315,P016,2026-05-09,completed,527.47,1
O0010265,E0010265,C0299,P035,2026-05-09,completed,849.2,1
O0010266,E0010266,C0514,P035,2026-05-09,completed,832.25,1
O0010267,E0010267,C0160,P071,2026-05-09,completed,212.46,1
O0010268,E0010268,C0084,P075,2026-05-09,completed,411.69,1
O0010269,E0010269,C0096,P078,2026-05-09,completed,187.26,1
O0010270,E0010270,C0592,P038,2026-05-09,completed,1026.37,1
O0010271,E0010271,C0093,P023,2026-05-09,returned,218.32,1
O0010272,E0010272,C0048,P020,2026-05-09,cancelled,170.6,1
O0010273,E0010273,C0386,P078,2026-05-09,completed,165.87,1
O0010274,E0010274,C0068,P021,2026-05-09,completed,471.83,1
O0010275,E0010275,C0553,P060,2026-05-09,completed,245.67,1
O0010276,E0010276,C0547,P054,2026-05-09,completed,646.64,1
O0010277,E0010277,C0309,P024,2026-05-09,completed,20.26,1
O0010278,E0010278,C0060,P076,2026-05-09,completed,86.28,1
O0010279,E0010279,C0353,P040,2026-05-09,completed,36.96,1
O0010280,E0010280,C0353,P076,2026-05-09,completed,262.12,1
O0010281,E0010281,C0122,P015,2026-05-09,completed,231.68,1
O0010282,E0010282,C0044,P020,2026-05-09,returned,72.52,1
O0010283,E0010283,C0281,P078,2026-05-09,returned,698.54,1
O0010284,E0010284,C0343,P073,2026-05-09,completed,505.85,1
O0010285,E0010285,C0129,P012,2026-05-09,completed,509.26,1
O0010286,E0010286,C0537,P007,2026-05-09,completed,155.45,1
O0010287,E0010287,C0130,P057,2026-05-09,completed,693.26,1
O0010288,E0010288,C0303,P029,2026-05-09,completed,467.81,1
O0010289,E0010289,C0180,P030,2026-05-09,completed,170.97,1
O0010290,E0010290,C0016,P010,2026-05-09,completed,942.64,1
O0010291,E0010291,C0204,P019,2026-05-09,completed,259.39,1
O0010292,E0010292,C0379,P004,2026-05-09,completed,212.63,1
O0010293,E0010293,C0172,P007,2026-05-09,returned,378.78,1
O0010294,E0010294,C0103,P051,2026-05-09,completed,141.02,1
O0010295,E0010295,C0599,P029,2026-05-09,completed,356.87,1
O0010296,E0010296,C0315,P015,2026-05-09,completed,160.85,1
O0010297,E0010297,C0431,P045,2026-05-09,completed,642.28,1
O0010298,E0010298,C0058,P038,2026-05-09,completed,395.29,1
O0010299,E0010299,C0561,P003,2026-05-09,completed,761.44,1
O0010300,E0010300,C0242,P011,2026-05-09,completed,105.21,1
O0010301,E0010301,C0370,P001,2026-05-09,completed,226.42,1
O0010302,E0010302,C0065,P069,2026-05-09,completed,83.1,1
O0010303,E0010303,C0244,P033,2026-05-09,completed,352.59,1
O0010304,E0010304,C0544,P009,2026-05-09,completed,500.2,1
O0010305,E0010305,C0061,P046,2026-05-09,completed,538.67,1
O0010306,E0010306,C0384,P021,2026-05-09,returned,117.65,1
O0010307,E0010307,C0461,P070,2026-05-09,completed,152.92,1
O0010308,E0010308,C0406,P048,2026-05-09,completed,558.48,1
O0010309,E0010309,C0262,P010,2026-05-09,completed,258.38,1
O0010310,E0010310,C0042,P015,2026-05-09,completed,177.23,1
O0010311,E0010311,C0282,P059,2026-05-09,completed,42.02,1
O0010312,E0010312,C0432,P001,2026-05-09,completed,114.04,1
O0010313,E0010313,C0113,P008,2026-05-09,completed,262.66,1
O0010314,E0010314,C0208,P057,2026-05-09,completed,730.59,1
O0010315,E0010315,C0476,P013,2026-05-09,completed,410.79,1
O0010316,E0010316,C0135,P042,2026-05-09,completed,433.15,1
O0010317,E0010317,C0262,P070,2026-05-09,completed,155.52,1
O0010318,E0010318,C0506,P007,2026-05-09,completed,286.3,1
O0010319,E0010319,C0352,P043,2026-05-09,completed,60.96,1
O0010320,E0010320,C0014,P006,2026-05-10,completed,725.82,1
O0010321,E0010321,C0530,P068,2026-05-10,completed,592.38,1
O0010322,E0010322,C0084,P034,2026-05-10,completed,696.0,1
O0010323,E0010323,C0445,P072,2026-05-10,returned,45.39,1
O0010324,E0010324,C0546,P024,2026-05-10,completed,38.22,1
O0010325,E0010325,C0286,P066,2026-05-10,completed,429.16,1
O0010326,E0010326,C0497,P037,2026-05-10,completed,442.4,1
O0010327,E0010327,C0155,P080,2026-05-10,completed,98.01,1
O0010328,E0010328,C0477,P045,2026-05-10,completed,527.25,1
O0010329,E0010329,C0237,P033,2026-05-10,completed,424.92,1
O0010330,E0010330,C0371,P038,2026-05-10,completed,244.06,1
O0010331,E0010331,C0399,P073,2026-05-10,completed,291.93,1
O0010332,E0010332,C0212,P061,2026-05-10,completed,788.22,1
O0010333,E0010333,C0233,P034,2026-05-10,completed,149.44,1
O0010334,E0010334,C0228,P007,2026-05-10,completed,178.47,1
O0010335,E0010335,C0504,P012,2026-05-10,completed,151.48,1
O0010336,E0010336,C0173,P048,2026-05-10,cancelled,627.62,1
O0010337,E0010337,C0295,P054,2026-05-10,returned,434.79,1
O0010338,E0010338,C0491,P008,2026-05-10,completed,458.21,1
O0010339,E0010339,C0568,P046,2026-05-10,completed,320.08,1
O0010340,E0010340,C0083,P068,2026-05-10,completed,647.66,1
O0010341,E0010341,C0528,P059,2026-05-10,completed,65.23,1
O0010342,E0010342,C0497,P004,2026-05-10,completed,490.83,1
O0010343,E0010343,C0146,P040,2026-05-10,completed,46.61,1
O0010344,E0010344,C0220,P040,2026-05-10,completed,67.53,1
O0010345,E0010345,C0205,P070,2026-05-10,completed,107.77,1
O0010346,E0010346,C0063,P029,2026-05-10,completed,593.86,1
O0010347,E0010347,C0489,P079,2026-05-10,completed,381.29,1
O0010348,E0010348,C0563,P038,2026-05-10,completed,652.81,1
O0010349,E0010349,C0170,P079,2026-05-10,completed,151.78,1
O0010350,E0010350,C0287,P032,2026-05-10,completed,694.54,1
O0010351,E0010351,C0260,P069,2026-05-10,completed,28.69,1
O0010352,E0010352,C0500,P067,2026-05-10,completed,57.91,1
O0010353,E0010353,C0287,P035,2026-05-10,returned,541.85,1
O0010354,E0010354,C0207,P012,2026-05-10,completed,171.64,1
O0010355,E0010355,C0074,P019,2026-05-10,completed,234.52,1
O0010356,E0010356,C0360,P037,2026-05-10,cancelled,334.47,1
O0010357,E0010357,C0061,P057,2026-05-10,completed,887.3,1
O0010358,E0010358,C0196,P042,2026-05-10,completed,648.56,1
O0010359,E0010359,C0475,P071,2026-05-10,completed,507.53,1
O0010360,E0010360,C0258,P015,2026-05-10,cancelled,238.0,1
O0010361,E0010361,C0440,P018,2026-05-10,completed,403.94,1
O0010362,E0010362,C0266,P047,2026-05-10,completed,231.42,1
O0010363,E0010363,C0459,P076,2026-05-10,completed,170.01,1
O0010364,E0010364,C0358,P041,2026-05-10,completed,413.66,1
O0010365,E0010365,C0019,P075,2026-05-10,completed,599.72,1
O0010366,E0010366,C0237,P055,2026-05-10,returned,713.83,1
O0010367,E0010367,C0508,P037,2026-05-10,completed,355.13,1
O0010368,E0010368,C0512,P024,2026-05-10,completed,20.03,1
O0010369,E0010369,C0022,P008,2026-05-10,completed,309.83,1
O0010370,E0010370,C0223,P022,2026-05-10,completed,730.36,1
O0010371,E0010371,C0328,P031,2026-05-10,completed,556.42,1
O0010372,E0010372,C0406,P037,2026-05-10,completed,448.82,1
O0010373,E0010373,C0410,P063,2026-05-10,completed,164.25,1
O0010374,E0010374,C0287,P067,2026-05-10,completed,107.49,1
O0010375,E0010375,C0273,P001,2026-05-10,completed,263.33,1
O0010376,E0010376,C0487,P079,2026-05-10,completed,528.84,1
O0010377,E0010377,C0399,P077,2026-05-10,returned,660.38,1
O0010378,E0010378,C0137,P014,2026-05-10,completed,66.83,1
O0010379,E0010379,C0420,P053,2026-05-10,completed,161.87,1
O0010380,E0010380,C0598,P062,2026-05-10,completed,30.96,1
O0010381,E0010381,C0124,P053,2026-05-10,completed,174.94,1
O0010382,E0010382,C0284,P059,2026-05-10,completed,75.07,1
O0010383,E0010383,C0025,P009,2026-05-10,completed,404.0,1
O0010384,E0010384,C0397,P036,2026-05-10,completed,866.2,1
O0010385,E0010385,C0472,P059,2026-05-10,completed,45.75,1
O0010386,E0010386,C0052,P020,2026-05-10,completed,224.2,1
O0010387,E0010387,C0544,P052,2026-05-10,completed,666.08,1
O0010388,E0010388,C0486,P027,2026-05-10,completed,193.25,1
O0010389,E0010389,C0429,P063,2026-05-10,completed,438.84,1
O0010390,E0010390,C0568,P080,2026-05-10,completed,140.89,1
O0010391,E0010391,C0449,P014,2026-05-10,completed,61.63,1
O0010392,E0010392,C0362,P043,2026-05-10,completed,31.08,1
O0010393,E0010393,C0536,P080,2026-05-10,completed,156.37,1
O0010394,E0010394,C0468,P001,2026-05-10,completed,317.21,1
O0010395,E0010395,C0102,P076,2026-05-10,completed,265.33,1
O0010396,E0010396,C0558,P053,2026-05-10,completed,120.15,1
O0010397,E0010397,C0553,P074,2026-05-10,returned,288.94,1
O0010398,E0010398,C0502,P050,2026-05-10,completed,374.9,1
O0010399,E0010399,C0382,P055,2026-05-10,completed,273.72,1
O0010400,E0010400,C0370,P061,2026-05-11,completed,698.94,1
O0010401,E0010401,C0117,P002,2026-05-11,completed,375.07,1
O0010402,E0010402,C0101,P026,2026-05-11,cancelled,190.2,1
O0010403,E0010403,C0005,P059,2026-05-11,completed,34.97,1
O0010404,E0010404,C0595,P061,2026-05-11,completed,1114.87,1
O0010405,E0010405,C0127,P065,2026-05-11,completed,228.66,1
O0010406,E0010406,C0425,P067,2026-05-11,completed,32.79,1
O0010407,E0010407,C0135,P034,2026-05-11,completed,164.03,1
O0010408,E0010408,C0309,P072,2026-05-11,completed,49.02,1
O0010409,E0010409,C0334,P050,2026-05-11,completed,400.46,1
O0010410,E0010410,C0408,P061,2026-05-11,completed,847.55,1
O0010411,E0010411,C0054,P024,2026-05-11,completed,78.56,1
O0010412,E0010412,C0585,P028,2026-05-11,completed,118.95,1
O0010413,E0010413,C0026,P026,2026-05-11,cancelled,706.5,1
O0010414,E0010414,C0080,P074,2026-05-11,completed,297.9,1
O0010415,E0010415,C0459,P052,2026-05-11,completed,660.94,1
O0010416,E0010416,C0582,P038,2026-05-11,completed,597.43,1
O0010417,E0010417,C0027,P034,2026-05-11,cancelled,841.71,1
O0010418,E0010418,C0444,P042,2026-05-11,completed,242.45,1
O0010419,E0010419,C0471,P050,2026-05-11,completed,374.88,1
O0010420,E0010420,C0514,P077,2026-05-11,completed,279.71,1
O0010421,E0010421,C0502,P010,2026-05-11,completed,227.77,1
O0010422,E0010422,C0459,P015,2026-05-11,completed,59.13,1
O0010423,E0010423,C0054,P061,2026-05-11,completed,214.42,1
O0010424,E0010424,C0441,P021,2026-05-11,completed,327.22,1
O0010425,E0010425,C0352,P017,2026-05-11,completed,338.08,1
O0010426,E0010426,C0170,P024,2026-05-11,completed,22.1,1
O0010427,E0010427,C0152,P044,2026-05-11,completed,113.85,1
O0010428,E0010428,C0591,P003,2026-05-11,completed,190.78,1
O0010429,E0010429,C0342,P014,2026-05-11,completed,63.28,1
O0010430,E0010430,C0456,P045,2026-05-11,completed,239.02,1
O0010431,E0010431,C0432,P050,2026-05-11,completed,180.5,1
O0010432,E0010432,C0418,P078,2026-05-11,returned,299.58,1
O0010433,E0010433,C0503,P066,2026-05-11,returned,778.48,1
O0010434,E0010434,C0102,P008,2026-05-11,cancelled,362.95,1
O0010435,E0010435,C0243,P026,2026-05-11,completed,624.06,1
O0010436,E0010436,C0464,P023,2026-05-11,completed,301.13,1
O0010437,E0010437,C0425,P077,2026-05-11,completed,269.87,1
O0010438,E0010438,C0229,P074,2026-05-11,completed,178.53,1
O0010439,E0010439,C0507,P061,2026-05-11,completed,201.04,1
O0010440,E0010440,C0554,P014,2026-05-11,completed,71.41,1
O0010441,E0010441,C0528,P007,2026-05-11,returned,593.93,1
O0010442,E0010442,C0146,P069,2026-05-11,returned,21.31,1
O0010443,E0010443,C0345,P059,2026-05-11,completed,20.79,1
O0010444,E0010444,C0218,P070,2026-05-11,completed,188.66,1
O0010445,E0010445,C0056,P033,2026-05-11,cancelled,891.57,1
O0010446,E0010446,C0208,P073,2026-05-11,completed,570.48,1
O0010447,E0010447,C0263,P066,2026-05-11,completed,176.51,1
O0010448,E0010448,C0320,P025,2026-05-11,completed,848.32,1
O0010449,E0010449,C0137,P039,2026-05-11,completed,78.07,1
O0010450,E0010450,C0374,P019,2026-05-11,returned,467.74,1
O0010451,E0010451,C0229,P049,2026-05-11,completed,107.2,1
O0010452,E0010452,C0306,P072,2026-05-11,completed,46.18,1
O0010453,E0010453,C0449,P022,2026-05-11,returned,368.51,1
O0010454,E0010454,C0225,P037,2026-05-11,completed,754.46,1
O0010455,E0010455,C0342,P041,2026-05-11,completed,122.62,1
O0010456,E0010456,C0182,P054,2026-05-11,completed,197.19,1
O0010457,E0010457,C0587,P029,2026-05-11,completed,588.16,1
O0010458,E0010458,C0117,P033,2026-05-11,cancelled,830.34,1
O0010459,E0010459,C0039,P036,2026-05-11,completed,335.99,1
O0010460,E0010460,C0127,P043,2026-05-11,returned,114.84,1
O0010461,E0010461,C0401,P058,2026-05-11,completed,193.75,1
O0010462,E0010462,C0187,P063,2026-05-11,completed,241.23,1
O0010463,E0010463,C0328,P025,2026-05-11,completed,136.54,1
O0010464,E0010464,C0135,P008,2026-05-11,returned,345.17,1
O0010465,E0010465,C0078,P065,2026-05-11,completed,117.15,1
O0010466,E0010466,C0330,P029,2026-05-11,completed,391.53,1
O0010467,E0010467,C0017,P006,2026-05-11,completed,1161.4,1
O0010468,E0010468,C0143,P022,2026-05-11,completed,529.24,1
O0010469,E0010469,C0142,P059,2026-05-11,completed,18.72,1
O0010470,E0010470,C0550,P048,2026-05-11,completed,335.79,1
O0010471,E0010471,C0123,P043,2026-05-11,completed,71.67,1
O0010472,E0010472,C0201,P006,2026-05-11,completed,787.9,1
O0010473,E0010473,C0371,P038,2026-05-11,completed,897.07,1
O0010474,E0010474,C0543,P051,2026-05-11,cancelled,88.49,1
O0010475,E0010475,C0326,P008,2026-05-11,cancelled,608.86,1
O0010476,E0010476,C0218,P021,2026-05-11,returned,373.6,1
O0010477,E0010477,C0484,P051,2026-05-11,completed,146.27,1
O0010478,E0010478,C0217,P071,2026-05-11,completed,200.34,1
O0010480,E0010480,C0277,P069,2026-05-12,completed,25.19,1
O0010481,E0010481,C0260,P028,2026-05-12,completed,126.7,1
O0010482,E0010482,C0297,P080,2026-05-12,completed,141.06,1
O0010483,E0010483,C0554,P006,2026-05-12,completed,647.09,1
O0010484,E0010484,C0397,P043,2026-05-12,completed,44.26,1
O0010485,E0010485,C0528,P007,2026-05-12,completed,651.41,1
O0010486,E0010486,C0558,P070,2026-05-12,cancelled,212.33,1
O0010487,E0010487,C0040,P039,2026-05-12,completed,157.44,1
O0010488,E0010488,C0315,P050,2026-05-12,completed,295.56,1
O0010489,E0010489,C0192,P045,2026-05-12,completed,181.13,1
O0010490,E0010490,C0199,P001,2026-05-12,completed,467.66,1
O0010491,E0010491,C0338,P069,2026-05-12,cancelled,24.99,1
O0010492,E0010492,C0208,P003,2026-05-12,completed,446.84,1
O0010493,E0010493,C0593,P060,2026-05-12,completed,231.31,1
O0010494,E0010494,C0460,P046,2026-05-12,completed,289.08,1
O0010495,E0010495,C0255,P014,2026-05-12,completed,30.84,1
O0010496,E0010496,C0018,P046,2026-05-12,completed,490.4,1
O0010497,E0010497,C0141,P011,2026-05-12,completed,74.59,1
O0010498,E0010498,C0309,P017,2026-05-12,completed,491.65,1
O0010499,E0010499,C0016,P035,2026-05-12,completed,825.36,1
O0010500,E0010500,C0073,P039,2026-05-12,completed,37.02,1
O0010501,E0010501,C0253,P069,2026-05-12,completed,19.13,1
O0010502,E0010502,C0238,P062,2026-05-12,completed,148.99,1
O0010503,E0010503,C0311,P080,2026-05-12,completed,39.82,1
O0010504,E0010504,C0177,P051,2026-05-12,completed,135.52,1
O0010505,E0010505,C0010,P040,2026-05-12,completed,53.37,1
O0010506,E0010506,C0456,P039,2026-05-12,returned,27.53,1
O0010507,E0010507,C0318,P044,2026-05-12,cancelled,290.79,1
O0010508,E0010508,C0087,P052,2026-05-12,completed,196.4,1
O0010509,E0010509,C0542,P077,2026-05-12,completed,412.58,1
O0010510,E0010510,C0354,P069,2026-05-12,returned,96.44,1
O0010511,E0010511,C0392,P038,2026-05-12,completed,485.25,1
O0010512,E0010512,C0536,P027,2026-05-12,completed,454.59,1
O0010513,E0010513,C0088,P013,2026-05-12,completed,548.17,1
O0010514,E0010514,C0538,P075,2026-05-12,returned,204.9,1
O0010515,E0010515,C0528,P005,2026-05-12,completed,27.4,1
O0010516,E0010516,C0234,P008,2026-05-12,completed,739.19,1
O0010517,E0010517,C0552,P080,2026-05-12,completed,197.04,1
O0010518,E0010518,C0287,P030,2026-05-12,completed,976.35,1
O0010519,E0010519,C0244,P043,2026-05-12,completed,76.11,1
O0010520,E0010520,C0313,P034,2026-05-12,completed,821.67,1
O0010521,E0010521,C0256,P058,2026-05-12,completed,446.68,1
O0010522,E0010522,C0170,P021,2026-05-12,completed,361.07,1
O0010523,E0010523,C0403,P012,2026-05-12,completed,117.77,1
O0010524,E0010524,C0414,P067,2026-05-12,completed,108.03,1
O0010525,E0010525,C0459,P046,2026-05-12,completed,364.7,1
O0010526,E0010526,C0368,P048,2026-05-12,completed,597.1,1
O0010527,E0010527,C0597,P068,2026-05-12,completed,506.8,1
O0010528,E0010528,C0160,P026,2026-05-12,completed,189.28,1
O0010529,E0010529,C0402,P044,2026-05-12,completed,281.83,1
O0010530,E0010530,C0049,P011,2026-05-12,completed,133.9,1
O0010531,E0010531,C0296,P039,2026-05-12,completed,28.24,1
O0010532,E0010532,C0405,P054,2026-05-12,completed,137.41,1
O0010533,E0010533,C0450,P033,2026-05-12,completed,159.51,1
O0010534,E0010534,C0011,P040,2026-05-12,completed,63.56,1
O0010535,E0010535,C0493,P046,2026-05-12,completed,275.67,1
O0010536,E0010536,C0389,P068,2026-05-12,completed,566.26,1
O0010537,E0010537,C0190,P078,2026-05-12,completed,768.57,1
O0010538,E0010538,C0074,P023,2026-05-12,returned,210.01,1
O0010539,E0010539,C0137,P069,2026-05-12,completed,26.61,1
O0010540,E0010540,C0287,P065,2026-05-12,completed,137.5,1
O0010541,E0010541,C0460,P075,2026-05-12,completed,883.96,1
O0010542,E0010542,C0597,P073,2026-05-12,completed,130.6,1
O0010543,E0010543,C0470,P005,2026-05-12,completed,61.81,1
O0010544,E0010544,C0038,P052,2026-05-12,cancelled,705.18,1
O0010545,E0010545,C0332,P055,2026-05-12,completed,357.1,1
O0010546,E0010546,C0534,P067,2026-05-12,returned,102.67,1
O0010547,E0010547,C0077,P004,2026-05-12,completed,725.08,1
O0010548,E0010548,C0325,P045,2026-05-12,returned,923.59,1
O0010549,E0010549,C0132,P024,2026-05-12,completed,56.18,1
O0010550,E0010550,C0476,P004,2026-05-12,completed,647.85,1
O0010551,E0010551,C0142,P062,2026-05-12,completed,138.17,1
O0010552,E0010552,C0198,P003,2026-05-12,returned,359.91,1
O0010553,E0010553,C0250,P017,2026-05-12,completed,468.51,1
O0010554,E0010554,C0397,P072,2026-05-12,completed,99.8,1
O0010555,E0010555,C0375,P018,2026-05-12,returned,344.94,1
O0010556,E0010556,C0369,P009,2026-05-12,completed,748.14,1
O0010557,E0010557,C0373,P073,2026-05-12,completed,377.96,1
O0010558,E0010558,C0059,P038,2026-05-12,completed,181.6,1
O0010559,E0010559,C0409,P041,2026-05-12,completed,129.07,1
O0010560,E0010560,C0593,P049,2026-05-13,completed,34.65,1
O0010561,E0010561,C0345,P073,2026-05-13,completed,128.85,1
O0010562,E0010562,C0501,P066,2026-05-13,completed,569.42,1
O0010563,E0010563,C0413,P022,2026-05-13,completed,592.63,1
O0010564,E0010564,C0538,P006,2026-05-13,completed,479.08,1
O0010565,E0010565,C0359,P012,2026-05-13,completed,569.31,1
O0010566,E0010566,C0494,P056,2026-05-13,completed,221.22,1
O0010567,E0010567,C0265,P015,2026-05-13,cancelled,271.75,1
O0010568,E0010568,C0071,P071,2026-05-13,completed,231.93,1
O0010569,E0010569,C0398,P031,2026-05-13,completed,760.6,1
O0010570,E0010570,C0289,P040,2026-05-13,completed,57.36,1
O0010571,E0010571,C0477,P007,2026-05-13,completed,670.16,1
O0010572,E0010572,C0067,P035,2026-05-13,completed,1048.94,1
O0010573,E0010573,C0419,P043,2026-05-13,returned,36.11,1
O0010574,E0010574,C0379,P001,2026-05-13,completed,110.63,1
O0010575,E0010575,C0078,P066,2026-05-13,completed,218.86,1
O0010576,E0010576,C0099,P070,2026-05-13,completed,330.86,1
O0010577,E0010577,C0464,P037,2026-05-13,completed,203.81,1
O0010578,E0010578,C0138,P070,2026-05-13,completed,227.98,1
O0010579,E0010579,C0599,P064,2026-05-13,completed,88.87,1
O0010580,E0010580,C0109,P051,2026-05-13,completed,90.34,1
O0010581,E0010581,C0570,P038,2026-05-13,returned,741.59,1
O0010582,E0010582,C0576,P070,2026-05-13,completed,233.88,1
O0010583,E0010583,C0402,P039,2026-05-13,completed,36.87,1
O0010584,E0010584,C0478,P067,2026-05-13,completed,118.2,1
O0010585,E0010585,C0202,P074,2026-05-13,completed,324.21,1
O0010586,E0010586,C0592,P009,2026-05-13,completed,784.11,1
O0010587,E0010587,C0435,P061,2026-05-13,completed,690.12,1
O0010588,E0010588,C0166,P025,2026-05-13,completed,293.1,1
O0010589,E0010589,C0404,P062,2026-05-13,returned,34.24,1
O0010590,E0010590,C0592,P080,2026-05-13,completed,90.51,1
O0010591,E0010591,C0376,P051,2026-05-13,completed,172.07,1
O0010592,E0010592,C0547,P053,2026-05-13,completed,117.83,1
O0010593,E0010593,C0273,P011,2026-05-13,completed,74.45,1
O0010594,E0010594,C0353,P075,2026-05-13,completed,936.44,1
O0010595,E0010595,C0290,P012,2026-05-13,completed,259.3,1
O0010596,E0010596,C0036,P036,2026-05-13,completed,144.11,1
O0010597,E0010597,C0444,P013,2026-05-13,returned,542.46,1
O0010598,E0010598,C0167,P054,2026-05-13,completed,631.4,1
O0010599,E0010599,C0220,P059,2026-05-13,completed,41.97,1
O0010600,E0010600,C0205,P023,2026-05-13,completed,286.12,1
O0010601,E0010601,C0199,P073,2026-05-13,completed,438.94,1
O0010602,E0010602,C0048,P075,2026-05-13,completed,304.25,1
O0010603,E0010603,C0162,P056,2026-05-13,completed,924.39,1
O0010604,E0010604,C0599,P059,2026-05-13,completed,78.67,1
O0010605,E0010605,C0075,P039,2026-05-13,completed,33.36,1
O0010606,E0010606,C0366,P080,2026-05-13,completed,132.16,1
O0010607,E0010607,C0028,P011,2026-05-13,returned,141.8,1
O0010608,E0010608,C0356,P014,2026-05-13,completed,56.72,1
O0010609,E0010609,C0033,P022,2026-05-13,completed,184.02,1
O0010610,E0010610,C0547,P042,2026-05-13,completed,632.21,1
O0010611,E0010611,C0054,P043,2026-05-13,completed,63.33,1
O0010612,E0010612,C0463,P050,2026-05-13,returned,303.95,1
O0010613,E0010613,C0085,P015,2026-05-13,completed,62.29,1
O0010614,E0010614,C0002,P001,2026-05-13,completed,210.49,1
O0010615,E0010615,C0178,P049,2026-05-13,cancelled,216.26,1
O0010616,E0010616,C0428,P064,2026-05-13,completed,125.85,1
O0010617,E0010617,C0501,P061,2026-05-13,completed,176.45,1
O0010618,E0010618,C0496,P050,2026-05-13,completed,262.96,1
O0010619,E0010619,C0520,P019,2026-05-13,completed,399.81,1
O0010620,E0010620,C0099,P051,2026-05-13,completed,41.6,1
O0010621,E0010621,C0231,P054,2026-05-13,completed,188.47,1
O0010622,E0010622,C0040,P053,2026-05-13,completed,170.03,1
O0010623,E0010623,C0103,P049,2026-05-13,completed,97.75,1
O0010624,E0010624,C0242,P003,2026-05-13,completed,805.97,1
O0010625,E0010625,C0543,P074,2026-05-13,completed,268.23,1
O0010626,E0010626,C0267,P010,2026-05-13,completed,452.56,1
O0010627,E0010627,C0581,P057,2026-05-13,completed,988.18,1
O0010628,E0010628,C0116,P039,2026-05-13,returned,92.54,1
O0010629,E0010629,C0092,P060,2026-05-13,completed,234.94,1
O0010630,E0010630,C0242,P077,2026-05-13,completed,379.09,1
O0010631,E0010631,C0394,P024,2026-05-13,completed,64.87,1
O0010632,E0010632,C0402,P006,2026-05-13,completed,194.78,1
O0010633,E0010633,C0154,P065,2026-05-13,completed,274.83,1
O0010634,E0010634,C0078,P061,2026-05-13,completed,800.07,1
O0010635,E0010635,C0064,P015,2026-05-13,completed,174.8,1
O0010636,E0010636,C0405,P003,2026-05-13,completed,228.16,1
O0010637,E0010637,C0249,P061,2026-05-13,completed,237.68,1
O0010638,E0010638,C0575,P035,2026-05-13,completed,282.1,1
O0010639,E0010639,C0233,P075,2026-05-13,completed,708.4,1
O0010640,E0010640,C0360,P011,2026-05-14,completed,145.8,1
O0010641,E0010641,C0111,P053,2026-05-14,completed,257.7,1
O0010642,E0010642,C0255,P066,2026-05-14,completed,209.0,1
O0010643,E0010643,C0595,P067,2026-05-14,completed,81.02,1
O0010644,E0010644,C0278,P024,2026-05-14,completed,37.49,1
O0010645,E0010645,C0088,P034,2026-05-14,completed,864.81,1
O0010646,E0010646,C0138,P045,2026-05-14,completed,371.34,1
O0010647,E0010647,C0554,P076,2026-05-14,completed,215.15,1
O0010648,E0010648,C0357,P009,2026-05-14,completed,454.15,1
O0010649,E0010649,C0181,P044,2026-05-14,completed,195.95,1
O0010650,E0010650,C0287,P010,2026-05-14,completed,522.37,1
O0010651,E0010651,C0525,P049,2026-05-14,completed,50.89,1
O0010652,E0010652,C0117,P008,2026-05-14,completed,527.56,1
O0010653,E0010653,C0114,P058,2026-05-14,returned,687.08,1
O0010654,E0010654,C0453,P044,2026-05-14,completed,361.25,1
O0010655,E0010655,C0367,P026,2026-05-14,completed,193.66,1
O0010656,E0010656,C0595,P008,2026-05-14,completed,489.05,1
O0010657,E0010657,C0491,P041,2026-05-14,completed,230.49,1
O0010658,E0010658,C0441,P074,2026-05-14,completed,200.57,1
O0010659,E0010659,C0072,P074,2026-05-14,cancelled,92.07,1
O0010660,E0010660,C0492,P057,2026-05-14,completed,323.16,1
O0010661,E0010661,C0501,P024,2026-05-14,completed,93.21,1
O0010662,E0010662,C0055,P050,2026-05-14,returned,323.78,1
O0010663,E0010663,C0428,P019,2026-05-14,completed,240.31,1
O0010664,E0010664,C0192,P013,2026-05-14,completed,407.44,1
O0010665,E0010665,C0592,P075,2026-05-14,completed,209.35,1
O0010666,E0010666,C0338,P069,2026-05-14,completed,29.63,1
O0010667,E0010667,C0236,P032,2026-05-14,cancelled,499.84,1
O0010668,E0010668,C0147,P062,2026-05-14,completed,115.15,1
O0010669,E0010669,C0473,P070,2026-05-14,completed,313.68,1
O0010670,E0010670,C0310,P027,2026-05-14,returned,221.71,1
O0010671,E0010671,C0008,P030,2026-05-14,completed,216.0,1
O0010672,E0010672,C0289,P062,2026-05-14,completed,159.65,1
O0010673,E0010673,C0543,P059,2026-05-14,returned,93.12,1
O0010674,E0010674,C0193,P048,2026-05-14,completed,140.24,1
O0010675,E0010675,C0232,P068,2026-05-14,completed,143.38,1
O0010676,E0010676,C0125,P059,2026-05-14,completed,55.77,1
O0010677,E0010677,C0229,P075,2026-05-14,completed,341.9,1
O0010678,E0010678,C0340,P034,2026-05-14,completed,493.23,1
O0010679,E0010679,C0106,P009,2026-05-14,completed,411.35,1
O0010680,E0010680,C0281,P013,2026-05-14,cancelled,1119.91,1
O0010681,E0010681,C0295,P042,2026-05-14,completed,535.36,1
O0010682,E0010682,C0138,P051,2026-05-14,completed,163.06,1
O0010683,E0010683,C0339,P044,2026-05-14,completed,559.4,1
O0010684,E0010684,C0446,P066,2026-05-14,completed,926.28,1
O0010685,E0010685,C0537,P029,2026-05-14,completed,438.29,1
O0010686,E0010686,C0438,P015,2026-05-14,completed,90.07,1
O0010687,E0010687,C0262,P015,2026-05-14,cancelled,303.62,1
O0010688,E0010688,C0093,P037,2026-05-14,completed,465.4,1
O0010689,E0010689,C0076,P072,2026-05-14,completed,99.56,1
O0010690,E0010690,C0506,P037,2026-05-14,completed,227.36,1
O0010691,E0010691,C0296,P035,2026-05-14,returned,850.02,1
O0010692,E0010692,C0390,P074,2026-05-14,returned,76.59,1
O0010693,E0010693,C0118,P055,2026-05-14,completed,166.12,1
O0010694,E0010694,C0168,P035,2026-05-14,completed,837.56,1
O0010695,E0010695,C0123,P021,2026-05-14,completed,585.56,1
O0010696,E0010696,C0500,P028,2026-05-14,completed,193.73,1
O0010697,E0010697,C0362,P026,2026-05-14,completed,675.99,1
O0010698,E0010698,C0166,P044,2026-05-14,completed,245.98,1
O0010699,E0010699,C0117,P035,2026-05-14,cancelled,633.7,1
O0010700,E0010700,C0382,P025,2026-05-14,completed,846.84,1
O0010701,E0010701,C0426,P035,2026-05-14,completed,606.23,1
O0010702,E0010702,C0565,P029,2026-05-14,completed,436.77,1
O0010703,E0010703,C0494,P025,2026-05-14,completed,710.68,1
O0010704,E0010704,C0124,P021,2026-05-14,completed,556.46,1
O0010705,E0010705,C0114,P066,2026-05-14,completed,809.43,1
O0010706,E0010706,C0289,P049,2026-05-14,completed,173.55,1
O0010707,E0010707,C0534,P046,2026-05-14,completed,275.68,1
O0010708,E0010708,C0443,P003,2026-05-14,returned,1041.39,1
O0010709,E0010709,C0314,P077,2026-05-14,completed,785.67,1
O0010710,E0010710,C0154,P054,2026-05-14,completed,597.6,1
O0010711,E0010711,C0006,P028,2026-05-14,completed,100.12,1
O0010712,E0010712,C0180,P071,2026-05-14,completed,616.88,1
O0010713,E0010713,C0169,P025,2026-05-14,completed,196.94,1
O0010714,E0010714,C0459,P004,2026-05-14,completed,789.58,1
O0010715,E0010715,C0418,P022,2026-05-14,completed,157.27,1
O0010716,E0010716,C0596,P007,2026-05-14,completed,180.73,1
O0010717,E0010717,C0278,P032,2026-05-14,returned,1039.22,1
O0010718,E0010718,C0370,P053,2026-05-14,completed,121.96,1
O0010719,E0010719,C0506,P010,2026-05-14,completed,649.93,1
O0010720,E0010720,C0525,P063,2026-05-15,completed,106.12,1
O0010721,E0010721,C0066,P068,2026-05-15,completed,463.87,1
O0010722,E0010722,C0364,P029,2026-05-15,completed,488.68,1
O0010723,E0010723,C0006,P029,2026-05-15,completed,463.46,1
O0010724,E0010724,C0510,P024,2026-05-15,completed,17.58,1
O0010725,E0010725,C0121,P074,2026-05-15,completed,107.87,1
O0010726,E0010726,C0254,P072,2026-05-15,completed,29.47,1
O0010727,E0010727,C0019,P042,2026-05-15,completed,121.27,1
O0010728,E0010728,C0053,P067,2026-05-15,completed,134.09,1
O0010729,E0010729,C0037,P043,2026-05-15,completed,66.66,1
O0010730,E0010730,C0414,P033,2026-05-15,completed,806.67,1
O0010731,E0010731,C0395,P068,2026-05-15,completed,420.69,1
O0010732,E0010732,C0265,P036,2026-05-15,completed,459.61,1
O0010733,E0010733,C0255,P027,2026-05-15,cancelled,422.03,1
O0010734,E0010734,C0468,P002,2026-05-15,completed,387.82,1
O0010735,E0010735,C0242,P049,2026-05-15,completed,103.14,1
O0010736,E0010736,C0124,P023,2026-05-15,completed,92.48,1
O0010737,E0010737,C0296,P017,2026-05-15,completed,229.49,1
O0010738,E0010738,C0138,P001,2026-05-15,completed,291.08,1
O0010739,E0010739,C0300,P063,2026-05-15,completed,543.8,1
O0010740,E0010740,C0243,P039,2026-05-15,completed,130.11,1
O0010741,E0010741,C0487,P006,2026-05-15,completed,499.61,1
O0010742,E0010742,C0383,P059,2026-05-15,completed,33.63,1
O0010743,E0010743,C0130,P042,2026-05-15,completed,257.22,1
O0010744,E0010744,C0397,P069,2026-05-15,returned,90.45,1
O0010745,E0010745,C0590,P008,2026-05-15,completed,153.19,1
O0010746,E0010746,C0383,P012,2026-05-15,completed,267.92,1
O0010747,E0010747,C0305,P013,2026-05-15,completed,641.54,1
O0010748,E0010748,C0344,P008,2026-05-15,completed,677.06,1
O0010749,E0010749,C0278,P001,2026-05-15,completed,332.5,1
O0010750,E0010750,C0580,P035,2026-05-15,completed,838.22,1
O0010751,E0010751,C0069,P060,2026-05-15,cancelled,233.06,1
O0010752,E0010752,C0336,P032,2026-05-15,completed,181.33,1
O0010753,E0010753,C0092,P023,2026-05-15,completed,97.85,1
O0010754,E0010754,C0175,P004,2026-05-15,completed,545.42,1
O0010755,E0010755,C0190,P013,2026-05-15,completed,385.8,1
O0010756,E0010756,C0026,P076,2026-05-15,completed,134.21,1
O0010757,E0010757,C0561,P018,2026-05-15,completed,219.9,1
O0010758,E0010758,C0217,P047,2026-05-15,completed,963.87,1
O0010759,E0010759,C0153,P015,2026-05-15,completed,263.89,1
O0010760,E0010760,C0505,P006,2026-05-15,completed,691.39,1
O0010761,E0010761,C0478,P028,2026-05-15,completed,186.98,1
O0010762,E0010762,C0214,P074,2026-05-15,completed,312.52,1
O0010763,E0010763,C0253,P047,2026-05-15,returned,549.46,1
O0010764,E0010764,C0123,P041,2026-05-15,completed,385.63,1
O0010765,E0010765,C0056,P035,2026-05-15,completed,828.55,1
O0010766,E0010766,C0241,P031,2026-05-15,completed,541.0,1
O0010767,E0010767,C0034,P070,2026-05-15,completed,280.52,1
O0010768,E0010768,C0308,P034,2026-05-15,completed,699.61,1
O0010769,E0010769,C0582,P020,2026-05-15,completed,71.85,1
O0010770,E0010770,C0340,P049,2026-05-15,completed,158.55,1
O0010771,E0010771,C0365,P063,2026-05-15,completed,320.84,1
O0010772,E0010772,C0587,P068,2026-05-15,completed,369.75,1
O0010773,E0010773,C0329,P067,2026-05-15,completed,30.5,1
O0010774,E0010774,C0245,P024,2026-05-15,cancelled,66.31,1
O0010775,E0010775,C0421,P006,2026-05-15,completed,1127.09,1
O0010776,E0010776,C0406,P065,2026-05-15,returned,177.14,1
O0010777,E0010777,C0539,P031,2026-05-15,returned,172.82,1
O0010778,E0010778,C0372,P036,2026-05-15,completed,569.64,1
O0010779,E0010779,C0283,P034,2026-05-15,completed,210.2,1
O0010780,E0010780,C0439,P076,2026-05-15,completed,133.11,1
O0010781,E0010781,C0159,P032,2026-05-15,completed,200.81,1
O0010782,E0010782,C0585,P014,2026-05-15,completed,49.54,1
O0010783,E0010783,C0399,P006,2026-05-15,completed,816.55,1
O0010784,E0010784,C0022,P051,2026-05-15,completed,94.51,1
O0010785,E0010785,C0318,P055,2026-05-15,completed,282.18,1
O0010786,E0010786,C0331,P016,2026-05-15,completed,766.43,1
O0010787,E0010787,C0268,P058,2026-05-15,cancelled,261.26,1
O0010788,E0010788,C0228,P044,2026-05-15,completed,204.18,1
O0010789,E0010789,C0076,P011,2026-05-15,completed,79.56,1
O0010790,E0010790,C0121,P020,2026-05-15,completed,69.2,1
O0010791,E0010791,C0562,P006,2026-05-15,completed,468.04,1
O0010792,E0010792,C0586,P005,2026-05-15,returned,33.59,1
O0010793,E0010793,C0427,P052,2026-05-15,completed,255.12,1
O0010794,E0010794,C0205,P050,2026-05-15,returned,246.8,1
O0010795,E0010795,C0556,P026,2026-05-15,returned,210.91,1
O0010796,E0010796,C0503,P029,2026-05-15,returned,211.23,1
O0010797,E0010797,C0056,P038,2026-05-15,completed,543.67,1
O0010798,E0010798,C0386,P040,2026-05-15,completed,52.45,1
O0010799,E0010799,C0528,P067,2026-05-15,completed,60.79,1
O0010800,E0010800,C0499,P037,2026-05-16,completed,377.56,1
O0010801,E0010801,C0238,P048,2026-05-16,completed,368.28,1
O0010802,E0010802,C0019,P048,2026-05-16,completed,329.23,1
O0010803,E0010803,C0012,P027,2026-05-16,completed,315.68,1
O0010804,E0010804,C0062,P078,2026-05-16,completed,827.87,1
O0010805,E0010805,C0373,P015,2026-05-16,completed,226.37,1
O0010806,E0010806,C0478,P046,2026-05-16,completed,128.65,1
O0010807,E0010807,C0396,P049,2026-05-16,returned,72.65,1
O0010808,E0010808,C0507,P054,2026-05-16,completed,596.19,1
O0010809,E0010809,C0089,P001,2026-05-16,completed,124.21,1
O0010810,E0010810,C0403,P065,2026-05-16,completed,119.33,1
O0010811,E0010811,C0489,P036,2026-05-16,completed,471.82,1
O0010812,E0010812,C0144,P068,2026-05-16,completed,571.54,1
O0010813,E0010813,C0454,P020,2026-05-16,completed,69.97,1
O0010814,E0010814,C0453,P075,2026-05-16,returned,292.66,1
O0010815,E0010815,C0509,P046,2026-05-16,completed,300.65,1
O0010816,E0010816,C0062,P033,2026-05-16,completed,164.72,1
O0010817,E0010817,C0023,P004,2026-05-16,returned,364.32,1
O0010818,E0010818,C0029,P010,2026-05-16,completed,928.73,1
O0010819,E0010819,C0483,P051,2026-05-16,cancelled,98.43,1
O0010820,E0010820,C0516,P061,2026-05-16,completed,370.76,1
O0010821,E0010821,C0498,P065,2026-05-16,completed,90.87,1
O0010822,E0010822,C0057,P020,2026-05-16,completed,206.83,1
O0010823,E0010823,C0208,P037,2026-05-16,cancelled,203.98,1
O0010824,E0010824,C0538,P062,2026-05-16,completed,114.51,1
O0010825,E0010825,C0157,P076,2026-05-16,completed,75.95,1
O0010826,E0010826,C0463,P031,2026-05-16,completed,476.08,1
O0010827,E0010827,C0004,P077,2026-05-16,completed,641.33,1
O0010828,E0010828,C0048,P060,2026-05-16,completed,140.27,1
O0010829,E0010829,C0281,P067,2026-05-16,completed,59.39,1
O0010830,E0010830,C0509,P022,2026-05-16,returned,315.95,1
O0010831,E0010831,C0285,P038,2026-05-16,completed,488.88,1
O0010832,E0010832,C0302,P040,2026-05-16,returned,31.72,1
O0010833,E0010833,C0582,P034,2026-05-16,completed,601.2,1
O0010834,E0010834,C0131,P032,2026-05-16,completed,533.9,1
O0010835,E0010835,C0360,P022,2026-05-16,completed,189.4,1
O0010836,E0010836,C0168,P075,2026-05-16,completed,194.21,1
O0010837,E0010837,C0394,P055,2026-05-16,completed,644.06,1
O0010838,E0010838,C0152,P066,2026-05-16,completed,555.26,1
O0010839,E0010839,C0170,P048,2026-05-16,completed,420.84,1
O0010840,E0010840,C0371,P042,2026-05-16,completed,449.72,1
O0010841,E0010841,C0058,P003,2026-05-16,completed,212.25,1
O0010842,E0010842,C0285,P012,2026-05-16,cancelled,304.39,1
O0010843,E0010843,C0300,P007,2026-05-16,completed,133.93,1
O0010844,E0010844,C0449,P036,2026-05-16,completed,476.96,1
O0010845,E0010845,C0126,P044,2026-05-16,completed,441.05,1
O0010846,E0010846,C0417,P030,2026-05-16,completed,171.14,1
O0010847,E0010847,C0460,P034,2026-05-16,completed,570.04,1
O0010848,E0010848,C0431,P012,2026-05-16,cancelled,133.35,1
O0010849,E0010849,C0450,P046,2026-05-16,completed,171.86,1
O0010850,E0010850,C0445,P072,2026-05-16,completed,48.56,1
O0010851,E0010851,C0164,P015,2026-05-16,completed,243.17,1
O0010852,E0010852,C0339,P023,2026-05-16,completed,204.94,1
O0010853,E0010853,C0084,P013,2026-05-16,completed,777.91,1
O0010854,E0010854,C0561,P037,2026-05-16,completed,243.45,1
O0010855,E0010855,C0029,P002,2026-05-16,completed,103.98,1
O0010856,E0010856,C0280,P042,2026-05-16,completed,145.98,1
O0010857,E0010857,C0408,P021,2026-05-16,completed,750.76,1
O0010858,E0010858,C0555,P014,2026-05-16,completed,77.3,1
O0010859,E0010859,C0232,P076,2026-05-16,completed,84.33,1
O0010860,E0010860,C0532,P014,2026-05-16,completed,74.11,1
O0010861,E0010861,C0433,P010,2026-05-16,completed,283.57,1
O0010862,E0010862,C0484,P063,2026-05-16,completed,640.56,1
O0010863,E0010863,C0560,P074,2026-05-16,completed,337.84,1
O0010864,E0010864,C0024,P043,2026-05-16,completed,73.16,1
O0010865,E0010865,C0529,P072,2026-05-16,cancelled,67.0,1
O0010866,E0010866,C0346,P060,2026-05-16,completed,71.4,1
O0010867,E0010867,C0019,P037,2026-05-16,returned,498.33,1
O0010868,E0010868,C0109,P066,2026-05-16,completed,232.7,1
O0010869,E0010869,C0548,P071,2026-05-16,completed,610.59,1
O0010870,E0010870,C0120,P026,2026-05-16,completed,803.24,1
O0010871,E0010871,C0464,P033,2026-05-16,completed,691.73,1
O0010872,E0010872,C0586,P059,2026-05-16,completed,91.5,1
O0010873,E0010873,C0295,P038,2026-05-16,completed,394.45,1
O0010874,E0010874,C0353,P050,2026-05-16,completed,345.05,1
O0010875,E0010875,C0476,P013,2026-05-16,cancelled,813.61,1
O0010876,E0010876,C0356,P006,2026-05-16,completed,721.3,1
O0010877,E0010877,C0179,P019,2026-05-16,completed,133.67,1
O0010878,E0010878,C0046,P067,2026-05-16,completed,78.26,1
O0010879,E0010879,C0402,P069,2026-05-16,completed,90.22,1
O0010880,E0010880,C0433,P007,2026-05-17,completed,324.86,1
O0010881,E0010881,C0208,P073,2026-05-17,cancelled,363.93,1
O0010882,E0010882,C0205,P055,2026-05-17,completed,509.55,1
O0010883,E0010883,C0443,P057,2026-05-17,completed,229.2,1
O0010884,E0010884,C0373,P060,2026-05-17,completed,55.73,1
O0010885,E0010885,C0332,P064,2026-05-17,completed,83.99,1
O0010886,E0010886,C0519,P031,2026-05-17,completed,193.53,1
O0010887,E0010887,C0578,P067,2026-05-17,completed,75.35,1
O0010888,E0010888,C0285,P067,2026-05-17,completed,33.24,1
O0010889,E0010889,C0457,P054,2026-05-17,completed,341.04,1
O0010890,E0010890,C0440,P080,2026-05-17,completed,51.51,1
O0010891,E0010891,C0037,P028,2026-05-17,completed,61.85,1
O0010892,E0010892,C0219,P058,2026-05-17,completed,378.27,1
O0010893,E0010893,C0003,P057,2026-05-17,completed,940.67,1
O0010894,E0010894,C0071,P072,2026-05-17,returned,28.19,1
O0010895,E0010895,C0274,P022,2026-05-17,returned,280.09,1
O0010896,E0010896,C0588,P032,2026-05-17,completed,553.28,1
O0010897,E0010897,C0484,P019,2026-05-17,completed,710.77,1
O0010898,E0010898,C0349,P034,2026-05-17,completed,303.31,1
O0010899,E0010899,C0111,P034,2026-05-17,completed,301.19,1
O0010900,E0010900,C0243,P066,2026-05-17,completed,273.9,1
O0010901,E0010901,C0310,P036,2026-05-17,completed,218.51,1
O0010902,E0010902,C0339,P070,2026-05-17,completed,72.82,1
O0010903,E0010903,C0506,P040,2026-05-17,completed,38.02,1
O0010904,E0010904,C0531,P046,2026-05-17,completed,665.37,1
O0010905,E0010905,C0519,P071,2026-05-17,completed,694.09,1
O0010906,E0010906,C0175,P039,2026-05-17,completed,65.79,1
O0010907,E0010907,C0170,P022,2026-05-17,completed,441.61,1
O0010908,E0010908,C0096,P043,2026-05-17,completed,145.04,1
O0010909,E0010909,C0055,P063,2026-05-17,completed,385.65,1
O0010910,E0010910,C0354,P056,2026-05-17,completed,760.4,1
O0010911,E0010911,C0161,P011,2026-05-17,completed,40.51,1
O0010912,E0010912,C0104,P035,2026-05-17,completed,282.78,1
O0010913,E0010913,C0024,P053,2026-05-17,completed,95.93,1
O0010914,E0010914,C0419,P052,2026-05-17,completed,508.05,1
O0010915,E0010915,C0185,P024,2026-05-17,completed,86.74,1
O0010916,E0010916,C0320,P003,2026-05-17,completed,203.13,1
O0010917,E0010917,C0220,P005,2026-05-17,returned,74.8,1
O0010918,E0010918,C0005,P075,2026-05-17,completed,680.17,1
O0010919,E0010919,C0293,P045,2026-05-17,completed,1023.69,1
O0010920,E0010920,C0178,P074,2026-05-17,completed,389.6,1
O0010921,E0010921,C0504,P036,2026-05-17,completed,410.3,1
O0010922,E0010922,C0038,P027,2026-05-17,completed,848.73,1
O0010923,E0010923,C0216,P007,2026-05-17,completed,148.8,1
O0010924,E0010924,C0076,P037,2026-05-17,returned,916.51,1
O0010925,E0010925,C0205,P080,2026-05-17,completed,167.55,1
O0010926,E0010926,C0094,P019,2026-05-17,completed,239.58,1
O0010927,E0010927,C0237,P036,2026-05-17,completed,196.27,1
O0010928,E0010928,C0507,P049,2026-05-17,completed,47.03,1
O0010929,E0010929,C0178,P025,2026-05-17,completed,463.9,1
O0010930,E0010930,C0147,P015,2026-05-17,completed,195.87,1
O0010931,E0010931,C0583,P063,2026-05-17,completed,439.43,1
O0010932,E0010932,C0100,P017,2026-05-17,completed,731.94,1
O0010933,E0010933,C0167,P038,2026-05-17,completed,538.36,1
O0010934,E0010934,C0440,P016,2026-05-17,completed,696.02,1
O0010935,E0010935,C0082,P053,2026-05-17,returned,349.77,1
O0010936,E0010936,C0395,P065,2026-05-17,completed,45.34,1
O0010937,E0010937,C0593,P031,2026-05-17,completed,794.65,1
O0010938,E0010938,C0415,P062,2026-05-17,completed,112.61,1
O0010939,E0010939,C0508,P046,2026-05-17,completed,599.44,1
O0010940,E0010940,C0226,P051,2026-05-17,returned,45.34,1
O0010941,E0010941,C0013,P066,2026-05-17,completed,813.02,1
O0010942,E0010942,C0434,P022,2026-05-17,completed,128.53,1
O0010943,E0010943,C0291,P033,2026-05-17,completed,311.06,1
O0010944,E0010944,C0409,P037,2026-05-17,completed,512.86,1
O0010945,E0010945,C0323,P002,2026-05-17,completed,241.37,1
O0010946,E0010946,C0575,P006,2026-05-17,completed,216.89,1
O0010947,E0010947,C0596,P055,2026-05-17,completed,653.75,1
O0010948,E0010948,C0493,P042,2026-05-17,completed,233.08,1
O0010949,E0010949,C0038,P046,2026-05-17,completed,155.74,1
O0010950,E0010950,C0094,P059,2026-05-17,cancelled,54.45,1
O0010951,E0010951,C0061,P070,2026-05-17,completed,191.07,1
O0010952,E0010952,C0115,P028,2026-05-17,cancelled,157.1,1
O0010953,E0010953,C0180,P056,2026-05-17,cancelled,498.19,1
O0010954,E0010954,C0600,P020,2026-05-17,completed,147.81,1
O0010955,E0010955,C0149,P001,2026-05-17,returned,144.11,1
O0010956,E0010956,C0589,P013,2026-05-17,completed,846.06,1
O0010957,E0010957,C0072,P048,2026-05-17,completed,404.3,1
O0010958,E0010958,C0222,P057,2026-05-17,completed,571.29,1
O0010959,E0010959,C0001,P006,2026-05-17,completed,757.72,1
O0010960,E0010960,C0364,P017,2026-05-18,completed,433.15,1
O0010961,E0010961,C0274,P069,2026-05-18,completed,59.75,1
O0010962,E0010962,C0429,P080,2026-05-18,completed,44.8,1
O0010963,E0010963,C0065,P010,2026-05-18,completed,278.07,1
O0010964,E0010964,C0183,P038,2026-05-18,returned,882.86,1
O0010965,E0010965,C0178,P015,2026-05-18,completed,65.8,1
O0010966,E0010966,C0359,P048,2026-05-18,completed,552.68,1
O0010967,E0010967,C0473,P027,2026-05-18,completed,768.73,1
O0010968,E0010968,C0208,P012,2026-05-18,completed,115.7,1
O0010969,E0010969,C0318,P010,2026-05-18,cancelled,564.73,1
O0010970,E0010970,C0132,P033,2026-05-18,completed,684.03,1
O0010971,E0010971,C0183,P078,2026-05-18,completed,662.74,1
O0010972,E0010972,C0015,P043,2026-05-18,completed,101.74,1
O0010973,E0010973,C0430,P050,2026-05-18,completed,284.98,1
O0010974,E0010974,C0572,P015,2026-05-18,completed,173.49,1
O0010975,E0010975,C0436,P033,2026-05-18,returned,340.5,1
O0010976,E0010976,C0207,P008,2026-05-18,completed,152.35,1
O0010977,E0010977,C0439,P025,2026-05-18,completed,307.5,1
O0010979,E0010979,C0396,P004,2026-05-18,completed,631.76,1
O0010980,E0010980,C0523,P069,2026-05-18,completed,91.03,1
O0010981,E0010981,C0091,P031,2026-05-18,completed,898.94,1
O0010982,E0010982,C0003,P026,2026-05-18,returned,944.56,1
O0010983,E0010983,C0064,P044,2026-05-18,completed,136.92,1
O0010984,E0010984,C0396,P017,2026-05-18,completed,730.43,1
O0010985,E0010985,C0101,P032,2026-05-18,completed,440.47,1
O0010986,E0010986,C0532,P028,2026-05-18,completed,130.57,1
O0010987,E0010987,C0316,P032,2026-05-18,completed,717.21,1
O0010988,E0010988,C0295,P003,2026-05-18,completed,172.71,1
O0010989,E0010989,C0233,P046,2026-05-18,completed,362.53,1
O0010990,E0010990,C0525,P034,2026-05-18,completed,378.09,1
O0010991,E0010991,C0360,P020,2026-05-18,returned,63.71,1
O0010992,E0010992,C0015,P054,2026-05-18,completed,694.78,1
O0010993,E0010993,C0313,P007,2026-05-18,completed,505.89,1
O0010994,E0010994,C0211,P060,2026-05-18,returned,58.97,1
O0010995,E0010995,C0159,P044,2026-05-18,completed,292.23,1
O0010996,E0010996,C0046,P037,2026-05-18,returned,541.62,1
O0010997,E0010997,C0229,P070,2026-05-18,completed,118.22,1
O0010998,E0010998,C0433,P080,2026-05-18,completed,81.97,1
O0010999,E0010999,C0141,P070,2026-05-18,completed,59.59,1
O0011000,E0011000,C0286,P038,2026-05-18,completed,1008.72,1
O0011001,E0011001,C0197,P033,2026-05-18,completed,174.28,1
O0011002,E0011002,C0517,P016,2026-05-18,completed,1010.78,1
O0011003,E0011003,C0529,P050,2026-05-18,completed,209.06,1
O0011004,E0011004,C0292,P023,2026-05-18,completed,238.5,1
O0011005,E0011005,C0083,P017,2026-05-18,completed,495.29,1
O0011006,E0011006,C0233,P016,2026-05-18,completed,226.9,1
O0011007,E0011007,C0593,P039,2026-05-18,completed,65.99,1
O0011008,E0011008,C0045,P016,2026-05-18,completed,806.86,1
O0011009,E0011009,C0570,P015,2026-05-18,completed,73.32,1
O0011010,E0011010,C0113,P026,2026-05-18,completed,908.38,1
O0011011,E0011011,C0529,P019,2026-05-18,completed,349.83,1
O0011012,E0011012,C0121,P034,2026-05-18,returned,655.96,1
O0011013,E0011013,C0094,P065,2026-05-18,completed,149.89,1
O0011014,E0011014,C0119,P070,2026-05-18,completed,215.16,1
O0011015,E0011015,C0314,P014,2026-05-18,completed,80.2,1
O0011016,E0011016,C0235,P040,2026-05-18,completed,80.44,1
O0011017,E0011017,C0025,P044,2026-05-18,completed,478.4,1
O0011018,E0011018,C0127,P059,2026-05-18,completed,70.53,1
O0011019,E0011019,C0114,P021,2026-05-18,completed,288.13,1
O0011020,E0011020,C0527,P018,2026-05-18,completed,676.76,1
O0011021,E0011021,C0339,P031,2026-05-18,cancelled,1050.71,1
O0011022,E0011022,C0187,P080,2026-05-18,completed,213.01,1
O0011023,E0011023,C0371,P034,2026-05-18,completed,517.73,1
O0011024,E0011024,C0065,P073,2026-05-18,completed,380.81,1
O0011025,E0011025,C0367,P073,2026-05-18,cancelled,461.07,1
O0011026,E0011026,C0035,P022,2026-05-18,completed,650.74,1
O0011027,E0011027,C0364,P047,2026-05-18,completed,743.11,1
O0011028,E0011028,C0162,P041,2026-05-18,returned,268.53,1
O0011029,E0011029,C0183,P005,2026-05-18,completed,133.69,1
O0011030,E0011030,C0459,P074,2026-05-18,completed,365.82,1
O0011031,E0011031,C0467,P032,2026-05-18,completed,499.59,1
O0011032,E0011032,C0004,P055,2026-05-18,completed,121.19,1
O0011033,E0011033,C0365,P010,2026-05-18,completed,750.0,1
O0011034,E0011034,C0123,P062,2026-05-18,completed,91.9,1
O0011035,E0011035,C0485,P053,2026-05-18,completed,474.51,1
O0011036,E0011036,C0504,P072,2026-05-18,completed,74.93,1
O0011037,E0011037,C0250,P031,2026-05-18,completed,756.5,1
O0011038,E0011038,C0396,P067,2026-05-18,completed,74.96,1
O0011039,E0011039,C0342,P066,2026-05-18,completed,742.71,1
O0011040,E0011040,C0232,P065,2026-05-19,completed,205.28,1
O0011041,E0011041,C0560,P009,2026-05-19,completed,624.69,1
O0011042,E0011042,C0400,P024,2026-05-19,completed,84.88,1
O0011043,E0011043,C0060,P016,2026-05-19,completed,856.23,1
O0011044,E0011044,C0575,P032,2026-05-19,returned,558.46,1
O0011045,E0011045,C0242,P072,2026-05-19,completed,29.39,1
O0011046,E0011046,C0580,P012,2026-05-19,completed,443.61,1
O0011047,E0011047,C0489,P034,2026-05-19,completed,225.58,1
O0011048,E0011048,C0052,P055,2026-05-19,completed,469.25,1
O0011049,E0011049,C0329,P061,2026-05-19,completed,362.35,1
O0011050,E0011050,C0337,P037,2026-05-19,cancelled,505.04,1
O0011051,E0011051,C0141,P043,2026-05-19,completed,44.69,1
O0011052,E0011052,C0117,P072,2026-05-19,completed,32.1,1
O0011053,E0011053,C0527,P071,2026-05-19,completed,165.95,1
O0011054,E0011054,C0445,P030,2026-05-19,completed,170.84,1
O0011055,E0011055,C0361,P080,2026-05-19,completed,46.99,1
O0011056,E0011056,C0270,P017,2026-05-19,completed,449.19,1
O0011057,E0011057,C0030,P008,2026-05-19,completed,690.04,1
O0011058,E0011058,C0500,P062,2026-05-19,completed,85.42,1
O0011059,E0011059,C0394,P050,2026-05-19,completed,80.65,1
O0011060,E0011060,C0430,P002,2026-05-19,completed,140.32,1
O0011061,E0011061,C0183,P004,2026-05-19,completed,347.99,1
O0011062,E0011062,C0301,P036,2026-05-19,completed,199.85,1
O0011063,E0011063,C0207,P036,2026-05-19,completed,579.56,1
O0011064,E0011064,C0329,P067,2026-05-19,cancelled,80.82,1
O0011065,E0011065,C0444,P013,2026-05-19,completed,788.75,1
O0011066,E0011066,C0298,P045,2026-05-19,returned,408.75,1
O0011067,E0011067,C0301,P011,2026-05-19,completed,45.16,1
O0011068,E0011068,C0563,P071,2026-05-19,completed,619.0,1
O0011069,E0011069,C0336,P018,2026-05-19,returned,354.99,1
O0011070,E0011070,C0513,P023,2026-05-19,completed,337.45,1
O0011071,E0011071,C0275,P042,2026-05-19,completed,637.91,1
O0011072,E0011072,C0053,P052,2026-05-19,completed,990.1,1
O0011073,E0011073,C0582,P028,2026-05-19,returned,247.79,1
O0011074,E0011074,C0250,P076,2026-05-19,completed,156.29,1
O0011075,E0011075,C0223,P033,2026-05-19,returned,624.91,1
O0011076,E0011076,C0466,P060,2026-05-19,completed,191.73,1
O0011077,E0011077,C0173,P065,2026-05-19,completed,58.73,1
O0011078,E0011078,C0118,P030,2026-05-19,completed,918.96,1
O0011079,E0011079,C0154,P040,2026-05-19,completed,19.28,1
O0011080,E0011080,C0520,P055,2026-05-19,completed,116.33,1
O0011081,E0011081,C0033,P057,2026-05-19,completed,211.65,1
O0011082,E0011082,C0225,P010,2026-05-19,completed,282.1,1
O0011083,E0011083,C0471,P068,2026-05-19,completed,386.18,1
O0011084,E0011084,C0262,P066,2026-05-19,completed,605.37,1
O0011085,E0011085,C0358,P030,2026-05-19,completed,464.47,1
O0011086,E0011086,C0577,P061,2026-05-19,completed,277.43,1
O0011087,E0011087,C0582,P043,2026-05-19,completed,44.71,1
O0011088,E0011088,C0412,P047,2026-05-19,completed,472.04,1
O0011089,E0011089,C0350,P068,2026-05-19,completed,521.42,1
O0011090,E0011090,C0001,P012,2026-05-19,completed,137.5,1
O0011091,E0011091,C0432,P069,2026-05-19,cancelled,101.8,1
O0011092,E0011092,C0170,P014,2026-05-19,completed,72.65,1
O0011093,E0011093,C0594,P023,2026-05-19,completed,304.53,1
O0011094,E0011094,C0364,P025,2026-05-19,completed,398.65,1
O0011095,E0011095,C0206,P069,2026-05-19,completed,110.26,1
O0011096,E0011096,C0042,P060,2026-05-19,completed,74.81,1
O0011097,E0011097,C0100,P058,2026-05-19,cancelled,219.19,1
O0011098,E0011098,C0466,P022,2026-05-19,completed,282.83,1
O0011099,E0011099,C0339,P041,2026-05-19,completed,240.07,1
O0011100,E0011100,C0303,P041,2026-05-19,completed,142.46,1
O0011101,E0011101,C0442,P036,2026-05-19,completed,424.61,1
O0011102,E0011102,C0107,P061,2026-05-19,completed,236.26,1
O0011103,E0011103,C0450,P065,2026-05-19,completed,62.97,1
O0011104,E0011104,C0326,P005,2026-05-19,completed,110.95,1
O0011105,E0011105,C0378,P060,2026-05-19,cancelled,98.01,1
O0011106,E0011106,C0490,P057,2026-05-19,returned,767.34,1
O0011107,E0011107,C0402,P032,2026-05-19,completed,650.74,1
O0011108,E0011108,C0181,P004,2026-05-19,returned,259.04,1
O0011109,E0011109,C0131,P061,2026-05-19,completed,1015.46,1
O0011110,E0011110,C0119,P071,2026-05-19,completed,372.47,1
O0011111,E0011111,C0535,P056,2026-05-19,completed,802.94,1
O0011112,E0011112,C0272,P024,2026-05-19,completed,18.75,1
O0011113,E0011113,C0298,P051,2026-05-19,completed,132.33,1
O0011114,E0011114,C0519,P001,2026-05-19,completed,496.96,1
O0011115,E0011115,C0150,P074,2026-05-19,completed,175.18,1
O0011116,E0011116,C0194,P080,2026-05-19,completed,99.68,1
O0011117,E0011117,C0490,P005,2026-05-19,returned,27.3,1
O0011118,E0011118,C0427,P042,2026-05-19,cancelled,393.37,1
O0011119,E0011119,C0173,P045,2026-05-19,completed,786.55,1
O0011120,E0011120,C0099,P004,2026-05-20,completed,589.37,1
O0011121,E0011121,C0295,P028,2026-05-20,completed,259.41,1
O0011122,E0011122,C0225,P013,2026-05-20,completed,373.33,1
O0011123,E0011123,C0273,P076,2026-05-20,completed,371.28,1
O0011124,E0011124,C0436,P017,2026-05-20,completed,223.93,1
O0011125,E0011125,C0549,P051,2026-05-20,completed,46.61,1
O0011126,E0011126,C0573,P042,2026-05-20,completed,347.44,1
O0011127,E0011127,C0450,P075,2026-05-20,completed,190.38,1
O0011128,E0011128,C0338,P019,2026-05-20,completed,726.46,1
O0011129,E0011129,C0474,P003,2026-05-20,cancelled,886.2,1
O0011130,E0011130,C0456,P020,2026-05-20,completed,262.63,1
O0011131,E0011131,C0064,P036,2026-05-20,completed,865.53,1
O0011132,E0011132,C0569,P042,2026-05-20,completed,341.28,1
O0011133,E0011133,C0359,P035,2026-05-20,completed,1010.29,1
O0011134,E0011134,C0114,P056,2026-05-20,returned,482.04,1
O0011135,E0011135,C0146,P057,2026-05-20,completed,631.19,1
O0011136,E0011136,C0062,P012,2026-05-20,completed,571.26,1
O0011137,E0011137,C0144,P075,2026-05-20,completed,669.12,1
O0011138,E0011138,C0555,P004,2026-05-20,cancelled,730.31,1
O0011139,E0011139,C0225,P041,2026-05-20,returned,227.23,1
O0011140,E0011140,C0214,P042,2026-05-20,completed,633.85,1
O0011141,E0011141,C0311,P071,2026-05-20,returned,165.86,1
O0011142,E0011142,C0401,P031,2026-05-20,returned,773.0,1
O0011143,E0011143,C0008,P015,2026-05-20,completed,132.39,1
O0011144,E0011144,C0390,P072,2026-05-20,completed,93.09,1
O0011145,E0011145,C0095,P037,2026-05-20,completed,990.79,1
O0011146,E0011146,C0587,P009,2026-05-20,completed,248.14,1
O0011147,E0011147,C0542,P065,2026-05-20,completed,63.93,1
O0011148,E0011148,C0333,P026,2026-05-20,completed,901.17,1
O0011149,E0011149,C0366,P055,2026-05-20,cancelled,492.36,1
O0011150,E0011150,C0059,P010,2026-05-20,completed,734.22,1
O0011151,E0011151,C0077,P060,2026-05-20,completed,274.45,1
O0011152,E0011152,C0100,P044,2026-05-20,completed,402.52,1
O0011153,E0011153,C0320,P068,2026-05-20,cancelled,341.38,1
O0011154,E0011154,C0083,P042,2026-05-20,completed,243.21,1
O0011155,E0011155,C0212,P080,2026-05-20,completed,197.51,1
O0011156,E0011156,C0164,P006,2026-05-20,completed,368.38,1
O0011157,E0011157,C0473,P065,2026-05-20,completed,176.65,1
O0011158,E0011158,C0304,P060,2026-05-20,completed,244.92,1
O0011159,E0011159,C0379,P014,2026-05-20,completed,57.95,1
O0011160,E0011160,C0280,P005,2026-05-20,completed,110.48,1
O0011161,E0011161,C0082,P001,2026-05-20,completed,332.27,1
O0011162,E0011162,C0328,P031,2026-05-20,returned,790.3,1
O0011163,E0011163,C0332,P020,2026-05-20,completed,155.92,1
O0011164,E0011164,C0522,P080,2026-05-20,completed,98.93,1
O0011165,E0011165,C0208,P010,2026-05-20,completed,1127.29,1
O0011166,E0011166,C0112,P045,2026-05-20,returned,887.41,1
O0011167,E0011167,C0012,P028,2026-05-20,completed,140.91,1
O0011168,E0011168,C0111,P055,2026-05-20,completed,345.0,1
O0011169,E0011169,C0144,P016,2026-05-20,completed,953.62,1
O0011170,E0011170,C0524,P054,2026-05-20,completed,178.58,1
O0011171,E0011171,C0181,P016,2026-05-20,returned,728.05,1
O0011172,E0011172,C0529,P020,2026-05-20,completed,51.44,1
O0011173,E0011173,C0520,P004,2026-05-20,returned,220.84,1
O0011174,E0011174,C0048,P075,2026-05-20,completed,450.21,1
O0011175,E0011175,C0576,P009,2026-05-20,completed,232.5,1
O0011176,E0011176,C0523,P055,2026-05-20,completed,112.63,1
O0011177,E0011177,C0559,P072,2026-05-20,completed,31.15,1
O0011178,E0011178,C0184,P035,2026-05-20,completed,1033.0,1
O0011179,E0011179,C0372,P032,2026-05-20,returned,216.48,1
O0011180,E0011180,C0513,P068,2026-05-20,cancelled,616.1,1
O0011181,E0011181,C0183,P059,2026-05-20,completed,20.89,1
O0011182,E0011182,C0353,P037,2026-05-20,completed,369.17,1
O0011183,E0011183,C0279,P074,2026-05-20,completed,429.05,1
O0011184,E0011184,C0484,P035,2026-05-20,completed,508.1,1
O0011185,E0011185,C0262,P019,2026-05-20,completed,514.51,1
O0011186,E0011186,C0093,P020,2026-05-20,returned,66.89,1
O0011187,E0011187,C0412,P060,2026-05-20,completed,129.21,1
O0011188,E0011188,C0366,P078,2026-05-20,completed,711.56,1
O0011189,E0011189,C0280,P066,2026-05-20,completed,245.44,1
O0011190,E0011190,C0349,P032,2026-05-20,completed,704.65,1
O0011191,E0011191,C0177,P042,2026-05-20,completed,283.37,1
O0011192,E0011192,C0060,P054,2026-05-20,completed,582.27,1
O0011193,E0011193,C0418,P010,2026-05-20,completed,939.79,1
O0011194,E0011194,C0399,P012,2026-05-20,cancelled,512.0,1
O0011195,E0011195,C0538,P067,2026-05-20,completed,41.15,1
O0011196,E0011196,C0126,P078,2026-05-20,completed,848.13,1
O0011197,E0011197,C0015,P062,2026-05-20,completed,88.22,1
O0011198,E0011198,C0428,P022,2026-05-20,completed,534.94,1
O0011199,E0011199,C0178,P049,2026-05-20,returned,136.23,1
O0011200,E0011200,C0309,P076,2026-05-21,completed,92.92,1
O0011201,E0011201,C0547,P028,2026-05-21,completed,200.95,1
O0011202,E0011202,C0068,P037,2026-05-21,completed,905.39,1
O0011203,E0011203,C0452,P014,2026-05-21,completed,50.96,1
O0011204,E0011204,C0445,P067,2026-05-21,cancelled,66.16,1
O0011205,E0011205,C0240,P002,2026-05-21,completed,557.26,1
O0011206,E0011206,C0477,P007,2026-05-21,completed,146.28,1
O0011207,E0011207,C0221,P036,2026-05-21,completed,628.4,1
O0011208,E0011208,C0055,P039,2026-05-21,returned,139.7,1
O0011209,E0011209,C0212,P044,2026-05-21,completed,185.94,1
O0011210,E0011210,C0482,P038,2026-05-21,completed,284.84,1
O0011211,E0011211,C0433,P018,2026-05-21,cancelled,559.55,1
O0011212,E0011212,C0241,P029,2026-05-21,completed,488.0,1
O0011213,E0011213,C0050,P033,2026-05-21,completed,150.9,1
O0011214,E0011214,C0391,P043,2026-05-21,completed,88.11,1
O0011215,E0011215,C0533,P022,2026-05-21,completed,497.2,1
O0011216,E0011216,C0429,P044,2026-05-21,completed,360.59,1
O0011217,E0011217,C0090,P005,2026-05-21,completed,27.2,1
O0011218,E0011218,C0482,P067,2026-05-21,completed,80.39,1
O0011219,E0011219,C0522,P052,2026-05-21,completed,193.03,1
O0011220,E0011220,C0263,P012,2026-05-21,completed,551.28,1
O0011221,E0011221,C0475,P071,2026-05-21,returned,437.97,1
O0011222,E0011222,C0199,P046,2026-05-21,cancelled,180.72,1
O0011223,E0011223,C0479,P015,2026-05-21,completed,152.2,1
O0011224,E0011224,C0443,P029,2026-05-21,completed,453.5,1
O0011225,E0011225,C0551,P048,2026-05-21,completed,518.55,1
O0011226,E0011226,C0478,P026,2026-05-21,completed,390.37,1
O0011227,E0011227,C0190,P043,2026-05-21,completed,138.17,1
O0011228,E0011228,C0127,P034,2026-05-21,returned,432.73,1
O0011229,E0011229,C0254,P077,2026-05-21,completed,457.59,1
O0011230,E0011230,C0111,P055,2026-05-21,completed,236.49,1
O0011231,E0011231,C0225,P046,2026-05-21,completed,362.39,1
O0011232,E0011232,C0021,P032,2026-05-21,completed,962.47,1
O0011233,E0011233,C0086,P014,2026-05-21,completed,81.12,1
O0011234,E0011234,C0578,P051,2026-05-21,completed,99.43,1
O0011235,E0011235,C0463,P005,2026-05-21,completed,99.55,1
O0011236,E0011236,C0039,P044,2026-05-21,returned,395.2,1
O0011237,E0011237,C0591,P002,2026-05-21,completed,92.98,1
O0011238,E0011238,C0418,P076,2026-05-21,completed,305.86,1
O0011239,E0011239,C0400,P001,2026-05-21,completed,484.03,1
O0011240,E0011240,C0506,P057,2026-05-21,completed,462.31,1
O0011241,E0011241,C0506,P069,2026-05-21,completed,21.37,1
O0011242,E0011242,C0547,P067,2026-05-21,completed,150.48,1
O0011243,E0011243,C0250,P024,2026-05-21,completed,42.16,1
O0011244,E0011244,C0414,P010,2026-05-21,returned,388.0,1
O0011245,E0011245,C0084,P017,2026-05-21,completed,402.3,1
O0011246,E0011246,C0268,P043,2026-05-21,completed,126.66,1
O0011247,E0011247,C0422,P051,2026-05-21,completed,139.97,1
O0011248,E0011248,C0337,P025,2026-05-21,completed,412.76,1
O0011249,E0011249,C0513,P047,2026-05-21,completed,616.73,1
O0011250,E0011250,C0592,P072,2026-05-21,completed,100.29,1
O0011251,E0011251,C0131,P034,2026-05-21,completed,164.94,1
O0011252,E0011252,C0464,P073,2026-05-21,completed,252.71,1
O0011253,E0011253,C0198,P013,2026-05-21,cancelled,830.74,1
O0011254,E0011254,C0252,P065,2026-05-21,completed,44.56,1
O0011255,E0011255,C0161,P060,2026-05-21,completed,158.73,1
O0011256,E0011256,C0430,P071,2026-05-21,completed,877.8,1
O0011257,E0011257,C0240,P063,2026-05-21,completed,443.2,1
O0011258,E0011258,C0155,P060,2026-05-21,completed,150.52,1
O0011259,E0011259,C0585,P063,2026-05-21,completed,469.52,1
O0011260,E0011260,C0006,P070,2026-05-21,completed,214.91,1
O0011261,E0011261,C0237,P024,2026-05-21,completed,21.04,1
O0011262,E0011262,C0476,P011,2026-05-21,completed,87.27,1
O0011263,E0011263,C0419,P003,2026-05-21,completed,219.11,1
O0011264,E0011264,C0335,P019,2026-05-21,completed,392.52,1
O0011265,E0011265,C0008,P006,2026-05-21,completed,489.66,1
O0011266,E0011266,C0274,P068,2026-05-21,completed,389.99,1
O0011267,E0011267,C0104,P076,2026-05-21,completed,237.56,1
O0011268,E0011268,C0057,P066,2026-05-21,completed,972.96,1
O0011269,E0011269,C0392,P016,2026-05-21,completed,208.46,1
O0011270,E0011270,C0522,P013,2026-05-21,completed,192.89,1
O0011271,E0011271,C0591,P024,2026-05-21,completed,34.48,1
O0011272,E0011272,C0200,P008,2026-05-21,completed,277.88,1
O0011273,E0011273,C0223,P021,2026-05-21,completed,171.18,1
O0011274,E0011274,C0520,P074,2026-05-21,completed,217.08,1
O0011275,E0011275,C0325,P016,2026-05-21,completed,371.6,1
O0011276,E0011276,C0402,P023,2026-05-21,completed,91.25,1
O0011277,E0011277,C0230,P012,2026-05-21,completed,477.94,1
O0011278,E0011278,C0515,P019,2026-05-21,cancelled,458.29,1
O0011279,E0011279,C0301,P039,2026-05-21,cancelled,38.49,1
O0011280,E0011280,C0126,P032,2026-05-22,completed,802.96,1
O0011281,E0011281,C0498,P074,2026-05-22,completed,91.7,1
O0011282,E0011282,C0111,P031,2026-05-22,completed,178.17,1
O0011283,E0011283,C0446,P036,2026-05-22,completed,157.8,1
O0011284,E0011284,C0113,P058,2026-05-22,cancelled,539.46,1
O0011285,E0011285,C0029,P001,2026-05-22,returned,285.07,1
O0011286,E0011286,C0031,P034,2026-05-22,completed,366.31,1
O0011287,E0011287,C0507,P004,2026-05-22,completed,368.37,1
O0011288,E0011288,C0467,P056,2026-05-22,completed,353.65,1
O0011289,E0011289,C0053,P048,2026-05-22,cancelled,353.0,1
O0011290,E0011290,C0097,P041,2026-05-22,completed,443.45,1
O0011291,E0011291,C0476,P055,2026-05-22,completed,337.41,1
O0011292,E0011292,C0100,P079,2026-05-22,completed,144.49,1
O0011293,E0011293,C0329,P003,2026-05-22,completed,446.15,1
O0011294,E0011294,C0598,P026,2026-05-22,completed,729.14,1
O0011295,E0011295,C0570,P006,2026-05-22,completed,807.03,1
O0011296,E0011296,C0119,P071,2026-05-22,completed,926.94,1
O0011297,E0011297,C0145,P024,2026-05-22,returned,48.62,1
O0011298,E0011298,C0414,P045,2026-05-22,completed,390.16,1
O0011299,E0011299,C0328,P012,2026-05-22,completed,403.79,1
O0011300,E0011300,C0170,P008,2026-05-22,completed,384.06,1
O0011301,E0011301,C0418,P070,2026-05-22,completed,55.89,1
O0011302,E0011302,C0450,P038,2026-05-22,completed,492.76,1
O0011303,E0011303,C0350,P009,2026-05-22,completed,200.78,1
O0011304,E0011304,C0496,P056,2026-05-22,completed,239.83,1
O0011305,E0011305,C0322,P075,2026-05-22,completed,181.62,1
O0011306,E0011306,C0231,P032,2026-05-22,completed,840.02,1
O0011307,E0011307,C0428,P070,2026-05-22,completed,117.78,1
O0011308,E0011308,C0121,P059,2026-05-22,completed,44.88,1
O0011309,E0011309,C0157,P023,2026-05-22,returned,300.58,1
O0011310,E0011310,C0194,P047,2026-05-22,completed,201.08,1
O0011311,E0011311,C0448,P033,2026-05-22,completed,552.9,1
O0011312,E0011312,C0264,P079,2026-05-22,completed,519.43,1
O0011313,E0011313,C0258,P032,2026-05-22,completed,260.04,1
O0011314,E0011314,C0577,P038,2026-05-22,completed,853.67,1
O0011315,E0011315,C0287,P018,2026-05-22,completed,435.2,1
O0011316,E0011316,C0539,P047,2026-05-22,completed,456.35,1
O0011317,E0011317,C0598,P010,2026-05-22,completed,816.42,1
O0011318,E0011318,C0145,P035,2026-05-22,returned,390.98,1
O0011319,E0011319,C0304,P074,2026-05-22,completed,349.47,1
O0011320,E0011320,C0225,P057,2026-05-22,cancelled,956.5,1
O0011321,E0011321,C0024,P036,2026-05-22,completed,502.24,1
O0011322,E0011322,C0292,P039,2026-05-22,cancelled,137.46,1
O0011323,E0011323,C0519,P056,2026-05-22,completed,435.15,1
O0011324,E0011324,C0578,P009,2026-05-22,completed,673.31,1
O0011325,E0011325,C0517,P021,2026-05-22,completed,128.76,1
O0011326,E0011326,C0086,P037,2026-05-22,completed,181.79,1
O0011327,E0011327,C0400,P049,2026-05-22,completed,160.15,1
O0011328,E0011328,C0198,P055,2026-05-22,completed,333.66,1
O0011329,E0011329,C0357,P041,2026-05-22,completed,135.92,1
O0011330,E0011330,C0338,P038,2026-05-22,completed,746.12,1
O0011331,E0011331,C0400,P052,2026-05-22,completed,743.01,1
O0011332,E0011332,C0517,P057,2026-05-22,cancelled,371.19,1
O0011333,E0011333,C0469,P079,2026-05-22,completed,540.67,1
O0011334,E0011334,C0373,P013,2026-05-22,completed,777.53,1
O0011335,E0011335,C0318,P051,2026-05-22,completed,188.65,1
O0011336,E0011336,C0521,P051,2026-05-22,completed,112.42,1
O0011337,E0011337,C0585,P015,2026-05-22,completed,241.92,1
O0011338,E0011338,C0189,P053,2026-05-22,completed,191.2,1
O0011339,E0011339,C0319,P075,2026-05-22,completed,458.12,1
O0011340,E0011340,C0086,P026,2026-05-22,completed,781.47,1
O0011341,E0011341,C0292,P054,2026-05-22,completed,664.48,1
O0011342,E0011342,C0229,P058,2026-05-22,completed,357.71,1
O0011343,E0011343,C0055,P032,2026-05-22,completed,278.52,1
O0011344,E0011344,C0377,P069,2026-05-22,returned,24.7,1
O0011345,E0011345,C0337,P037,2026-05-22,completed,381.11,1
O0011346,E0011346,C0439,P071,2026-05-22,completed,215.25,1
O0011347,E0011347,C0403,P047,2026-05-22,returned,229.03,1
O0011348,E0011348,C0386,P066,2026-05-22,completed,855.95,1
O0011349,E0011349,C0401,P067,2026-05-22,completed,128.38,1
O0011350,E0011350,C0208,P055,2026-05-22,completed,451.78,1
O0011351,E0011351,C0415,P022,2026-05-22,returned,510.74,1
O0011352,E0011352,C0090,P019,2026-05-22,completed,358.25,1
O0011353,E0011353,C0446,P029,2026-05-22,completed,444.58,1
O0011354,E0011354,C0046,P059,2026-05-22,completed,88.01,1
O0011355,E0011355,C0168,P063,2026-05-22,returned,542.57,1
O0011356,E0011356,C0077,P025,2026-05-22,completed,782.93,1
O0011357,E0011357,C0122,P059,2026-05-22,completed,80.28,1
O0011358,E0011358,C0113,P033,2026-05-22,completed,607.39,1
O0011359,E0011359,C0348,P017,2026-05-22,completed,532.21,1
O0011360,E0011360,C0467,P058,2026-05-23,completed,244.3,1
O0011361,E0011361,C0099,P035,2026-05-23,completed,1095.23,1
O0011362,E0011362,C0490,P068,2026-05-23,completed,367.27,1
O0011363,E0011363,C0503,P010,2026-05-23,cancelled,209.24,1
O0011364,E0011364,C0404,P029,2026-05-23,completed,444.76,1
O0011365,E0011365,C0255,P054,2026-05-23,cancelled,252.36,1
O0011366,E0011366,C0557,P006,2026-05-23,completed,432.42,1
O0011367,E0011367,C0315,P050,2026-05-23,completed,169.1,1
O0011368,E0011368,C0066,P071,2026-05-23,cancelled,178.03,1
O0011369,E0011369,C0368,P025,2026-05-23,completed,726.0,1
O0011370,E0011370,C0265,P050,2026-05-23,completed,89.33,1
O0011371,E0011371,C0077,P038,2026-05-23,completed,747.94,1
O0011372,E0011372,C0207,P052,2026-05-23,completed,261.37,1
O0011373,E0011373,C0199,P001,2026-05-23,completed,322.79,1
O0011374,E0011374,C0298,P054,2026-05-23,completed,187.9,1
O0011375,E0011375,C0323,P066,2026-05-23,completed,228.16,1
O0011376,E0011376,C0369,P062,2026-05-23,returned,177.02,1
O0011377,E0011377,C0308,P033,2026-05-23,completed,421.87,1
O0011378,E0011378,C0552,P076,2026-05-23,completed,148.77,1
O0011379,E0011379,C0347,P077,2026-05-23,completed,461.19,1
O0011380,E0011380,C0345,P037,2026-05-23,completed,715.73,1
O0011381,E0011381,C0351,P070,2026-05-23,returned,80.42,1
O0011382,E0011382,C0128,P057,2026-05-23,returned,172.57,1
O0011383,E0011383,C0362,P077,2026-05-23,completed,670.99,1
O0011384,E0011384,C0377,P057,2026-05-23,completed,508.68,1
O0011385,E0011385,C0368,P052,2026-05-23,completed,206.15,1
O0011386,E0011386,C0449,P018,2026-05-23,completed,301.84,1
O0011387,E0011387,C0249,P075,2026-05-23,completed,898.28,1
O0011388,E0011388,C0406,P026,2026-05-23,cancelled,671.56,1
O0011389,E0011389,C0459,P032,2026-05-23,completed,778.02,1
O0011390,E0011390,C0249,P008,2026-05-23,completed,154.96,1
O0011391,E0011391,C0182,P027,2026-05-23,completed,422.2,1
O0011392,E0011392,C0269,P042,2026-05-23,completed,238.28,1
O0011393,E0011393,C0178,P025,2026-05-23,completed,216.34,1
O0011394,E0011394,C0225,P042,2026-05-23,completed,152.74,1
O0011395,E0011395,C0544,P069,2026-05-23,completed,47.09,1
O0011396,E0011396,C0035,P058,2026-05-23,completed,1018.94,1
O0011397,E0011397,C0239,P033,2026-05-23,completed,494.73,1
O0011398,E0011398,C0599,P016,2026-05-23,completed,687.2,1
O0011399,E0011399,C0042,P008,2026-05-23,completed,520.19,1
O0011400,E0011400,C0331,P074,2026-05-23,completed,158.71,1
O0011401,E0011401,C0073,P076,2026-05-23,completed,271.56,1
O0011402,E0011402,C0212,P015,2026-05-23,returned,281.33,1
O0011403,E0011403,C0018,P050,2026-05-23,completed,88.8,1
O0011404,E0011404,C0072,P011,2026-05-23,completed,81.61,1
O0011405,E0011405,C0164,P025,2026-05-23,completed,842.54,1
O0011406,E0011406,C0556,P065,2026-05-23,completed,49.01,1
O0011407,E0011407,C0030,P053,2026-05-23,completed,237.28,1
O0011408,E0011408,C0520,P035,2026-05-23,cancelled,360.74,1
O0011409,E0011409,C0282,P079,2026-05-23,completed,164.02,1
O0011410,E0011410,C0079,P038,2026-05-23,returned,236.57,1
O0011411,E0011411,C0599,P056,2026-05-23,completed,436.21,1
O0011412,E0011412,C0387,P010,2026-05-23,completed,560.14,1
O0011413,E0011413,C0271,P071,2026-05-23,completed,371.73,1
O0011414,E0011414,C0409,P049,2026-05-23,returned,219.75,1
O0011415,E0011415,C0500,P017,2026-05-23,completed,158.45,1
O0011416,E0011416,C0506,P061,2026-05-23,completed,1078.7,1
O0011417,E0011417,C0018,P056,2026-05-23,completed,567.54,1
O0011418,E0011418,C0032,P067,2026-05-23,completed,128.45,1
O0011419,E0011419,C0260,P035,2026-05-23,returned,772.19,1
O0011420,E0011420,C0261,P072,2026-05-23,completed,123.31,1
O0011421,E0011421,C0357,P013,2026-05-23,completed,210.4,1
O0011422,E0011422,C0524,P037,2026-05-23,completed,606.8,1
O0011423,E0011423,C0051,P066,2026-05-23,completed,1067.09,1
O0011424,E0011424,C0226,P069,2026-05-23,completed,82.46,1
O0011425,E0011425,C0385,P030,2026-05-23,completed,663.88,1
O0011426,E0011426,C0186,P055,2026-05-23,completed,529.99,1
O0011427,E0011427,C0344,P006,2026-05-23,completed,825.65,1
O0011428,E0011428,C0202,P068,2026-05-23,returned,491.63,1
O0011429,E0011429,C0376,P028,2026-05-23,completed,59.03,1
O0011430,E0011430,C0397,P053,2026-05-23,completed,98.14,1
O0011431,E0011431,C0568,P065,2026-05-23,completed,254.43,1
O0011432,E0011432,C0257,P045,2026-05-23,completed,750.48,1
O0011433,E0011433,C0269,P017,2026-05-23,completed,376.55,1
O0011434,E0011434,C0266,P014,2026-05-23,completed,56.91,1
O0011435,E0011435,C0101,P074,2026-05-23,completed,187.05,1
O0011436,E0011436,C0534,P006,2026-05-23,completed,1113.08,1
O0011437,E0011437,C0563,P077,2026-05-23,completed,268.72,1
O0011438,E0011438,C0065,P036,2026-05-23,completed,691.48,1
O0011439,E0011439,C0320,P014,2026-05-23,completed,88.08,1
O0011440,E0011440,C0133,P016,2026-05-24,completed,415.61,1
O0011441,E0011441,C0185,P023,2026-05-24,completed,79.92,1
O0011442,E0011442,C0556,P044,2026-05-24,returned,530.25,1
O0011443,E0011443,C0565,P054,2026-05-24,completed,573.66,1
O0011444,E0011444,C0029,P054,2026-05-24,completed,780.19,1
O0011445,E0011445,C0284,P019,2026-05-24,completed,244.82,1
O0011446,E0011446,C0495,P072,2026-05-24,completed,81.19,1
O0011447,E0011447,C0272,P074,2026-05-24,cancelled,306.08,1
O0011448,E0011448,C0526,P013,2026-05-24,completed,877.88,1
O0011449,E0011449,C0546,P021,2026-05-24,completed,294.2,1
O0011450,E0011450,C0113,P008,2026-05-24,completed,805.94,1
O0011451,E0011451,C0203,P048,2026-05-24,completed,245.31,1
O0011452,E0011452,C0156,P078,2026-05-24,completed,345.0,1
O0011453,E0011453,C0195,P063,2026-05-24,completed,346.66,1
O0011454,E0011454,C0106,P063,2026-05-24,returned,165.18,1
O0011455,E0011455,C0067,P018,2026-05-24,completed,712.05,1
O0011456,E0011456,C0453,P048,2026-05-24,completed,567.72,1
O0011457,E0011457,C0204,P016,2026-05-24,completed,535.76,1
O0011458,E0011458,C0524,P007,2026-05-24,completed,598.82,1
O0011459,E0011459,C0580,P051,2026-05-24,returned,32.41,1
O0011460,E0011460,C0038,P072,2026-05-24,completed,95.81,1
O0011461,E0011461,C0526,P017,2026-05-24,completed,220.62,1
O0011462,E0011462,C0289,P029,2026-05-24,completed,544.68,1
O0011463,E0011463,C0562,P028,2026-05-24,completed,159.84,1
O0011464,E0011464,C0258,P021,2026-05-24,completed,415.52,1
O0011465,E0011465,C0348,P079,2026-05-24,completed,646.35,1
O0011466,E0011466,C0419,P058,2026-05-24,completed,1002.91,1
O0011467,E0011467,C0134,P067,2026-05-24,completed,83.44,1
O0011468,E0011468,C0208,P040,2026-05-24,completed,41.09,1
O0011469,E0011469,C0311,P027,2026-05-24,completed,613.8,1
O0011470,E0011470,C0318,P007,2026-05-24,completed,493.25,1
O0011471,E0011471,C0025,P072,2026-05-24,completed,46.0,1
O0011472,E0011472,C0596,P038,2026-05-24,completed,681.41,1
O0011473,E0011473,C0520,P074,2026-05-24,cancelled,282.42,1
O0011474,E0011474,C0578,P033,2026-05-24,completed,398.33,1
O0011475,E0011475,C0152,P011,2026-05-24,completed,86.78,1
O0011476,E0011476,C0386,P066,2026-05-24,completed,177.05,1
O0011478,E0011478,C0259,P017,2026-05-24,returned,373.18,1
O0011479,E0011479,C0039,P029,2026-05-24,completed,302.91,1
O0011480,E0011480,C0431,P054,2026-05-24,returned,582.21,1
O0011481,E0011481,C0451,P064,2026-05-24,completed,23.21,1
O0011482,E0011482,C0374,P009,2026-05-24,completed,628.79,1
O0011483,E0011483,C0351,P046,2026-05-24,completed,319.01,1
O0011484,E0011484,C0096,P058,2026-05-24,completed,976.62,1
O0011485,E0011485,C0414,P061,2026-05-24,completed,543.52,1
O0011486,E0011486,C0560,P014,2026-05-24,completed,81.72,1
O0011487,E0011487,C0369,P065,2026-05-24,completed,64.16,1
O0011488,E0011488,C0143,P076,2026-05-24,completed,307.35,1
O0011489,E0011489,C0516,P078,2026-05-24,completed,194.44,1
O0011490,E0011490,C0353,P060,2026-05-24,completed,58.37,1
O0011491,E0011491,C0010,P052,2026-05-24,cancelled,250.52,1
O0011492,E0011492,C0585,P003,2026-05-24,completed,214.02,1
O0011493,E0011493,C0529,P038,2026-05-24,completed,990.21,1
O0011494,E0011494,C0005,P076,2026-05-24,completed,239.78,1
O0011495,E0011495,C0310,P070,2026-05-24,returned,84.13,1
O0011496,E0011496,C0301,P027,2026-05-24,completed,573.14,1
O0011497,E0011497,C0457,P028,2026-05-24,completed,142.96,1
O0011498,E0011498,C0484,P055,2026-05-24,completed,382.22,1
O0011499,E0011499,C0380,P012,2026-05-24,cancelled,134.84,1
O0011500,E0011500,C0132,P053,2026-05-24,returned,220.75,1
O0011501,E0011501,C0138,P050,2026-05-24,completed,388.48,1
O0011502,E0011502,C0105,P013,2026-05-24,cancelled,413.14,1
O0011503,E0011503,C0151,P066,2026-05-24,completed,219.86,1
O0011504,E0011504,C0084,P076,2026-05-24,completed,93.65,1
O0011505,E0011505,C0197,P003,2026-05-24,completed,672.74,1
O0011506,E0011506,C0439,P076,2026-05-24,completed,168.77,1
O0011507,E0011507,C0538,P064,2026-05-24,returned,120.69,1
O0011508,E0011508,C0305,P067,2026-05-24,completed,69.29,1
O0011509,E0011509,C0547,P080,2026-05-24,returned,181.49,1
O0011510,E0011510,C0153,P028,2026-05-24,completed,192.7,1
O0011511,E0011511,C0188,P017,2026-05-24,completed,336.38,1
O0011512,E0011512,C0543,P059,2026-05-24,completed,33.86,1
O0011513,E0011513,C0028,P007,2026-05-24,completed,430.8,1
O0011514,E0011514,C0197,P043,2026-05-24,completed,113.0,1
O0011515,E0011515,C0042,P038,2026-05-24,cancelled,1105.4,1
O0011516,E0011516,C0598,P062,2026-05-24,completed,125.38,1
O0011517,E0011517,C0101,P016,2026-05-24,completed,709.78,1
O0011518,E0011518,C0365,P071,2026-05-24,completed,784.04,1
O0011519,E0011519,C0283,P027,2026-05-24,completed,216.77,1
O0011520,E0011520,C0289,P041,2026-05-25,completed,419.9,1
O0011521,E0011521,C0466,P064,2026-05-25,completed,47.46,1
O0011522,E0011522,C0206,P022,2026-05-25,returned,539.9,1
O0011523,E0011523,C0124,P019,2026-05-25,completed,535.54,1
O0011524,E0011524,C0298,P021,2026-05-25,completed,159.52,1
O0011525,E0011525,C0062,P031,2026-05-25,completed,183.94,1
O0011526,E0011526,C0242,P013,2026-05-25,completed,873.03,1
O0011527,E0011527,C0018,P040,2026-05-25,completed,52.78,1
O0011528,E0011528,C0023,P074,2026-05-25,completed,350.56,1
O0011529,E0011529,C0276,P034,2026-05-25,completed,668.64,1
O0011530,E0011530,C0439,P074,2026-05-25,completed,174.64,1
O0011531,E0011531,C0270,P029,2026-05-25,returned,250.48,1
O0011532,E0011532,C0115,P009,2026-05-25,completed,448.69,1
O0011533,E0011533,C0292,P003,2026-05-25,completed,780.27,1
O0011534,E0011534,C0106,P042,2026-05-25,completed,483.29,1
O0011535,E0011535,C0249,P075,2026-05-25,completed,146.87,1
O0011536,E0011536,C0473,P043,2026-05-25,completed,85.94,1
O0011537,E0011537,C0060,P050,2026-05-25,completed,87.95,1
O0011538,E0011538,C0251,P077,2026-05-25,completed,807.23,1
O0011539,E0011539,C0269,P020,2026-05-25,completed,203.28,1
O0011540,E0011540,C0592,P072,2026-05-25,completed,117.34,1
O0011541,E0011541,C0372,P047,2026-05-25,completed,174.12,1
O0011542,E0011542,C0432,P038,2026-05-25,completed,283.52,1
O0011543,E0011543,C0533,P028,2026-05-25,completed,127.77,1
O0011544,E0011544,C0002,P031,2026-05-25,completed,994.16,1
O0011545,E0011545,C0565,P076,2026-05-25,completed,353.01,1
O0011546,E0011546,C0362,P018,2026-05-25,completed,816.89,1
O0011547,E0011547,C0192,P013,2026-05-25,completed,1167.35,1
O0011548,E0011548,C0485,P025,2026-05-25,completed,518.53,1
O0011549,E0011549,C0325,P071,2026-05-25,completed,814.57,1
O0011550,E0011550,C0007,P071,2026-05-25,completed,423.94,1
O0011551,E0011551,C0418,P080,2026-05-25,completed,36.29,1
O0011552,E0011552,C0500,P052,2026-05-25,completed,818.8,1
O0011553,E0011553,C0313,P079,2026-05-25,cancelled,142.16,1
O0011554,E0011554,C0413,P011,2026-05-25,completed,58.43,1
O0011555,E0011555,C0158,P066,2026-05-25,completed,576.25,1
O0011556,E0011556,C0166,P072,2026-05-25,completed,23.2,1
O0011557,E0011557,C0453,P056,2026-05-25,completed,240.57,1
O0011558,E0011558,C0354,P023,2026-05-25,completed,177.2,1
O0011559,E0011559,C0544,P068,2026-05-25,completed,551.48,1
O0011560,E0011560,C0153,P017,2026-05-25,completed,368.01,1
O0011561,E0011561,C0091,P042,2026-05-25,completed,114.02,1
O0011562,E0011562,C0017,P014,2026-05-25,returned,44.35,1
O0011563,E0011563,C0079,P028,2026-05-25,completed,70.75,1
O0011564,E0011564,C0426,P019,2026-05-25,completed,248.34,1
O0011565,E0011565,C0033,P017,2026-05-25,returned,162.28,1
O0011566,E0011566,C0357,P035,2026-05-25,completed,273.76,1
O0011567,E0011567,C0069,P007,2026-05-25,completed,187.89,1
O0011568,E0011568,C0127,P060,2026-05-25,completed,187.46,1
O0011569,E0011569,C0024,P009,2026-05-25,completed,710.94,1
O0011570,E0011570,C0062,P039,2026-05-25,completed,117.19,1
O0011571,E0011571,C0340,P010,2026-05-25,completed,802.16,1
O0011572,E0011572,C0200,P067,2026-05-25,completed,33.65,1
O0011573,E0011573,C0450,P008,2026-05-25,completed,148.39,1
O0011574,E0011574,C0505,P076,2026-05-25,completed,159.14,1
O0011575,E0011575,C0114,P014,2026-05-25,completed,43.33,1
O0011576,E0011576,C0507,P016,2026-05-25,completed,238.89,1
O0011577,E0011577,C0303,P053,2026-05-25,completed,207.88,1
O0011578,E0011578,C0479,P031,2026-05-25,completed,457.2,1
O0011579,E0011579,C0485,P030,2026-05-25,cancelled,669.04,1
O0011580,E0011580,C0198,P080,2026-05-25,completed,80.43,1
O0011581,E0011581,C0496,P040,2026-05-25,completed,12.9,1
O0011582,E0011582,C0277,P025,2026-05-25,completed,685.53,1
O0011583,E0011583,C0541,P005,2026-05-25,cancelled,109.08,1
O0011584,E0011584,C0359,P065,2026-05-25,completed,136.86,1
O0011585,E0011585,C0463,P061,2026-05-25,completed,1113.35,1
O0011586,E0011586,C0473,P061,2026-05-25,completed,538.58,1
O0011587,E0011587,C0035,P008,2026-05-25,completed,185.13,1
O0011588,E0011588,C0485,P023,2026-05-25,completed,64.7,1
O0011589,E0011589,C0513,P045,2026-05-25,completed,415.39,1
O0011590,E0011590,C0010,P042,2026-05-25,completed,176.02,1
O0011591,E0011591,C0120,P060,2026-05-25,returned,267.24,1
O0011592,E0011592,C0252,P055,2026-05-25,completed,346.31,1
O0011593,E0011593,C0305,P060,2026-05-25,completed,197.87,1
O0011594,E0011594,C0269,P013,2026-05-25,completed,567.6,1
O0011595,E0011595,C0179,P053,2026-05-25,completed,340.27,1
O0011596,E0011596,C0234,P028,2026-05-25,completed,54.34,1
O0011597,E0011597,C0082,P030,2026-05-25,completed,716.76,1
O0011598,E0011598,C0474,P044,2026-05-25,returned,247.08,1
O0011599,E0011599,C0379,P061,2026-05-25,cancelled,443.95,1
O0011600,E0011600,C0121,P080,2026-05-26,completed,199.3,1
O0011601,E0011601,C0120,P051,2026-05-26,completed,31.84,1
O0011602,E0011602,C0473,P064,2026-05-26,completed,86.6,1
O0011603,E0011603,C0060,P068,2026-05-26,completed,326.91,1
O0011604,E0011604,C0145,P008,2026-05-26,returned,658.37,1
O0011605,E0011605,C0006,P041,2026-05-26,completed,91.09,1
O0011606,E0011606,C0600,P054,2026-05-26,returned,174.35,1
O0011607,E0011607,C0004,P035,2026-05-26,completed,868.61,1
O0011608,E0011608,C0373,P001,2026-05-26,completed,241.55,1
O0011609,E0011609,C0203,P048,2026-05-26,completed,745.6,1
O0011610,E0011610,C0270,P072,2026-05-26,completed,28.21,1
O0011611,E0011611,C0124,P015,2026-05-26,completed,190.9,1
O0011612,E0011612,C0511,P014,2026-05-26,completed,45.76,1
O0011613,E0011613,C0337,P057,2026-05-26,completed,156.5,1
O0011614,E0011614,C0119,P029,2026-05-26,completed,113.65,1
O0011615,E0011615,C0289,P076,2026-05-26,completed,249.66,1
O0011616,E0011616,C0047,P003,2026-05-26,completed,607.27,1
O0011617,E0011617,C0278,P027,2026-05-26,completed,615.76,1
O0011618,E0011618,C0367,P063,2026-05-26,completed,503.38,1
O0011619,E0011619,C0011,P028,2026-05-26,completed,47.58,1
O0011620,E0011620,C0447,P033,2026-05-26,completed,314.81,1
O0011621,E0011621,C0148,P019,2026-05-26,completed,120.34,1
O0011622,E0011622,C0178,P014,2026-05-26,returned,84.83,1
O0011623,E0011623,C0484,P062,2026-05-26,completed,155.68,1
O0011624,E0011624,C0107,P047,2026-05-26,completed,867.55,1
O0011625,E0011625,C0145,P065,2026-05-26,completed,235.29,1
O0011626,E0011626,C0251,P003,2026-05-26,completed,835.44,1
O0011627,E0011627,C0152,P044,2026-05-26,returned,360.65,1
O0011628,E0011628,C0009,P027,2026-05-26,completed,168.25,1
O0011629,E0011629,C0081,P072,2026-05-26,completed,57.83,1
O0011630,E0011630,C0202,P043,2026-05-26,completed,30.26,1
O0011631,E0011631,C0370,P053,2026-05-26,completed,329.32,1
O0011632,E0011632,C0477,P065,2026-05-26,completed,127.31,1
O0011633,E0011633,C0080,P049,2026-05-26,cancelled,173.17,1
O0011634,E0011634,C0353,P046,2026-05-26,completed,502.7,1
O0011635,E0011635,C0549,P034,2026-05-26,completed,816.26,1
O0011636,E0011636,C0277,P054,2026-05-26,completed,259.9,1
O0011637,E0011637,C0530,P035,2026-05-26,completed,410.61,1
O0011638,E0011638,C0058,P043,2026-05-26,completed,44.17,1
O0011639,E0011639,C0387,P059,2026-05-26,completed,83.32,1
O0011640,E0011640,C0520,P032,2026-05-26,completed,479.11,1
O0011641,E0011641,C0063,P069,2026-05-26,completed,50.38,1
O0011642,E0011642,C0337,P060,2026-05-26,cancelled,214.67,1
O0011643,E0011643,C0136,P038,2026-05-26,completed,176.75,1
O0011644,E0011644,C0140,P077,2026-05-26,completed,951.86,1
O0011645,E0011645,C0225,P034,2026-05-26,completed,189.05,1
O0011646,E0011646,C0045,P069,2026-05-26,completed,106.57,1
O0011647,E0011647,C0135,P029,2026-05-26,completed,584.25,1
O0011648,E0011648,C0505,P047,2026-05-26,completed,781.51,1
O0011649,E0011649,C0138,P070,2026-05-26,returned,230.98,1
O0011650,E0011650,C0420,P059,2026-05-26,completed,48.32,1
O0011651,E0011651,C0034,P056,2026-05-26,completed,612.1,1
O0011652,E0011652,C0064,P024,2026-05-26,completed,24.36,1
O0011653,E0011653,C0435,P057,2026-05-26,completed,484.73,1
O0011654,E0011654,C0081,P047,2026-05-26,completed,532.86,1
O0011655,E0011655,C0443,P021,2026-05-26,completed,626.78,1
O0011656,E0011656,C0125,P039,2026-05-26,completed,63.0,1
O0011657,E0011657,C0254,P032,2026-05-26,cancelled,282.38,1
O0011658,E0011658,C0173,P049,2026-05-26,completed,39.5,1
O0011659,E0011659,C0181,P065,2026-05-26,completed,219.58,1
O0011660,E0011660,C0221,P003,2026-05-26,completed,261.25,1
O0011661,E0011661,C0417,P004,2026-05-26,completed,474.69,1
O0011662,E0011662,C0145,P067,2026-05-26,completed,106.87,1
O0011663,E0011663,C0304,P072,2026-05-26,completed,86.01,1
O0011664,E0011664,C0118,P025,2026-05-26,completed,641.38,1
O0011665,E0011665,C0278,P074,2026-05-26,returned,317.74,1
O0011666,E0011666,C0412,P056,2026-05-26,completed,839.37,1
O0011667,E0011667,C0490,P034,2026-05-26,completed,215.17,1
O0011668,E0011668,C0279,P015,2026-05-26,completed,213.39,1
O0011669,E0011669,C0219,P024,2026-05-26,completed,86.74,1
O0011670,E0011670,C0318,P023,2026-05-26,completed,64.98,1
O0011671,E0011671,C0278,P075,2026-05-26,completed,693.23,1
O0011672,E0011672,C0091,P015,2026-05-26,completed,117.58,1
O0011673,E0011673,C0277,P072,2026-05-26,completed,45.55,1
O0011674,E0011674,C0402,P032,2026-05-26,completed,966.26,1
O0011675,E0011675,C0592,P062,2026-05-26,cancelled,61.57,1
O0011676,E0011676,C0372,P071,2026-05-26,completed,233.16,1
O0011677,E0011677,C0526,P068,2026-05-26,completed,387.59,1
O0011678,E0011678,C0069,P036,2026-05-26,completed,165.24,1
O0011679,E0011679,C0411,P068,2026-05-26,completed,548.64,1
O0011680,E0011680,C0220,P006,2026-05-27,completed,906.67,1
O0011681,E0011681,C0406,P034,2026-05-27,completed,195.09,1
O0011682,E0011682,C0173,P064,2026-05-27,completed,130.75,1
O0011683,E0011683,C0403,P072,2026-05-27,completed,59.67,1
O0011684,E0011684,C0400,P052,2026-05-27,completed,501.79,1
O0011685,E0011685,C0115,P079,2026-05-27,completed,148.74,1
O0011686,E0011686,C0009,P045,2026-05-27,cancelled,252.01,1
O0011687,E0011687,C0334,P059,2026-05-27,completed,32.52,1
O0011688,E0011688,C0498,P071,2026-05-27,completed,615.29,1
O0011689,E0011689,C0199,P010,2026-05-27,completed,527.76,1
O0011690,E0011690,C0173,P067,2026-05-27,completed,82.05,1
O0011691,E0011691,C0083,P016,2026-05-27,returned,251.12,1
O0011692,E0011692,C0057,P071,2026-05-27,cancelled,170.32,1
O0011693,E0011693,C0169,P064,2026-05-27,completed,121.72,1
O0011694,E0011694,C0394,P033,2026-05-27,completed,881.08,1
O0011695,E0011695,C0286,P028,2026-05-27,completed,115.86,1
O0011696,E0011696,C0162,P019,2026-05-27,completed,297.0,1
O0011697,E0011697,C0251,P055,2026-05-27,completed,287.91,1
O0011698,E0011698,C0046,P040,2026-05-27,completed,56.16,1
O0011699,E0011699,C0339,P028,2026-05-27,completed,195.95,1
O0011700,E0011700,C0541,P013,2026-05-27,completed,839.12,1
O0011701,E0011701,C0468,P040,2026-05-27,completed,18.08,1
O0011702,E0011702,C0528,P004,2026-05-27,completed,246.82,1
O0011703,E0011703,C0296,P011,2026-05-27,completed,77.7,1
O0011704,E0011704,C0448,P019,2026-05-27,completed,343.71,1
O0011705,E0011705,C0141,P046,2026-05-27,completed,316.71,1
O0011706,E0011706,C0502,P066,2026-05-27,completed,353.14,1
O0011707,E0011707,C0181,P034,2026-05-27,completed,151.7,1
O0011708,E0011708,C0085,P030,2026-05-27,completed,582.59,1
O0011709,E0011709,C0291,P045,2026-05-27,completed,740.43,1
O0011710,E0011710,C0228,P040,2026-05-27,completed,82.52,1
O0011711,E0011711,C0210,P019,2026-05-27,completed,255.67,1
O0011712,E0011712,C0381,P033,2026-05-27,completed,467.41,1
O0011713,E0011713,C0505,P058,2026-05-27,completed,522.47,1
O0011714,E0011714,C0079,P044,2026-05-27,completed,291.5,1
O0011715,E0011715,C0259,P050,2026-05-27,completed,268.09,1
O0011716,E0011716,C0361,P049,2026-05-27,completed,189.63,1
O0011717,E0011717,C0096,P057,2026-05-27,completed,794.31,1
O0011718,E0011718,C0236,P080,2026-05-27,completed,92.55,1
O0011719,E0011719,C0345,P029,2026-05-27,completed,378.57,1
O0011720,E0011720,C0116,P016,2026-05-27,completed,734.5,1
O0011721,E0011721,C0086,P008,2026-05-27,completed,444.32,1
O0011722,E0011722,C0025,P030,2026-05-27,completed,460.47,1
O0011723,E0011723,C0234,P017,2026-05-27,completed,644.57,1
O0011724,E0011724,C0041,P070,2026-05-27,cancelled,317.99,1
O0011725,E0011725,C0432,P051,2026-05-27,completed,168.31,1
O0011726,E0011726,C0291,P001,2026-05-27,completed,361.76,1
O0011727,E0011727,C0321,P070,2026-05-27,completed,238.12,1
O0011728,E0011728,C0588,P072,2026-05-27,returned,90.12,1
O0011729,E0011729,C0596,P011,2026-05-27,completed,87.07,1
O0011730,E0011730,C0583,P027,2026-05-27,completed,154.89,1
O0011731,E0011731,C0398,P019,2026-05-27,returned,281.18,1
O0011732,E0011732,C0129,P038,2026-05-27,completed,514.35,1
O0011733,E0011733,C0406,P011,2026-05-27,completed,41.52,1
O0011734,E0011734,C0402,P042,2026-05-27,completed,248.88,1
O0011735,E0011735,C0390,P078,2026-05-27,completed,625.15,1
O0011736,E0011736,C0301,P015,2026-05-27,cancelled,277.97,1
O0011737,E0011737,C0197,P033,2026-05-27,returned,412.9,1
O0011738,E0011738,C0575,P054,2026-05-27,completed,788.09,1
O0011739,E0011739,C0004,P056,2026-05-27,completed,167.5,1
O0011740,E0011740,C0042,P059,2026-05-27,completed,71.45,1
O0011741,E0011741,C0195,P002,2026-05-27,completed,350.82,1
O0011742,E0011742,C0471,P073,2026-05-27,completed,475.34,1
O0011743,E0011743,C0218,P016,2026-05-27,returned,754.28,1
O0011744,E0011744,C0104,P067,2026-05-27,completed,73.48,1
O0011745,E0011745,C0166,P021,2026-05-27,completed,352.6,1
O0011746,E0011746,C0035,P019,2026-05-27,completed,576.98,1
O0011747,E0011747,C0152,P011,2026-05-27,completed,183.31,1
O0011748,E0011748,C0071,P072,2026-05-27,completed,70.23,1
O0011749,E0011749,C0006,P013,2026-05-27,completed,288.3,1
O0011750,E0011750,C0528,P054,2026-05-27,cancelled,764.7,1
O0011751,E0011751,C0035,P073,2026-05-27,completed,225.61,1
O0011752,E0011752,C0437,P057,2026-05-27,completed,973.19,1
O0011753,E0011753,C0343,P031,2026-05-27,completed,511.97,1
O0011754,E0011754,C0143,P010,2026-05-27,completed,833.85,1
O0011755,E0011755,C0169,P028,2026-05-27,completed,130.74,1
O0011756,E0011756,C0355,P011,2026-05-27,completed,87.9,1
O0011757,E0011757,C0234,P062,2026-05-27,returned,82.28,1
O0011758,E0011758,C0041,P017,2026-05-27,cancelled,589.65,1
O0011759,E0011759,C0527,P035,2026-05-27,returned,792.08,1
O0011760,E0011760,C0596,P011,2026-05-28,completed,135.0,1
O0011761,E0011761,C0408,P028,2026-05-28,cancelled,45.1,1
O0011762,E0011762,C0229,P056,2026-05-28,completed,838.89,1
O0011763,E0011763,C0156,P004,2026-05-28,returned,370.74,1
O0011764,E0011764,C0413,P041,2026-05-28,completed,236.23,1
O0011765,E0011765,C0217,P077,2026-05-28,completed,271.09,1
O0011766,E0011766,C0148,P066,2026-05-28,completed,231.38,1
O0011767,E0011767,C0178,P042,2026-05-28,completed,297.06,1
O0011768,E0011768,C0543,P027,2026-05-28,returned,475.43,1
O0011769,E0011769,C0135,P018,2026-05-28,completed,460.44,1
O0011770,E0011770,C0310,P038,2026-05-28,returned,762.47,1
O0011771,E0011771,C0197,P003,2026-05-28,completed,458.19,1
O0011772,E0011772,C0449,P001,2026-05-28,completed,404.54,1
O0011773,E0011773,C0155,P054,2026-05-28,completed,184.5,1
O0011774,E0011774,C0128,P016,2026-05-28,completed,382.16,1
O0011775,E0011775,C0581,P070,2026-05-28,completed,168.3,1
O0011776,E0011776,C0268,P032,2026-05-28,completed,894.59,1
O0011777,E0011777,C0402,P056,2026-05-28,returned,326.74,1
O0011778,E0011778,C0114,P072,2026-05-28,completed,96.95,1
O0011779,E0011779,C0118,P014,2026-05-28,completed,87.49,1
O0011780,E0011780,C0565,P036,2026-05-28,completed,835.09,1
O0011781,E0011781,C0578,P075,2026-05-28,completed,735.65,1
O0011782,E0011782,C0188,P056,2026-05-28,completed,230.01,1
O0011783,E0011783,C0421,P021,2026-05-28,completed,554.03,1
O0011784,E0011784,C0298,P036,2026-05-28,cancelled,560.06,1
O0011785,E0011785,C0464,P041,2026-05-28,completed,305.03,1
O0011786,E0011786,C0197,P072,2026-05-28,cancelled,22.74,1
O0011787,E0011787,C0535,P050,2026-05-28,completed,153.18,1
O0011788,E0011788,C0048,P031,2026-05-28,completed,473.5,1
O0011789,E0011789,C0163,P054,2026-05-28,completed,428.99,1
O0011790,E0011790,C0138,P064,2026-05-28,completed,133.32,1
O0011791,E0011791,C0049,P064,2026-05-28,completed,27.83,1
O0011792,E0011792,C0050,P007,2026-05-28,completed,279.75,1
O0011793,E0011793,C0095,P063,2026-05-28,completed,157.5,1
O0011794,E0011794,C0253,P012,2026-05-28,completed,334.84,1
O0011795,E0011795,C0380,P070,2026-05-28,completed,239.05,1
O0011796,E0011796,C0498,P002,2026-05-28,returned,225.67,1
O0011797,E0011797,C0548,P072,2026-05-28,completed,27.42,1
O0011798,E0011798,C0399,P037,2026-05-28,completed,843.3,1
O0011799,E0011799,C0034,P049,2026-05-28,completed,109.72,1
O0011800,E0011800,C0136,P054,2026-05-28,completed,156.25,1
O0011801,E0011801,C0202,P041,2026-05-28,returned,408.2,1
O0011802,E0011802,C0311,P005,2026-05-28,completed,34.22,1
O0011803,E0011803,C0542,P047,2026-05-28,completed,893.17,1
O0011804,E0011804,C0278,P008,2026-05-28,completed,388.05,1
O0011805,E0011805,C0349,P045,2026-05-28,completed,466.21,1
O0011806,E0011806,C0191,P061,2026-05-28,completed,244.87,1
O0011807,E0011807,C0220,P042,2026-05-28,completed,350.3,1
O0011808,E0011808,C0506,P006,2026-05-28,cancelled,393.98,1
O0011809,E0011809,C0033,P008,2026-05-28,completed,770.11,1
O0011810,E0011810,C0550,P032,2026-05-28,completed,1096.54,1
O0011811,E0011811,C0446,P031,2026-05-28,completed,1012.52,1
O0011812,E0011812,C0442,P058,2026-05-28,completed,692.15,1
O0011813,E0011813,C0067,P006,2026-05-28,completed,490.77,1
O0011814,E0011814,C0275,P075,2026-05-28,completed,700.96,1
O0011815,E0011815,C0373,P078,2026-05-28,completed,206.47,1
O0011816,E0011816,C0427,P006,2026-05-28,completed,483.61,1
O0011817,E0011817,C0457,P023,2026-05-28,completed,228.22,1
O0011818,E0011818,C0354,P039,2026-05-28,returned,82.82,1
O0011819,E0011819,C0445,P006,2026-05-28,completed,285.34,1
O0011820,E0011820,C0597,P004,2026-05-28,completed,188.71,1
O0011821,E0011821,C0427,P012,2026-05-28,completed,133.96,1
O0011822,E0011822,C0255,P028,2026-05-28,completed,140.98,1
O0011823,E0011823,C0547,P026,2026-05-28,completed,495.65,1
O0011824,E0011824,C0264,P035,2026-05-28,completed,784.17,1
O0011825,E0011825,C0415,P035,2026-05-28,completed,260.33,1
O0011826,E0011826,C0337,P075,2026-05-28,cancelled,183.02,1
O0011827,E0011827,C0336,P021,2026-05-28,completed,146.46,1
O0011828,E0011828,C0019,P079,2026-05-28,completed,465.86,1
O0011829,E0011829,C0450,P063,2026-05-28,completed,141.38,1
O0011830,E0011830,C0556,P079,2026-05-28,cancelled,126.06,1
O0011831,E0011831,C0032,P018,2026-05-28,completed,876.41,1
O0011832,E0011832,C0272,P079,2026-05-28,completed,272.93,1
O0011833,E0011833,C0320,P071,2026-05-28,completed,208.1,1
O0011834,E0011834,C0338,P007,2026-05-28,cancelled,624.42,1
O0011835,E0011835,C0116,P003,2026-05-28,completed,462.79,1
O0011836,E0011836,C0311,P073,2026-05-28,completed,613.65,1
O0011837,E0011837,C0030,P057,2026-05-28,completed,731.07,1
O0011838,E0011838,C0447,P052,2026-05-28,completed,508.79,1
O0011839,E0011839,C0066,P018,2026-05-28,completed,694.88,1
O0011840,E0011840,C0514,P048,2026-05-29,completed,362.37,1
O0011841,E0011841,C0184,P004,2026-05-29,completed,771.55,1
O0011842,E0011842,C0512,P020,2026-05-29,completed,225.55,1
O0011843,E0011843,C0216,P050,2026-05-29,completed,82.73,1
O0011844,E0011844,C0282,P068,2026-05-29,completed,140.84,1
O0011845,E0011845,C0044,P049,2026-05-29,completed,41.51,1
O0011846,E0011846,C0096,P018,2026-05-29,returned,366.56,1
O0011847,E0011847,C0185,P014,2026-05-29,completed,15.09,1
O0011848,E0011848,C0070,P006,2026-05-29,cancelled,654.76,1
O0011849,E0011849,C0385,P026,2026-05-29,cancelled,462.74,1
O0011850,E0011850,C0600,P027,2026-05-29,completed,472.74,1
O0011851,E0011851,C0346,P055,2026-05-29,completed,292.46,1
O0011852,E0011852,C0558,P017,2026-05-29,completed,417.86,1
O0011853,E0011853,C0125,P021,2026-05-29,completed,366.92,1
O0011854,E0011854,C0082,P040,2026-05-29,returned,19.47,1
O0011855,E0011855,C0009,P040,2026-05-29,completed,79.24,1
O0011856,E0011856,C0081,P080,2026-05-29,completed,93.95,1
O0011857,E0011857,C0236,P023,2026-05-29,completed,267.63,1
O0011858,E0011858,C0527,P044,2026-05-29,returned,217.43,1
O0011859,E0011859,C0578,P045,2026-05-29,completed,350.68,1
O0011860,E0011860,C0207,P069,2026-05-29,completed,75.64,1
O0011861,E0011861,C0270,P001,2026-05-29,completed,121.04,1
O0011862,E0011862,C0223,P058,2026-05-29,completed,804.9,1
O0011863,E0011863,C0546,P001,2026-05-29,completed,92.4,1
O0011864,E0011864,C0152,P063,2026-05-29,completed,307.09,1
O0011865,E0011865,C0118,P074,2026-05-29,completed,77.95,1
O0011866,E0011866,C0426,P023,2026-05-29,completed,99.74,1
O0011867,E0011867,C0532,P005,2026-05-29,returned,59.34,1
O0011868,E0011868,C0466,P074,2026-05-29,completed,81.85,1
O0011869,E0011869,C0442,P020,2026-05-29,completed,75.6,1
O0011870,E0011870,C0371,P045,2026-05-29,completed,943.47,1
O0011871,E0011871,C0052,P048,2026-05-29,completed,194.92,1
O0011872,E0011872,C0422,P020,2026-05-29,completed,74.25,1
O0011873,E0011873,C0240,P059,2026-05-29,completed,61.57,1
O0011874,E0011874,C0216,P079,2026-05-29,completed,583.96,1
O0011875,E0011875,C0097,P012,2026-05-29,completed,602.41,1
O0011876,E0011876,C0286,P010,2026-05-29,completed,247.99,1
O0011877,E0011877,C0591,P023,2026-05-29,completed,203.77,1
O0011878,E0011878,C0303,P073,2026-05-29,returned,114.54,1
O0011879,E0011879,C0423,P036,2026-05-29,completed,459.91,1
O0011880,E0011880,C0418,P071,2026-05-29,completed,181.34,1
O0011881,E0011881,C0475,P053,2026-05-29,completed,247.85,1
O0011882,E0011882,C0062,P007,2026-05-29,completed,243.09,1
O0011883,E0011883,C0412,P061,2026-05-29,completed,929.62,1
O0011884,E0011884,C0345,P046,2026-05-29,completed,181.56,1
O0011885,E0011885,C0071,P062,2026-05-29,completed,84.5,1
O0011886,E0011886,C0476,P030,2026-05-29,completed,229.31,1
O0011887,E0011887,C0489,P064,2026-05-29,cancelled,64.84,1
O0011888,E0011888,C0408,P063,2026-05-29,completed,157.29,1
O0011889,E0011889,C0121,P045,2026-05-29,completed,380.05,1
O0011890,E0011890,C0111,P047,2026-05-29,completed,261.64,1
O0011891,E0011891,C0536,P080,2026-05-29,completed,131.19,1
O0011892,E0011892,C0001,P056,2026-05-29,completed,230.67,1
O0011893,E0011893,C0088,P042,2026-05-29,returned,449.99,1
O0011894,E0011894,C0350,P076,2026-05-29,completed,180.13,1
O0011895,E0011895,C0386,P075,2026-05-29,completed,565.18,1
O0011896,E0011896,C0283,P067,2026-05-29,completed,93.93,1
O0011897,E0011897,C0394,P051,2026-05-29,completed,129.79,1
O0011898,E0011898,C0010,P025,2026-05-29,returned,196.57,1
O0011899,E0011899,C0490,P057,2026-05-29,completed,516.11,1
O0011900,E0011900,C0467,P005,2026-05-29,completed,27.78,1
O0011901,E0011901,C0421,P070,2026-05-29,completed,153.91,1
O0011902,E0011902,C0271,P038,2026-05-29,completed,1015.66,1
O0011903,E0011903,C0069,P046,2026-05-29,cancelled,310.12,1
O0011904,E0011904,C0573,P006,2026-05-29,returned,1158.52,1
O0011905,E0011905,C0327,P057,2026-05-29,completed,968.11,1
O0011906,E0011906,C0181,P010,2026-05-29,completed,248.54,1
O0011907,E0011907,C0354,P045,2026-05-29,completed,710.09,1
O0011908,E0011908,C0463,P078,2026-05-29,completed,596.71,1
O0011909,E0011909,C0565,P002,2026-05-29,completed,419.39,1
O0011910,E0011910,C0592,P053,2026-05-29,completed,290.63,1
O0011911,E0011911,C0339,P022,2026-05-29,completed,389.48,1
O0011912,E0011912,C0281,P022,2026-05-29,returned,263.96,1
O0011913,E0011913,C0140,P018,2026-05-29,completed,229.73,1
O0011914,E0011914,C0321,P075,2026-05-29,completed,200.91,1
O0011915,E0011915,C0586,P014,2026-05-29,completed,42.96,1
O0011916,E0011916,C0064,P015,2026-05-29,completed,62.11,1
O0011917,E0011917,C0267,P073,2026-05-29,completed,477.3,1
O0011918,E0011918,C0144,P013,2026-05-29,completed,567.7,1
O0011919,E0011919,C0437,P073,2026-05-29,completed,117.64,1
O0011920,E0011920,C0066,P058,2026-05-30,completed,768.9,1
O0011921,E0011921,C0469,P054,2026-05-30,completed,517.4,1
O0011922,E0011922,C0484,P072,2026-05-30,completed,57.0,1
O0011923,E0011923,C0473,P050,2026-05-30,completed,70.69,1
O0011924,E0011924,C0568,P016,2026-05-30,returned,968.14,1
O0011925,E0011925,C0496,P010,2026-05-30,completed,520.67,1
O0011926,E0011926,C0403,P004,2026-05-30,completed,512.07,1
O0011927,E0011927,C0375,P023,2026-05-30,completed,301.41,1
O0011928,E0011928,C0526,P057,2026-05-30,returned,514.44,1
O0011929,E0011929,C0375,P059,2026-05-30,completed,33.75,1
O0011930,E0011930,C0281,P079,2026-05-30,completed,666.56,1
O0011931,E0011931,C0230,P053,2026-05-30,completed,361.76,1
O0011932,E0011932,C0396,P027,2026-05-30,completed,553.34,1
O0011933,E0011933,C0149,P026,2026-05-30,completed,371.02,1
O0011934,E0011934,C0530,P005,2026-05-30,completed,37.0,1
O0011935,E0011935,C0035,P050,2026-05-30,completed,265.54,1
O0011936,E0011936,C0112,P018,2026-05-30,completed,212.13,1
O0011937,E0011937,C0500,P062,2026-05-30,completed,37.66,1
O0011938,E0011938,C0571,P078,2026-05-30,returned,589.42,1
O0011939,E0011939,C0463,P041,2026-05-30,returned,569.04,1
O0011940,E0011940,C0506,P014,2026-05-30,completed,41.16,1
O0011941,E0011941,C0436,P002,2026-05-30,completed,259.03,1
O0011942,E0011942,C0256,P031,2026-05-30,completed,794.04,1
O0011943,E0011943,C0519,P021,2026-05-30,completed,261.81,1
O0011944,E0011944,C0107,P075,2026-05-30,completed,186.66,1
O0011945,E0011945,C0397,P011,2026-05-30,completed,148.37,1
O0011946,E0011946,C0593,P077,2026-05-30,completed,230.5,1
O0011947,E0011947,C0537,P076,2026-05-30,cancelled,293.52,1
O0011948,E0011948,C0278,P049,2026-05-30,completed,42.42,1
O0011949,E0011949,C0595,P056,2026-05-30,completed,539.06,1
O0011950,E0011950,C0114,P006,2026-05-30,completed,407.41,1
O0011951,E0011951,C0088,P018,2026-05-30,completed,405.0,1
O0011952,E0011952,C0020,P046,2026-05-30,completed,671.94,1
O0011953,E0011953,C0440,P052,2026-05-30,completed,208.57,1
O0011954,E0011954,C0568,P027,2026-05-30,completed,441.81,1
O0011955,E0011955,C0095,P034,2026-05-30,completed,771.98,1
O0011956,E0011956,C0308,P058,2026-05-30,completed,603.24,1
O0011957,E0011957,C0018,P045,2026-05-30,returned,468.93,1
O0011958,E0011958,C0255,P014,2026-05-30,completed,69.85,1
O0011959,E0011959,C0496,P002,2026-05-30,completed,415.52,1
O0011960,E0011960,C0505,P047,2026-05-30,completed,508.75,1
O0011961,E0011961,C0519,P013,2026-05-30,cancelled,590.74,1
O0011962,E0011962,C0504,P028,2026-05-30,completed,60.4,1
O0011963,E0011963,C0163,P075,2026-05-30,completed,572.11,1
O0011964,E0011964,C0401,P041,2026-05-30,completed,275.89,1
O0011965,E0011965,C0541,P001,2026-05-30,completed,186.36,1
O0011966,E0011966,C0196,P020,2026-05-30,completed,171.88,1
O0011967,E0011967,C0439,P073,2026-05-30,completed,636.15,1
O0011968,E0011968,C0315,P060,2026-05-30,completed,284.8,1
O0011969,E0011969,C0217,P056,2026-05-30,completed,957.54,1
O0011970,E0011970,C0349,P012,2026-05-30,completed,234.84,1
O0011971,E0011971,C0246,P018,2026-05-30,completed,593.1,1
O0011972,E0011972,C0146,P005,2026-05-30,cancelled,118.3,1
O0011973,E0011973,C0535,P063,2026-05-30,completed,361.22,1
O0011974,E0011974,C0235,P004,2026-05-30,completed,204.04,1
O0011975,E0011975,C0158,P003,2026-05-30,completed,204.52,1
O0011977,E0011977,C0078,P046,2026-05-30,returned,122.02,1
O0011978,E0011978,C0060,P034,2026-05-30,completed,149.7,1
O0011979,E0011979,C0002,P055,2026-05-30,completed,511.23,1
O0011980,E0011980,C0441,P052,2026-05-30,completed,461.88,1
O0011981,E0011981,C0215,P030,2026-05-30,completed,464.83,1
O0011982,E0011982,C0494,P024,2026-05-30,completed,32.44,1
O0011983,E0011983,C0291,P036,2026-05-30,returned,442.1,1
O0011984,E0011984,C0463,P008,2026-05-30,completed,366.86,1
O0011985,E0011985,C0538,P043,2026-05-30,completed,139.65,1
O0011986,E0011986,C0483,P007,2026-05-30,completed,135.82,1
O0011987,E0011987,C0043,P009,2026-05-30,completed,560.58,1
O0011988,E0011988,C0382,P003,2026-05-30,completed,260.09,1
O0011989,E0011989,C0294,P050,2026-05-30,completed,149.8,1
O0011990,E0011990,C0102,P003,2026-05-30,completed,644.58,1
O0011991,E0011991,C0504,P048,2026-05-30,cancelled,369.24,1
O0011992,E0011992,C0587,P034,2026-05-30,completed,365.53,1
O0011993,E0011993,C0319,P013,2026-05-30,completed,1077.95,1
O0011994,E0011994,C0201,P036,2026-05-30,completed,435.38,1
O0011995,E0011995,C0437,P047,2026-05-30,completed,199.57,1
O0011996,E0011996,C0438,P007,2026-05-30,completed,344.75,1
O0011997,E0011997,C0431,P043,2026-05-30,returned,73.04,1
O0011998,E0011998,C0475,P018,2026-05-30,completed,219.14,1
O0011999,E0011999,C0536,P070,2026-05-30,cancelled,162.85,1
